timestamp,open,high,low,close,volume
1704146400000,1.10427,1.10429,1.10425,1.10429,5.900000095367432
1704146460000,1.10429,1.10429,1.10429,1.10429,8.100000381469727
1704146520000,1.10429,1.10429,1.10429,1.10429,9.899999618530273
1704146580000,1.10429,1.10429,1.10426,1.10426,18.899999618530273
1704146640000,1.10426,1.10431,1.10424,1.10425,18
1704146700000,1.10424,1.10427,1.10424,1.10427,31.5
1704146760000,1.10428,1.10428,1.10427,1.10427,38.70000076293945
1704146820000,1.10428,1.10428,1.10427,1.10427,39.599998474121094
1704146880000,1.1043,1.1043,1.10428,1.10428,9
1704146940000,1.1043,1.1043,1.10427,1.10427,10.800000190734863
1704147000000,1.10425,1.10427,1.10425,1.10427,9
1704147060000,1.10428,1.10428,1.10428,1.10428,23.399999618530273
1704147120000,1.10426,1.1043,1.10424,1.10427,22.5
1704147180000,1.10423,1.10429,1.10423,1.10429,14.399999618530273
1704147240000,1.1043,1.10433,1.1043,1.10431,14.850000381469727
1704147300000,1.1043,1.10433,1.1043,1.10431,13.5
1704147360000,1.10427,1.10431,1.10427,1.1043,10.800000190734863
1704147420000,1.10423,1.10423,1.10423,1.10423,0.8999999761581421
1704147480000,1.10427,1.10427,1.10427,1.10427,1.7999999523162842
1704147540000,1.10423,1.10423,1.10423,1.10423,0.8999999761581421
1704147600000,1.10431,1.10431,1.10429,1.10429,9
1704147660000,1.10428,1.10433,1.1042,1.10432,71.55000305175781
1704147720000,1.10434,1.10434,1.10434,1.10434,9
1704147780000,1.10431,1.10431,1.10431,1.10431,2.25
1704147840000,1.1043,1.10431,1.1043,1.1043,11.25
1704147900000,1.10431,1.10431,1.1043,1.1043,4.5
1704147960000,1.10429,1.10429,1.10429,1.10429,0.8999999761581421
1704148020000,1.1043,1.1043,1.1043,1.1043,1.7999999523162842
1704148140000,1.10431,1.10431,1.1043,1.1043,5.400000095367432
1704148260000,1.10431,1.10432,1.10431,1.10432,13.050000190734863
1704148320000,1.10432,1.10432,1.10431,1.10431,15.300000190734863
1704148380000,1.10431,1.10431,1.10431,1.10431,4.050000190734863
1704148440000,1.10431,1.10431,1.10431,1.10431,8.100000381469727
1704148620000,1.10431,1.10432,1.10431,1.10431,20.700000762939453
1704148680000,1.10431,1.10432,1.10431,1.10432,3.5999999046325684
1704148740000,1.10431,1.10435,1.10431,1.10431,27.899999618530273
1704148800000,1.10431,1.10431,1.10431,1.10431,9.899999618530273
1704148860000,1.10431,1.10437,1.10431,1.10432,21.600000381469727
1704148920000,1.10433,1.10433,1.10433,1.10433,20.700000762939453
1704148980000,1.10433,1.10433,1.10433,1.10433,14.399999618530273
1704149040000,1.10433,1.10433,1.10433,1.10433,4.5
1704149100000,1.10426,1.10426,1.10423,1.10424,28.799999237060547
1704149160000,1.10427,1.10427,1.10427,1.10427,8.100000381469727
1704149220000,1.10427,1.10428,1.10424,1.10424,31.5
1704149280000,1.10424,1.10425,1.10424,1.10424,19.799999237060547
1704149340000,1.10424,1.10428,1.10424,1.10428,17.100000381469727
1704149400000,1.10428,1.10428,1.10428,1.10428,1.7999999523162842
1704149460000,1.10428,1.10433,1.10428,1.10432,6.300000190734863
1704149520000,1.10434,1.10435,1.10434,1.10435,9.899999618530273
1704149580000,1.10435,1.10435,1.10435,1.10435,2.700000047683716
1704149640000,1.10435,1.10435,1.10435,1.10435,0.8999999761581421
1704149700000,1.10433,1.10435,1.10433,1.10434,17.100000381469727
1704149760000,1.10433,1.10433,1.10433,1.10433,2.700000047683716
1704149820000,1.10432,1.10436,1.10432,1.10436,17.100000381469727
1704149880000,1.10432,1.10433,1.10431,1.10433,26.100000381469727
1704149940000,1.10438,1.10447,1.10429,1.10438,47.70000076293945
1704150000000,1.10446,1.10446,1.10432,1.10436,56.25
1704150060000,1.10436,1.10436,1.10432,1.10436,86
1704150120000,1.10437,1.10437,1.10422,1.10422,58.04999923706055
1704150180000,1.10422,1.10422,1.10406,1.10406,72.61000061035156
1704150240000,1.10406,1.10408,1.10403,1.10407,71.54000091552734
1704150300000,1.10407,1.10408,1.10404,1.10404,30.149999618530273
1704150360000,1.10406,1.10409,1.10404,1.10407,61.650001525878906
1704150420000,1.10409,1.10409,1.10406,1.10407,35.099998474121094
1704150480000,1.10406,1.10406,1.10401,1.10402,44.5099983215332
1704150540000,1.104,1.10403,1.104,1.10403,30.600000381469727
1704150600000,1.10402,1.10403,1.10388,1.10392,76.33999633789062
1704150660000,1.1039,1.10392,1.10388,1.10388,55.689998626708984
1704150720000,1.10388,1.10391,1.10388,1.10391,18
1704150780000,1.10392,1.10392,1.10388,1.10389,7.650000095367432
1704150840000,1.10388,1.10388,1.10383,1.10383,19.799999237060547
1704150900000,1.10383,1.10383,1.10381,1.10381,30.600000381469727
1704150960000,1.1038,1.1038,1.10376,1.10377,27.079999923706055
1704151020000,1.10377,1.10377,1.1037,1.10376,43.650001525878906
1704151080000,1.10376,1.10376,1.10372,1.10372,35.45000076293945
1704151140000,1.10372,1.10375,1.10371,1.10371,23.40999984741211
1704151200000,1.10371,1.10381,1.1037,1.10372,111.55000305175781
1704151260000,1.1037,1.10377,1.1037,1.10376,76.5
1704151320000,1.10376,1.10376,1.1037,1.10375,71.95999908447266
1704151380000,1.10374,1.10374,1.1037,1.10371,51.400001525878906
1704151440000,1.10372,1.10377,1.1037,1.10376,60.91999816894531
1704151500000,1.10375,1.10381,1.10371,1.10381,57.150001525878906
1704151560000,1.1038,1.10381,1.10376,1.10376,30.299999237060547
1704151620000,1.10377,1.10377,1.10375,1.10375,7.650000095367432
1704151680000,1.1038,1.10381,1.10375,1.10377,63.099998474121094
1704151740000,1.10379,1.10381,1.10376,1.10376,65.97000122070312
1704151800000,1.10376,1.10378,1.10375,1.10376,65.08000183105469
1704151860000,1.10376,1.10377,1.10376,1.10377,4.5
1704151920000,1.10375,1.10375,1.1037,1.1037,21.31999969482422
1704151980000,1.10371,1.10371,1.10361,1.10363,65.87000274658203
1704152040000,1.10364,1.10371,1.10363,1.10366,52.9900016784668
1704152100000,1.10368,1.10376,1.10367,1.10373,54.900001525878906
1704152160000,1.10374,1.10374,1.10367,1.10372,66.66000366210938
1704152220000,1.10373,1.10377,1.10373,1.10375,9.899999618530273
1704152280000,1.10374,1.10382,1.10373,1.10379,55.79999923706055
1704152340000,1.10381,1.10383,1.10381,1.10382,20.700000762939453
1704152400000,1.10381,1.10383,1.10377,1.10377,81.44999694824219
1704152460000,1.10377,1.10377,1.10369,1.1037,56.70000076293945
1704152520000,1.10371,1.10373,1.10371,1.10372,14.399999618530273
1704152580000,1.1037,1.10373,1.10365,1.10369,44.31999969482422
1704152640000,1.10367,1.1037,1.10367,1.10367,19.799999237060547
1704152700000,1.10367,1.10373,1.10364,1.10368,63.619998931884766
1704152760000,1.10368,1.10368,1.10366,1.10367,63
1704152820000,1.10366,1.10371,1.10366,1.10369,87.52999877929688
1704152880000,1.1037,1.10372,1.10363,1.10363,36
1704152940000,1.10362,1.10362,1.10356,1.10357,105.08999633789062
1704153000000,1.10358,1.10367,1.10356,1.10363,157.30999755859375
1704153060000,1.10364,1.10368,1.10361,1.10367,61.619998931884766
1704153120000,1.1037,1.10372,1.10358,1.10367,56.02000045776367
1704153180000,1.10368,1.10373,1.10367,1.10373,32.849998474121094
1704153240000,1.10372,1.10372,1.10365,1.10366,76.26000213623047
1704153300000,1.10367,1.10369,1.10366,1.10369,61.400001525878906
1704153360000,1.10368,1.10372,1.10362,1.10364,59.849998474121094
1704153420000,1.10365,1.10367,1.1036,1.10367,108.63999938964844
1704153540000,1.10367,1.10367,1.10363,1.10365,20.25
1704153600000,1.10366,1.10376,1.10366,1.10374,102.37000274658203
1704153660000,1.10371,1.10375,1.10368,1.10375,74.55000305175781
1704153720000,1.10374,1.10375,1.10371,1.10374,29.420000076293945
1704153780000,1.10374,1.10378,1.10374,1.10377,93.44000244140625
1704153840000,1.10376,1.10377,1.10373,1.10376,59.2400016784668
1704153900000,1.10377,1.10379,1.10375,1.10377,53.150001525878906
1704153960000,1.10377,1.10378,1.10371,1.10371,15.890000343322754
1704154020000,1.10372,1.10376,1.10372,1.10373,77.5
1704154080000,1.10373,1.10378,1.10373,1.10373,27.170000076293945
1704154140000,1.10373,1.1038,1.10373,1.10378,16.1200008392334
1704154200000,1.10378,1.10378,1.10369,1.1037,45.790000915527344
1704154260000,1.10371,1.10371,1.1037,1.10371,54.900001525878906
1704154320000,1.1037,1.10371,1.10369,1.1037,88.37999725341797
1704154380000,1.1037,1.10372,1.1037,1.1037,28.799999237060547
1704154440000,1.1037,1.10371,1.1037,1.10371,6.300000190734863
1704154500000,1.10372,1.10373,1.10372,1.10373,5.400000095367432
1704154560000,1.10372,1.10373,1.10367,1.10368,55.79999923706055
1704154620000,1.10367,1.10373,1.10367,1.10368,56.349998474121094
1704154680000,1.10368,1.1037,1.10367,1.10367,43.20000076293945
1704154740000,1.10367,1.10369,1.10366,1.10368,25.200000762939453
1704154800000,1.10368,1.10368,1.10364,1.10364,39.869998931884766
1704154860000,1.10365,1.10365,1.1035,1.1035,73.69000244140625
1704154920000,1.1035,1.10353,1.1035,1.10353,35.279998779296875
1704154980000,1.10353,1.10353,1.10347,1.10347,41.18000030517578
1704155040000,1.10346,1.1035,1.10346,1.10347,32.939998626708984
1704155100000,1.10347,1.10347,1.10345,1.10347,9.539999961853027
1704155160000,1.10347,1.10347,1.10345,1.10346,27.989999771118164
1704155220000,1.10347,1.10347,1.10342,1.10343,90.8499984741211
1704155280000,1.10343,1.10344,1.10342,1.10343,58.5
1704155340000,1.10345,1.10352,1.10345,1.10346,42.810001373291016
1704155400000,1.10346,1.10351,1.10346,1.10351,47.70000076293945
1704155460000,1.10352,1.10352,1.10346,1.10347,80.0999984741211
1704155520000,1.10346,1.10349,1.10345,1.10348,89.55000305175781
1704155580000,1.10347,1.10355,1.10346,1.10352,96.79000091552734
1704155640000,1.10353,1.10356,1.10351,1.10356,155.4600067138672
1704155700000,1.10355,1.10357,1.10352,1.10357,50.779998779296875
1704155760000,1.10356,1.10357,1.10352,1.10357,39.689998626708984
1704155820000,1.10356,1.10357,1.10355,1.10355,57.599998474121094
1704155880000,1.10354,1.10357,1.10354,1.10357,37.16999816894531
1704155940000,1.10357,1.10357,1.10352,1.10355,28.350000381469727
1704156000000,1.10356,1.10356,1.10354,1.10356,20.25
1704156060000,1.10357,1.10358,1.10356,1.10356,11.699999809265137
1704156120000,1.10358,1.10358,1.10357,1.10357,2.700000047683716
1704156180000,1.10356,1.10357,1.10355,1.10357,30.239999771118164
1704156240000,1.10357,1.10357,1.10357,1.10357,3.5999999046325684
1704156300000,1.10357,1.10357,1.10357,1.10357,0.8999999761581421
1704156360000,1.10357,1.10364,1.10357,1.10364,11.819999694824219
1704156420000,1.10364,1.10364,1.10363,1.10363,5.400000095367432
1704156480000,1.10363,1.10377,1.10363,1.10377,154.9499969482422
1704156540000,1.10377,1.10378,1.10371,1.10377,120.79000091552734
1704156600000,1.10376,1.10378,1.10375,1.10377,81
1704156660000,1.10377,1.1038,1.10377,1.10378,44.099998474121094
1704156720000,1.10378,1.1038,1.10375,1.10375,63.45000076293945
1704156780000,1.10375,1.1038,1.1037,1.1038,200.02000427246094
1704156840000,1.1038,1.10381,1.10378,1.10381,92.87000274658203
1704156900000,1.1038,1.10383,1.1038,1.10381,105.87000274658203
1704156960000,1.10381,1.10381,1.1038,1.10381,88.19999694824219
1704157020000,1.10381,1.10382,1.10368,1.10373,326.25
1704157080000,1.10372,1.10377,1.10371,1.10377,256.3299865722656
1704157140000,1.10381,1.10382,1.10376,1.10381,129.10000610351562
1704157200000,1.1038,1.10387,1.10375,1.10377,130.13999938964844
1704157260000,1.10377,1.10385,1.10377,1.10384,98.9800033569336
1704157320000,1.10384,1.104,1.10384,1.10399,83.12999725341797
1704157380000,1.10401,1.10401,1.10386,1.10388,60
1704157440000,1.10387,1.10404,1.10386,1.104,290.239990234375
1704157500000,1.10399,1.10426,1.10397,1.10424,173.05999755859375
1704157560000,1.10425,1.10432,1.10423,1.10425,195.92999267578125
1704157620000,1.10424,1.10428,1.10418,1.10419,158.5399932861328
1704157680000,1.10423,1.10424,1.10407,1.10407,260.6300048828125
1704157740000,1.10409,1.10409,1.10398,1.10403,133.10000610351562
1704157800000,1.10403,1.10404,1.10399,1.10399,37.81999969482422
1704157860000,1.10401,1.10409,1.10401,1.10408,65.77999877929688
1704157920000,1.10407,1.10408,1.10397,1.10398,139.32000732421875
1704157980000,1.10398,1.10398,1.1039,1.10391,179.32000732421875
1704158040000,1.10392,1.10392,1.10385,1.10388,166.1300048828125
1704158100000,1.10387,1.10415,1.10386,1.10403,489
1704158160000,1.10403,1.10411,1.10403,1.10403,104.8499984741211
1704158220000,1.10403,1.10418,1.10402,1.10418,54.900001525878906
1704158280000,1.10417,1.10427,1.10416,1.10427,50.400001525878906
1704158340000,1.10429,1.10431,1.10426,1.10426,21.31999969482422
1704158400000,1.10428,1.1043,1.10425,1.10426,51.29999923706055
1704158460000,1.10424,1.10425,1.10411,1.10414,118.06999969482422
1704158520000,1.10413,1.10416,1.10403,1.10408,190.52000427246094
1704158580000,1.10409,1.10423,1.10407,1.10423,185.44000244140625
1704158640000,1.10424,1.10425,1.10421,1.10421,71.0999984741211
1704158700000,1.1042,1.10421,1.10413,1.10414,97.30999755859375
1704158760000,1.10414,1.10414,1.10407,1.10408,63
1704158820000,1.10408,1.10416,1.10404,1.10412,170.10000610351562
1704158880000,1.10413,1.10413,1.10392,1.10398,126.80999755859375
1704158940000,1.10397,1.10397,1.10392,1.10393,115.4800033569336
1704159000000,1.10394,1.10397,1.1039,1.10393,190.61000061035156
1704159060000,1.10393,1.10395,1.10391,1.10394,47.869998931884766
1704159120000,1.10394,1.10397,1.10391,1.10395,69.63999938964844
1704159180000,1.10394,1.10394,1.10373,1.10389,142.27999877929688
1704159240000,1.10388,1.10391,1.10382,1.10383,230.7899932861328
1704159300000,1.10384,1.10384,1.10374,1.10379,121.55999755859375
1704159360000,1.10378,1.10378,1.10371,1.10378,93.37999725341797
1704159420000,1.10378,1.10383,1.10378,1.10379,32.58000183105469
1704159480000,1.10378,1.10379,1.10369,1.10373,96.7300033569336
1704159540000,1.10375,1.10377,1.10369,1.10373,63.790000915527344
1704159600000,1.10373,1.10379,1.10371,1.10373,64.88999938964844
1704159660000,1.10374,1.10374,1.10371,1.10374,98.44000244140625
1704159720000,1.10374,1.10378,1.1037,1.10375,238.2899932861328
1704159780000,1.10375,1.1038,1.10374,1.1038,158.0399932861328
1704159840000,1.1038,1.10382,1.10379,1.10382,45.9900016784668
1704159900000,1.10383,1.10399,1.10383,1.10387,101.38999938964844
1704159960000,1.10388,1.10394,1.10387,1.10389,110.62999725341797
1704160020000,1.10389,1.10397,1.10384,1.10389,180.1300048828125
1704160080000,1.10388,1.10394,1.10385,1.10388,109.0199966430664
1704160140000,1.10388,1.10388,1.10385,1.10387,136.74000549316406
1704160200000,1.10388,1.10388,1.10384,1.10385,65.06999969482422
1704160260000,1.10385,1.10388,1.10372,1.10377,104.38999938964844
1704160320000,1.10377,1.10382,1.10377,1.10379,58.25
1704160380000,1.10379,1.10379,1.10371,1.10372,35.810001373291016
1704160440000,1.10372,1.10382,1.10372,1.10379,63.9900016784668
1704160500000,1.1038,1.1038,1.1037,1.10373,145.0800018310547
1704160560000,1.10373,1.10373,1.10364,1.10364,100.04000091552734
1704160620000,1.10364,1.10365,1.10349,1.10349,95.87999725341797
1704160680000,1.10351,1.10355,1.10347,1.10353,43.59000015258789
1704160740000,1.1035,1.1035,1.10342,1.10348,91.91000366210938
1704160800000,1.10347,1.10357,1.10347,1.10353,81.43000030517578
1704160860000,1.10351,1.10351,1.10344,1.10344,27.989999771118164
1704160920000,1.10343,1.10355,1.10343,1.10354,15.84000015258789
1704160980000,1.10353,1.10359,1.10348,1.10348,96.4800033569336
1704161040000,1.10348,1.10356,1.10347,1.10355,94.2300033569336
1704161100000,1.10354,1.10354,1.10342,1.10342,59.130001068115234
1704161160000,1.10343,1.10343,1.10336,1.10343,112.61000061035156
1704161220000,1.10344,1.10344,1.10333,1.10334,83.69999694824219
1704161280000,1.10334,1.10334,1.10314,1.10321,194.74000549316406
1704161340000,1.10321,1.10326,1.10317,1.10325,177.7899932861328
1704161400000,1.10326,1.10327,1.10324,1.10327,34.650001525878906
1704161460000,1.10326,1.10327,1.10323,1.10323,81.63999938964844
1704161520000,1.10323,1.10325,1.10319,1.10319,137.16000366210938
1704161580000,1.10318,1.10318,1.10315,1.10317,71.72000122070312
1704161640000,1.10318,1.1032,1.10317,1.10318,88.19999694824219
1704161700000,1.10317,1.10317,1.10297,1.10298,341.739990234375
1704161760000,1.10299,1.10302,1.10295,1.10295,128.75
1704161820000,1.10294,1.10296,1.10294,1.10295,35.29999923706055
1704161880000,1.10295,1.10295,1.10293,1.10293,6.300000190734863
1704161940000,1.10292,1.10297,1.10292,1.10296,86.16000366210938
1704162000000,1.10297,1.10299,1.10295,1.10297,36.959999084472656
1704162060000,1.10297,1.10299,1.10291,1.10294,133.2100067138672
1704162120000,1.10294,1.10294,1.10281,1.10282,86.05999755859375
1704162180000,1.10281,1.10283,1.10268,1.10273,207.72999572753906
1704162240000,1.10272,1.10273,1.10266,1.10273,144
1704162300000,1.10271,1.10273,1.10267,1.10268,88.6500015258789
1704162360000,1.10268,1.10276,1.10267,1.10276,72.16999816894531
1704162420000,1.10273,1.10277,1.10267,1.10267,103.48999786376953
1704162480000,1.10266,1.10272,1.10266,1.10271,31.600000381469727
1704162540000,1.1027,1.10271,1.10262,1.10262,52.5
1704162600000,1.10265,1.10266,1.1026,1.10261,84.95999908447266
1704162660000,1.10261,1.10266,1.10259,1.10261,152.82000732421875
1704162720000,1.10261,1.10263,1.10255,1.10258,313.5899963378906
1704162780000,1.10257,1.10259,1.10244,1.10254,319.8699951171875
1704162840000,1.10253,1.10266,1.10248,1.10263,371.25
1704162900000,1.10262,1.10266,1.10261,1.10262,145.39999389648438
1704162960000,1.10261,1.10268,1.10261,1.10263,151.27000427246094
1704163020000,1.10261,1.10266,1.10256,1.10263,222.72999572753906
1704163080000,1.10263,1.10266,1.10259,1.10259,142.2899932861328
1704163140000,1.10258,1.10262,1.10256,1.10256,178.22000122070312
1704163200000,1.10257,1.10258,1.10246,1.10246,294.9599914550781
1704163260000,1.10243,1.10246,1.10232,1.10232,376.5400085449219
1704163320000,1.10231,1.10232,1.10221,1.10222,186.25
1704163380000,1.10221,1.10232,1.10221,1.1023,194.49000549316406
1704163440000,1.10231,1.10238,1.10227,1.10236,190.02000427246094
1704163500000,1.10237,1.1024,1.10231,1.10231,213.3000030517578
1704163560000,1.10232,1.10234,1.10223,1.10223,210.4199981689453
1704163620000,1.10222,1.10228,1.1022,1.10227,118.80000305175781
1704163680000,1.10226,1.10231,1.10221,1.10229,183.14999389648438
1704163740000,1.1023,1.10231,1.10214,1.10214,302.8299865722656
1704163800000,1.10215,1.10219,1.10214,1.10214,98.02999877929688
1704163860000,1.10215,1.10218,1.10214,1.10217,202.0800018310547
1704163920000,1.10216,1.10218,1.10214,1.10217,131.6699981689453
1704163980000,1.10218,1.10218,1.10202,1.10203,160.8000030517578
1704164040000,1.10202,1.10203,1.10198,1.102,247.2100067138672
1704164100000,1.10201,1.10201,1.10197,1.102,354.9200134277344
1704164160000,1.10201,1.10211,1.10201,1.10201,414.70001220703125
1704164220000,1.10201,1.10203,1.10189,1.10189,265.6300048828125
1704164280000,1.10187,1.10188,1.10183,1.10184,107.9000015258789
1704164340000,1.10183,1.10189,1.10182,1.10187,95.25
1704164400000,1.10187,1.10194,1.10187,1.10192,102.33000183105469
1704164460000,1.10191,1.10192,1.10187,1.10187,30.75
1704164520000,1.10187,1.10187,1.10186,1.10186,4.5
1704164580000,1.10185,1.10186,1.10179,1.10183,120.68000030517578
1704164640000,1.10183,1.10188,1.10182,1.10188,88.81999969482422
1704164700000,1.10188,1.10188,1.10176,1.10177,115.55000305175781
1704164760000,1.1018,1.10195,1.1018,1.10193,150.6999969482422
1704164820000,1.10193,1.10203,1.10193,1.10203,127.33999633789062
1704164880000,1.10203,1.10208,1.10202,1.10208,116.1500015258789
1704164940000,1.10208,1.10216,1.10208,1.10213,102.66000366210938
1704165000000,1.10211,1.10226,1.10208,1.10224,106.45999908447266
1704165060000,1.10224,1.10228,1.10222,1.10223,121.91000366210938
1704165120000,1.10223,1.10231,1.10223,1.1023,107.36000061035156
1704165180000,1.10231,1.10236,1.10223,1.10223,68.55999755859375
1704165240000,1.10223,1.10223,1.10213,1.10222,140.92999267578125
1704165300000,1.10222,1.10236,1.10222,1.10228,81.62999725341797
1704165360000,1.10229,1.10234,1.10228,1.10229,92.51000213623047
1704165420000,1.10231,1.10239,1.10228,1.10237,226.8000030517578
1704165480000,1.10239,1.1024,1.10226,1.10227,42.970001220703125
1704165540000,1.10227,1.10229,1.10223,1.10224,38.459999084472656
1704165600000,1.10223,1.10226,1.10217,1.10222,137.8800048828125
1704165660000,1.10224,1.10224,1.10219,1.10219,12.149999618530273
1704165720000,1.10218,1.10223,1.10218,1.10223,22.5
1704165780000,1.10223,1.10223,1.10222,1.10222,19.520000457763672
1704165840000,1.10223,1.10229,1.10223,1.10227,72.62000274658203
1704165900000,1.10228,1.10229,1.1022,1.10223,61.9900016784668
1704165960000,1.10222,1.10222,1.10221,1.10221,19.350000381469727
1704166020000,1.10219,1.10219,1.10206,1.1021,205.14999389648438
1704166080000,1.10211,1.10212,1.10209,1.10209,63.959999084472656
1704166140000,1.1021,1.10215,1.10209,1.10213,62.130001068115234
1704166200000,1.10216,1.10223,1.10216,1.10223,67.81999969482422
1704166260000,1.10223,1.10224,1.10222,1.10223,6.150000095367432
1704166320000,1.10223,1.10223,1.10223,1.10223,0.8999999761581421
1704166380000,1.10225,1.10226,1.1022,1.1022,49.81999969482422
1704166440000,1.10219,1.10221,1.10212,1.10212,89.69999694824219
1704166500000,1.10212,1.10214,1.10208,1.10208,54.470001220703125
1704166560000,1.10208,1.10214,1.10206,1.10214,22.799999237060547
1704166620000,1.10214,1.10222,1.10212,1.10218,88.41000366210938
1704166680000,1.10217,1.10217,1.10214,1.10214,14.220000267028809
1704166740000,1.10213,1.1022,1.10213,1.10219,16.81999969482422
1704166800000,1.1022,1.10223,1.1022,1.10222,34.2599983215332
1704166860000,1.10224,1.10226,1.10219,1.10219,73.33999633789062
1704166920000,1.10219,1.10224,1.10219,1.10224,39.70000076293945
1704166980000,1.10224,1.10227,1.10223,1.10227,45.900001525878906
1704167040000,1.10227,1.1023,1.10225,1.1023,26.100000381469727
1704167100000,1.10231,1.10245,1.10231,1.10245,85.61000061035156
1704167160000,1.10245,1.10247,1.10244,1.10247,88.48999786376953
1704167220000,1.10247,1.10247,1.10238,1.10238,85.83000183105469
1704167280000,1.10239,1.10244,1.10239,1.10244,36.61000061035156
1704167340000,1.10244,1.10245,1.10243,1.10244,76.5
1704167400000,1.10244,1.10245,1.10241,1.10243,72.9000015258789
1704167460000,1.10243,1.10245,1.10243,1.10244,65.69999694824219
1704167520000,1.10241,1.10241,1.10239,1.10239,24.389999389648438
1704167580000,1.1024,1.1024,1.1024,1.1024,2.700000047683716
1704167640000,1.1024,1.1024,1.1024,1.1024,3.7799999713897705
1704167700000,1.10239,1.10241,1.10238,1.10241,92.56999969482422
1704167760000,1.1024,1.1024,1.10239,1.10239,23.219999313354492
1704167820000,1.10239,1.10242,1.10234,1.1024,68
1704167880000,1.10239,1.10243,1.10239,1.10243,40.2599983215332
1704167940000,1.10243,1.10247,1.10243,1.10245,42.18000030517578
1704168000000,1.10245,1.10249,1.10245,1.10248,32.66999816894531
1704168060000,1.10248,1.1025,1.10239,1.1024,61.439998626708984
1704168120000,1.1024,1.10246,1.1024,1.10245,7.710000038146973
1704168180000,1.10244,1.10245,1.10244,1.10245,1.7999999523162842
1704168240000,1.10245,1.10245,1.10222,1.10222,76.87999725341797
1704168300000,1.10224,1.10224,1.10222,1.10223,58.95000076293945
1704168360000,1.10224,1.10225,1.10223,1.10225,32.58000183105469
1704168420000,1.10225,1.10225,1.10213,1.10215,103.0199966430664
1704168480000,1.10215,1.10219,1.10207,1.10218,189.6199951171875
1704168540000,1.10219,1.10223,1.10218,1.10219,66.33000183105469
1704168600000,1.10219,1.10219,1.10213,1.10213,41.02000045776367
1704168660000,1.10214,1.10214,1.10209,1.10209,41.58000183105469
1704168720000,1.10209,1.10216,1.10209,1.10214,35.02000045776367
1704168780000,1.10214,1.10214,1.10214,1.10214,18
1704168840000,1.10214,1.10227,1.10214,1.10218,86
1704168900000,1.10222,1.10224,1.10222,1.10223,82.11000061035156
1704168960000,1.10223,1.10224,1.1022,1.10221,47.439998626708984
1704169020000,1.10222,1.10222,1.10216,1.10218,64.55999755859375
1704169080000,1.10218,1.10218,1.10216,1.10216,38.61000061035156
1704169140000,1.10214,1.10214,1.10209,1.10209,37.04999923706055
1704169200000,1.10209,1.10209,1.10209,1.10209,5.940000057220459
1704169260000,1.1021,1.10218,1.1021,1.10213,39.97999954223633
1704169320000,1.10213,1.10213,1.10209,1.10209,20.81999969482422
1704169380000,1.10208,1.10209,1.10208,1.10208,13.109999656677246
1704169440000,1.10209,1.10212,1.10208,1.10212,31.950000762939453
1704169500000,1.10211,1.10211,1.10204,1.10208,25.920000076293945
1704169560000,1.10207,1.10208,1.10203,1.10203,71.22000122070312
1704169620000,1.10204,1.10204,1.10198,1.10198,84.12000274658203
1704169680000,1.10197,1.10199,1.10193,1.10193,59.209999084472656
1704169740000,1.10193,1.10194,1.10192,1.10192,30.030000686645508
1704169800000,1.10194,1.10199,1.10193,1.10198,189.5800018310547
1704169860000,1.10198,1.10203,1.10198,1.10199,97.27999877929688
1704169920000,1.10199,1.102,1.10195,1.10195,82.31999969482422
1704169980000,1.10194,1.10198,1.10194,1.10194,64.2699966430664
1704170040000,1.10194,1.10195,1.10193,1.10195,46.349998474121094
1704170100000,1.10194,1.10201,1.10193,1.102,91
1704170160000,1.102,1.102,1.102,1.102,13.5
1704170220000,1.10199,1.10199,1.10194,1.10194,108.13999938964844
1704170280000,1.10194,1.10204,1.10194,1.10201,119.55000305175781
1704170340000,1.10202,1.10202,1.10197,1.10199,58.66999816894531
1704170400000,1.10199,1.10199,1.10197,1.10199,69.29000091552734
1704170460000,1.10199,1.102,1.10193,1.10194,105.0199966430664
1704170520000,1.10194,1.10194,1.10184,1.10185,71
1704170580000,1.10184,1.10184,1.10173,1.10174,89.93000030517578
1704170640000,1.10174,1.10176,1.10173,1.10174,59.150001525878906
1704170700000,1.10174,1.10174,1.10173,1.10174,11.430000305175781
1704170760000,1.10174,1.10181,1.10174,1.10179,57.5099983215332
1704170820000,1.1018,1.1018,1.10179,1.10179,14.489999771118164
1704170880000,1.10178,1.10178,1.10172,1.10175,45.150001525878906
1704170940000,1.10175,1.10175,1.10171,1.10171,11.010000228881836
1704171000000,1.10172,1.10173,1.10169,1.10169,28.420000076293945
1704171060000,1.1017,1.10171,1.10169,1.10171,53
1704171120000,1.1017,1.10175,1.1017,1.10174,39.95000076293945
1704171180000,1.10173,1.10174,1.10172,1.10173,38.959999084472656
1704171240000,1.10173,1.10173,1.10165,1.10165,248.10000610351562
1704171300000,1.10165,1.10168,1.10165,1.10167,360.8900146484375
1704171360000,1.10166,1.1017,1.10165,1.1017,72.29000091552734
1704171420000,1.1017,1.1019,1.1017,1.1019,91.80000305175781
1704171480000,1.1019,1.10205,1.10189,1.10204,189
1704171540000,1.10205,1.10211,1.10204,1.10208,157.3000030517578
1704171600000,1.10208,1.10235,1.10208,1.10234,290.92999267578125
1704171660000,1.10235,1.10239,1.10224,1.10224,134.91000366210938
1704171720000,1.10223,1.10227,1.1022,1.1022,82.69000244140625
1704171780000,1.10219,1.10226,1.10215,1.10224,71.20999908447266
1704171840000,1.10225,1.10225,1.10223,1.10225,59.7599983215332
1704171900000,1.10226,1.10229,1.1022,1.1022,28.889999389648438
1704171960000,1.1022,1.1022,1.10217,1.10219,19.260000228881836
1704172020000,1.1022,1.1022,1.1021,1.10214,53.9900016784668
1704172080000,1.10214,1.10221,1.10214,1.10221,30.959999084472656
1704172140000,1.10221,1.10225,1.1022,1.10225,39.599998474121094
1704172200000,1.10226,1.10231,1.1022,1.1023,50.119998931884766
1704172260000,1.10233,1.10246,1.10233,1.10244,57.599998474121094
1704172320000,1.10245,1.10245,1.10238,1.10239,73.30999755859375
1704172380000,1.1024,1.10246,1.10239,1.10239,78.19999694824219
1704172440000,1.10241,1.10252,1.10237,1.1025,35.029998779296875
1704172500000,1.10254,1.10259,1.10248,1.10252,117.06999969482422
1704172560000,1.10253,1.10265,1.10247,1.10254,137.97000122070312
1704172620000,1.10252,1.10254,1.10252,1.10254,60.29999923706055
1704172680000,1.10254,1.10255,1.10254,1.10254,34.349998474121094
1704172740000,1.10254,1.10254,1.10251,1.10254,39.869998931884766
1704172800000,1.10255,1.10255,1.10252,1.10254,58.61000061035156
1704172860000,1.10254,1.10256,1.10252,1.10255,53.189998626708984
1704172920000,1.10255,1.10273,1.10255,1.1027,145.55999755859375
1704172980000,1.10271,1.10272,1.1026,1.10264,111.66000366210938
1704173040000,1.10265,1.10273,1.10264,1.10267,91.5199966430664
1704173100000,1.10267,1.10272,1.10265,1.1027,86.73999786376953
1704173160000,1.1027,1.10271,1.10265,1.1027,73.80000305175781
1704173220000,1.10271,1.10275,1.10269,1.10271,119.62999725341797
1704173280000,1.10271,1.10281,1.10271,1.1028,63.86000061035156
1704173340000,1.10279,1.10279,1.10263,1.10265,94.3499984741211
1704173400000,1.10265,1.10275,1.10265,1.1027,97.81999969482422
1704173460000,1.10268,1.10272,1.10266,1.10272,33.619998931884766
1704173520000,1.10271,1.10273,1.10271,1.10271,13.5
1704173580000,1.10271,1.10278,1.1027,1.10275,72.1500015258789
1704173640000,1.10274,1.10279,1.10274,1.10274,98.47000122070312
1704173700000,1.10278,1.10284,1.10278,1.10284,143.02000427246094
1704173760000,1.10283,1.10283,1.10278,1.10279,54.09000015258789
1704173820000,1.10279,1.1028,1.10272,1.1028,87.63999938964844
1704173880000,1.10279,1.1028,1.10278,1.1028,23.270000457763672
1704173940000,1.10278,1.10289,1.10278,1.1028,102.41000366210938
1704174000000,1.10281,1.10292,1.10281,1.10289,140.1199951171875
1704174060000,1.10289,1.10295,1.10285,1.10292,99
1704174120000,1.10294,1.10296,1.10291,1.10294,68.8499984741211
1704174180000,1.10295,1.10295,1.10292,1.10292,77.56999969482422
1704174240000,1.10292,1.10303,1.10292,1.103,124.37000274658203
1704174300000,1.10301,1.10303,1.10292,1.10295,75.7699966430664
1704174360000,1.10296,1.10306,1.10296,1.10306,93.66000366210938
1704174420000,1.10305,1.10316,1.10305,1.10311,99.79000091552734
1704174480000,1.1031,1.1031,1.10305,1.10305,12.9399995803833
1704174540000,1.10304,1.10304,1.10298,1.10301,31.280000686645508
1704174600000,1.10302,1.10303,1.103,1.103,31.280000686645508
1704174660000,1.10298,1.10298,1.10295,1.10295,12.9399995803833
1704174720000,1.10296,1.1032,1.10296,1.1032,90.30000305175781
1704174780000,1.10321,1.10327,1.1032,1.1032,89.36000061035156
1704174840000,1.1032,1.1032,1.10311,1.10311,48.4900016784668
1704174900000,1.10315,1.10317,1.10309,1.10311,58.04999923706055
1704174960000,1.10311,1.1032,1.10311,1.10316,112.30999755859375
1704175020000,1.10316,1.10322,1.10311,1.10322,175.85000610351562
1704175080000,1.10322,1.1033,1.10322,1.10325,121.62000274658203
1704175140000,1.10325,1.10335,1.10325,1.10333,239.7899932861328
1704175200000,1.10334,1.10336,1.10331,1.10335,187.97000122070312
1704175260000,1.10335,1.10336,1.1033,1.1033,88.54000091552734
1704175320000,1.1033,1.10334,1.10324,1.10325,91.33000183105469
1704175380000,1.10326,1.1033,1.10316,1.10318,137.5399932861328
1704175440000,1.10319,1.10326,1.10317,1.10325,142.2899932861328
1704175500000,1.10326,1.10342,1.10325,1.1034,167.22000122070312
1704175560000,1.10339,1.10341,1.10332,1.10332,36.619998931884766
1704175620000,1.1033,1.1033,1.10324,1.10325,20.420000076293945
1704175680000,1.10324,1.10326,1.10321,1.10321,79.6500015258789
1704175740000,1.10324,1.10326,1.10324,1.10325,101.13999938964844
1704175800000,1.10325,1.10326,1.10325,1.10325,66.5999984741211
1704175860000,1.10325,1.10327,1.10322,1.10323,108.23999786376953
1704175920000,1.10322,1.10325,1.10321,1.10322,86.22000122070312
1704175980000,1.10322,1.10322,1.1032,1.10321,29.81999969482422
1704176040000,1.10323,1.10326,1.10322,1.10322,42.540000915527344
1704176100000,1.10322,1.10335,1.10319,1.10335,38.5099983215332
1704176160000,1.10335,1.10336,1.10335,1.10336,57.599998474121094
1704176220000,1.10336,1.10336,1.10336,1.10336,5.400000095367432
1704176280000,1.10337,1.10337,1.10321,1.10321,60.290000915527344
1704176340000,1.10322,1.10327,1.10322,1.10327,38.70000076293945
1704176400000,1.10326,1.10327,1.10321,1.10321,46.86000061035156
1704176460000,1.10322,1.10327,1.10321,1.10325,83.3499984741211
1704176520000,1.10324,1.10324,1.10315,1.1032,130.2899932861328
1704176580000,1.1032,1.1032,1.1031,1.1031,98.77999877929688
1704176640000,1.1031,1.10311,1.10305,1.10311,42.91999816894531
1704176700000,1.10309,1.1032,1.10307,1.10314,135.10000610351562
1704176760000,1.10314,1.10319,1.10311,1.10318,196.13999938964844
1704176820000,1.10317,1.10317,1.10305,1.10305,177.5500030517578
1704176880000,1.10306,1.10321,1.103,1.10321,138.97999572753906
1704176940000,1.10321,1.10325,1.10312,1.1032,144.74000549316406
1704177000000,1.1032,1.10328,1.10316,1.10318,142.8000030517578
1704177060000,1.10318,1.1032,1.10311,1.10317,175.80999755859375
1704177120000,1.10319,1.10331,1.10317,1.10331,157.33999633789062
1704177180000,1.1033,1.10334,1.10321,1.10325,142.22999572753906
1704177240000,1.10324,1.10328,1.10321,1.10322,118.2300033569336
1704177300000,1.10323,1.10323,1.10314,1.1032,89.2699966430664
1704177360000,1.10319,1.10323,1.10315,1.10317,143.9499969482422
1704177420000,1.10318,1.10318,1.10309,1.10311,137.82000732421875
1704177480000,1.10314,1.10324,1.10314,1.10321,103.7699966430664
1704177540000,1.10321,1.10332,1.10321,1.1033,48.349998474121094
1704177600000,1.10331,1.10336,1.10331,1.10335,77.5199966430664
1704177660000,1.10335,1.1034,1.10334,1.10339,72
1704177720000,1.10339,1.10347,1.10339,1.10339,54.93000030517578
1704177780000,1.10339,1.10342,1.1033,1.10337,250.1999969482422
1704177840000,1.10338,1.10339,1.10329,1.10335,161.4199981689453
1704177900000,1.10336,1.10336,1.1033,1.10336,128.6999969482422
1704177960000,1.10335,1.10341,1.10334,1.10339,185.94000244140625
1704178020000,1.10341,1.10348,1.10339,1.10346,165.4499969482422
1704178080000,1.10349,1.10351,1.10342,1.10346,143.19000244140625
1704178140000,1.10347,1.10347,1.10341,1.10341,75.38999938964844
1704178200000,1.10338,1.10338,1.10317,1.1032,174.7899932861328
1704178260000,1.10319,1.10329,1.10304,1.10326,282.04998779296875
1704178320000,1.10327,1.10329,1.103,1.103,165.0800018310547
1704178380000,1.10299,1.10302,1.10289,1.10296,176.83999633789062
1704178440000,1.10295,1.10297,1.10285,1.10285,124.43000030517578
1704178500000,1.10287,1.10287,1.10283,1.10285,99.62999725341797
1704178560000,1.10288,1.1029,1.1028,1.10285,232.6699981689453
1704178620000,1.10284,1.10295,1.10284,1.10285,130.3800048828125
1704178680000,1.10284,1.10284,1.10268,1.10277,193.57000732421875
1704178740000,1.10277,1.10288,1.10275,1.10286,126.7300033569336
1704178800000,1.10286,1.10294,1.10274,1.10293,425.3800048828125
1704178860000,1.10295,1.10302,1.10289,1.103,428.760009765625
1704178920000,1.10301,1.10301,1.10291,1.10296,292.0899963378906
1704178980000,1.10297,1.10297,1.10266,1.10266,342.3299865722656
1704179040000,1.10263,1.10265,1.10245,1.10265,191.97000122070312
1704179100000,1.10266,1.10282,1.10266,1.1028,88.56999969482422
1704179160000,1.10281,1.10284,1.10267,1.10274,326.739990234375
1704179220000,1.10274,1.10303,1.10268,1.10303,198.24000549316406
1704179280000,1.10303,1.10303,1.10291,1.10293,164.8300018310547
1704179340000,1.10294,1.10294,1.10279,1.10284,123.93000030517578
1704179400000,1.10285,1.10294,1.10275,1.10285,216.72999572753906
1704179460000,1.10284,1.10293,1.1028,1.10287,136.3800048828125
1704179520000,1.10288,1.1031,1.10288,1.10297,180
1704179580000,1.10296,1.103,1.1029,1.10294,144.1199951171875
1704179640000,1.10294,1.10297,1.10281,1.10281,163.17999267578125
1704179700000,1.1028,1.10313,1.10276,1.10313,159.11000061035156
1704179760000,1.10313,1.10314,1.10295,1.10302,166.55999755859375
1704179820000,1.10302,1.10309,1.10294,1.10297,194.55999755859375
1704179880000,1.10296,1.10306,1.1029,1.10305,137.66000366210938
1704179940000,1.10305,1.10307,1.10295,1.10299,143.10000610351562
1704180000000,1.10299,1.10314,1.10296,1.10309,172.86000061035156
1704180060000,1.10309,1.10311,1.10299,1.103,111.38999938964844
1704180120000,1.103,1.10304,1.10287,1.103,147.8699951171875
1704180180000,1.103,1.10333,1.10296,1.10332,139.25
1704180240000,1.10331,1.10362,1.1033,1.1036,76.94999694824219
1704180300000,1.10359,1.10363,1.1035,1.10358,57.15999984741211
1704180360000,1.10357,1.10377,1.10356,1.10365,121.22000122070312
1704180420000,1.10365,1.10365,1.1035,1.10356,146.41000366210938
1704180480000,1.10356,1.10365,1.10352,1.10355,171.3000030517578
1704180540000,1.10354,1.10375,1.10343,1.10372,156.49000549316406
1704180600000,1.10371,1.10371,1.10348,1.10349,168.14999389648438
1704180660000,1.10349,1.10357,1.10342,1.10351,180.5399932861328
1704180720000,1.10352,1.10374,1.10347,1.10371,161.4600067138672
1704180780000,1.10373,1.1038,1.1036,1.10367,144.5
1704180840000,1.10366,1.10373,1.10366,1.1037,141.60000610351562
1704180900000,1.10372,1.10374,1.10349,1.1035,175
1704180960000,1.1035,1.10355,1.10338,1.10355,227.5500030517578
1704181020000,1.10355,1.10357,1.10347,1.10353,165.32000732421875
1704181080000,1.10354,1.10355,1.10341,1.10355,154.72999572753906
1704181140000,1.10357,1.10371,1.10357,1.10364,163.61000061035156
1704181200000,1.10363,1.10363,1.10337,1.10337,139.32000732421875
1704181260000,1.10337,1.10338,1.10326,1.1033,89.69999694824219
1704181320000,1.10329,1.10331,1.10325,1.10329,140.5500030517578
1704181380000,1.10329,1.1033,1.10321,1.10323,177.16000366210938
1704181440000,1.10323,1.10324,1.10298,1.10299,197.55999755859375
1704181500000,1.10299,1.10299,1.10275,1.10284,342.4700012207031
1704181560000,1.10283,1.10299,1.10281,1.10292,250.44000244140625
1704181620000,1.10292,1.10299,1.10286,1.10295,115.73999786376953
1704181680000,1.10293,1.10314,1.10293,1.10307,145.63999938964844
1704181740000,1.10306,1.10306,1.10293,1.10299,199.80999755859375
1704181800000,1.10301,1.10305,1.10289,1.10289,397.6099853515625
1704181860000,1.10288,1.10288,1.10234,1.10245,476.1000061035156
1704181920000,1.10246,1.10253,1.10232,1.10244,282.5799865722656
1704181980000,1.10242,1.10247,1.1023,1.10234,328.42999267578125
1704182040000,1.10234,1.10239,1.10222,1.10222,389.25
1704182100000,1.10224,1.10245,1.10223,1.10238,463.4599914550781
1704182160000,1.10237,1.10244,1.10226,1.10228,413.94000244140625
1704182220000,1.10229,1.10239,1.102,1.10205,697.3200073242188
1704182280000,1.10207,1.10209,1.10169,1.10179,707.3699951171875
1704182340000,1.1018,1.10181,1.10151,1.10153,837.5499877929688
1704182400000,1.10156,1.10216,1.10156,1.10213,1069.5999755859375
1704182460000,1.10212,1.10229,1.10192,1.10223,701.3699951171875
1704182520000,1.10223,1.10268,1.10215,1.10256,442.3800048828125
1704182580000,1.10257,1.10262,1.10246,1.10261,357.8999938964844
1704182640000,1.10262,1.10293,1.10261,1.10269,280.6199951171875
1704182700000,1.1027,1.10286,1.10268,1.10279,303.3399963378906
1704182760000,1.10277,1.10292,1.10273,1.10282,399.54998779296875
1704182820000,1.10282,1.10284,1.10261,1.1027,343.2300109863281
1704182880000,1.10269,1.10288,1.10239,1.10242,639.4099731445312
1704182940000,1.10243,1.10296,1.10242,1.10295,574.97998046875
1704183000000,1.103,1.10327,1.10298,1.10311,476.6499938964844
1704183060000,1.10311,1.1033,1.10306,1.10319,345.6600036621094
1704183120000,1.10319,1.10347,1.10317,1.10346,242.6199951171875
1704183180000,1.10348,1.10387,1.10348,1.10379,319.1099853515625
1704183240000,1.10379,1.10384,1.10323,1.10323,816.2999877929688
1704183300000,1.10321,1.1033,1.10297,1.10312,596.9299926757812
1704183360000,1.10315,1.10331,1.10296,1.1033,475.19000244140625
1704183420000,1.10329,1.10341,1.10295,1.10297,332.1499938964844
1704183480000,1.10298,1.10298,1.10281,1.10292,371.07000732421875
1704183540000,1.10293,1.10302,1.1029,1.10302,216.86000061035156
1704183600000,1.10301,1.10308,1.10287,1.10307,244.08999633789062
1704183660000,1.10308,1.10309,1.10288,1.10289,106.5199966430664
1704183720000,1.10288,1.1029,1.10283,1.10286,151.8699951171875
1704183780000,1.10287,1.10303,1.10287,1.10298,158.1199951171875
1704183840000,1.10299,1.10306,1.10289,1.10303,171.9199981689453
1704183900000,1.10303,1.10307,1.10297,1.10301,291.5199890136719
1704183960000,1.10305,1.10305,1.10288,1.1029,159.50999450683594
1704184020000,1.10291,1.10293,1.1028,1.10287,256.1300048828125
1704184080000,1.10286,1.10298,1.10276,1.10297,226.27999877929688
1704184140000,1.103,1.10306,1.10281,1.10288,263.80999755859375
1704184200000,1.10288,1.10318,1.10287,1.10309,226.4199981689453
1704184260000,1.10308,1.1032,1.10297,1.10308,303.2900085449219
1704184320000,1.10305,1.10329,1.10302,1.10303,368.1600036621094
1704184380000,1.10302,1.1031,1.10295,1.10297,347.32000732421875
1704184440000,1.10297,1.1031,1.10295,1.10307,184.17999267578125
1704184500000,1.10305,1.10314,1.10299,1.10299,210.8699951171875
1704184560000,1.10301,1.10305,1.10292,1.10302,252.94000244140625
1704184620000,1.10304,1.10305,1.1028,1.10297,279.55999755859375
1704184680000,1.10298,1.10301,1.10285,1.10296,183.58999633789062
1704184740000,1.10297,1.10305,1.10289,1.10298,243.69000244140625
1704184800000,1.10298,1.10304,1.10296,1.10302,137.6699981689453
1704184860000,1.10301,1.10301,1.10286,1.1029,184.42999267578125
1704184920000,1.1029,1.10303,1.10288,1.10302,196.27999877929688
1704184980000,1.10302,1.10307,1.10298,1.10298,216.0500030517578
1704185040000,1.10296,1.103,1.10287,1.10291,526.3800048828125
1704185100000,1.10293,1.10309,1.10286,1.10308,284.9599914550781
1704185160000,1.10307,1.10309,1.10297,1.10303,147.8000030517578
1704185220000,1.10303,1.10308,1.10302,1.10307,115.27999877929688
1704185280000,1.10307,1.1032,1.10301,1.10319,251.41000366210938
1704185340000,1.10318,1.10324,1.10309,1.10309,374.2799987792969
1704185400000,1.10309,1.10329,1.10304,1.10312,486.55999755859375
1704185460000,1.10314,1.10327,1.10314,1.10318,169.36000061035156
1704185520000,1.10324,1.10327,1.10301,1.10303,306.5
1704185580000,1.10302,1.10302,1.10287,1.10296,326.7099914550781
1704185640000,1.10298,1.10316,1.10298,1.10302,415.4800109863281
1704185700000,1.10302,1.10302,1.10253,1.10256,546.760009765625
1704185760000,1.10255,1.10281,1.10254,1.1027,381.3900146484375
1704185820000,1.10271,1.10275,1.10264,1.10275,180.0800018310547
1704185880000,1.10274,1.10307,1.10271,1.10302,310.3699951171875
1704185940000,1.10299,1.10301,1.10292,1.10295,379.1600036621094
1704186000000,1.10296,1.10329,1.10289,1.10327,490.6499938964844
1704186060000,1.10327,1.10347,1.10323,1.10345,359.3999938964844
1704186120000,1.10345,1.10345,1.10332,1.10337,308.5
1704186180000,1.10336,1.10336,1.10315,1.10317,335.6000061035156
1704186240000,1.10316,1.10324,1.10311,1.10313,374.45001220703125
1704186300000,1.10313,1.10345,1.10311,1.10344,265.54998779296875
1704186360000,1.10344,1.10347,1.10333,1.10339,155.24000549316406
1704186420000,1.10339,1.10352,1.10337,1.10337,315.3999938964844
1704186480000,1.10335,1.10345,1.10326,1.10327,391.489990234375
1704186540000,1.10326,1.10332,1.10318,1.10329,375.2300109863281
1704186600000,1.10327,1.10328,1.10304,1.10327,287.0400085449219
1704186660000,1.10327,1.10363,1.10322,1.10346,329.5
1704186720000,1.10348,1.10352,1.10338,1.10338,312.9700012207031
1704186780000,1.10338,1.10354,1.10338,1.10346,172.55999755859375
1704186840000,1.10344,1.10357,1.10344,1.10352,204.69000244140625
1704186900000,1.10351,1.10358,1.1034,1.10357,141.5800018310547
1704186960000,1.10356,1.10374,1.10353,1.10368,133.75999450683594
1704187020000,1.10366,1.10378,1.10355,1.10357,231.2899932861328
1704187080000,1.10356,1.10356,1.1034,1.10342,269.19000244140625
1704187140000,1.10342,1.1036,1.10341,1.10353,163.57000732421875
1704187200000,1.10353,1.10365,1.10353,1.10364,126.41999816894531
1704187260000,1.10365,1.10367,1.10351,1.10354,185.0800018310547
1704187320000,1.10355,1.10362,1.10347,1.10352,164.25999450683594
1704187380000,1.10356,1.10357,1.10346,1.10347,219.88999938964844
1704187440000,1.10346,1.10348,1.10334,1.1034,140.9199981689453
1704187500000,1.1034,1.1035,1.10331,1.10349,173.1300048828125
1704187560000,1.10348,1.10355,1.10345,1.10353,212.8300018310547
1704187620000,1.10352,1.10353,1.10341,1.10343,163.6699981689453
1704187680000,1.10344,1.10349,1.1034,1.10342,138.5399932861328
1704187740000,1.10343,1.10343,1.10331,1.10332,162.5
1704187800000,1.10332,1.10342,1.10328,1.10342,165.49000549316406
1704187860000,1.10343,1.10351,1.1034,1.1034,133.64999389648438
1704187920000,1.1034,1.1034,1.10317,1.10317,210.69000244140625
1704187980000,1.10319,1.10322,1.10305,1.10305,165.4600067138672
1704188040000,1.10305,1.1032,1.10304,1.10318,256.29998779296875
1704188100000,1.10318,1.10318,1.10308,1.10308,216.58999633789062
1704188160000,1.103,1.10317,1.10296,1.10313,300.3599853515625
1704188220000,1.10313,1.10315,1.10299,1.10305,192.92999267578125
1704188280000,1.10304,1.10321,1.10303,1.10309,149.05999755859375
1704188340000,1.10309,1.10309,1.10284,1.10287,340.0899963378906
1704188400000,1.10286,1.10286,1.10251,1.10256,366.1300048828125
1704188460000,1.10255,1.10258,1.10235,1.10237,338.7699890136719
1704188520000,1.10238,1.10239,1.10208,1.10216,247.85000610351562
1704188580000,1.10217,1.10239,1.10217,1.10239,186.4199981689453
1704188640000,1.10239,1.10242,1.10189,1.10196,295.739990234375
1704188700000,1.10194,1.10195,1.1015,1.10151,363.5299987792969
1704188760000,1.10154,1.10154,1.10107,1.10136,629.5700073242188
1704188820000,1.10137,1.1017,1.10136,1.10169,444.82000732421875
1704188880000,1.10169,1.1019,1.10164,1.10189,424.55999755859375
1704188940000,1.10189,1.1019,1.10178,1.1019,291.04998779296875
1704189000000,1.10195,1.10199,1.10176,1.10177,359.260009765625
1704189060000,1.10178,1.10185,1.10163,1.10163,309.8399963378906
1704189120000,1.10163,1.10182,1.10163,1.10179,387.2699890136719
1704189180000,1.10182,1.10184,1.10171,1.10172,243.5500030517578
1704189240000,1.10173,1.10173,1.10163,1.10171,254.69000244140625
1704189300000,1.1017,1.10171,1.10151,1.10155,342.5299987792969
1704189360000,1.10155,1.10167,1.10155,1.10161,260.1600036621094
1704189420000,1.1016,1.10161,1.10151,1.10151,81.06999969482422
1704189480000,1.10152,1.10162,1.10139,1.10151,331.45001220703125
1704189540000,1.10151,1.10153,1.10147,1.1015,161.57000732421875
1704189600000,1.10149,1.1017,1.10144,1.10166,320.9700012207031
1704189660000,1.10164,1.10164,1.10137,1.10144,498.8699951171875
1704189720000,1.10144,1.10147,1.10135,1.10137,405.2699890136719
1704189780000,1.10138,1.10139,1.10114,1.10114,290.989990234375
1704189840000,1.10116,1.10118,1.1011,1.10113,198.4499969482422
1704189900000,1.10112,1.10113,1.10102,1.10103,426.9100036621094
1704189960000,1.10102,1.1011,1.10091,1.10098,384.9800109863281
1704190020000,1.10098,1.10102,1.1008,1.10082,301.0199890136719
1704190080000,1.10081,1.10083,1.10064,1.10067,274.4100036621094
1704190140000,1.10066,1.10069,1.10051,1.1006,440.3800048828125
1704190200000,1.10062,1.10065,1.10034,1.10034,300.0199890136719
1704190260000,1.10035,1.10044,1.10015,1.10016,332.92999267578125
1704190320000,1.10016,1.10016,1.1,1.10004,236.86000061035156
1704190380000,1.10005,1.10006,1.0997,1.09982,544.5599975585938
1704190440000,1.09982,1.10003,1.09974,1.1,421
1704190500000,1.09999,1.10023,1.09999,1.10015,631.5399780273438
1704190560000,1.10015,1.10024,1.10012,1.10021,283.7099914550781
1704190620000,1.10021,1.10021,1.09994,1.09998,477.8299865722656
1704190680000,1.09998,1.10016,1.09995,1.10016,403.9599914550781
1704190740000,1.10016,1.10032,1.10014,1.10021,300.32000732421875
1704190800000,1.10021,1.10035,1.10019,1.10031,223.17999267578125
1704190860000,1.10031,1.10039,1.1003,1.10034,157.58999633789062
1704190920000,1.10034,1.1005,1.10032,1.10043,256.1199951171875
1704190980000,1.10042,1.10042,1.10024,1.1003,352.25
1704191040000,1.10031,1.10036,1.1003,1.10031,220.08999633789062
1704191100000,1.10029,1.10053,1.10019,1.10046,291.19000244140625
1704191160000,1.10045,1.10055,1.10038,1.1005,390.57000732421875
1704191220000,1.10048,1.10048,1.1004,1.10047,218.60000610351562
1704191280000,1.10046,1.1005,1.10036,1.10045,247.02999877929688
1704191340000,1.10046,1.10046,1.10023,1.10039,255.55999755859375
1704191400000,1.10038,1.10051,1.10028,1.10031,103.81999969482422
1704191460000,1.10032,1.10046,1.1003,1.10045,93.20999908447266
1704191520000,1.10046,1.1006,1.10045,1.10059,114.94999694824219
1704191580000,1.10059,1.10088,1.10058,1.10088,172.69000244140625
1704191640000,1.10088,1.10095,1.10075,1.10075,214.74000549316406
1704191700000,1.10075,1.10091,1.10075,1.10085,52.380001068115234
1704191760000,1.10083,1.10091,1.10074,1.10086,116.56999969482422
1704191820000,1.10083,1.10088,1.10074,1.10076,100.80999755859375
1704191880000,1.10076,1.10077,1.10066,1.10067,139.39999389648438
1704191940000,1.10065,1.10087,1.10062,1.10085,74.08999633789062
1704192000000,1.10085,1.10092,1.10082,1.10091,133.80999755859375
1704192060000,1.10091,1.10101,1.10076,1.10078,119.23999786376953
1704192120000,1.10074,1.10088,1.10067,1.10077,151.02999877929688
1704192180000,1.10076,1.10094,1.1007,1.10084,196.69000244140625
1704192240000,1.10084,1.10099,1.10084,1.10097,44.5099983215332
1704192300000,1.10097,1.10107,1.1009,1.10093,179.08999633789062
1704192360000,1.10093,1.10097,1.10086,1.10097,271.0400085449219
1704192420000,1.10093,1.10093,1.10078,1.1009,274.05999755859375
1704192480000,1.10091,1.10106,1.10085,1.10102,241.92999267578125
1704192540000,1.10101,1.10108,1.10095,1.10106,223.82000732421875
1704192600000,1.10104,1.10109,1.10095,1.10109,184.16000366210938
1704192660000,1.1011,1.10111,1.10085,1.10087,247.35000610351562
1704192720000,1.10087,1.10092,1.10078,1.1009,182.49000549316406
1704192780000,1.10089,1.10089,1.10075,1.10076,216.64999389648438
1704192840000,1.10075,1.10085,1.10075,1.10081,177.63999938964844
1704192900000,1.10082,1.10083,1.10046,1.10051,118.5199966430664
1704192960000,1.10051,1.10055,1.10032,1.10032,151.14999389648438
1704193020000,1.10033,1.10057,1.10033,1.1004,138.9600067138672
1704193080000,1.1004,1.10057,1.1003,1.10055,435.8299865722656
1704193140000,1.10056,1.10076,1.10053,1.10075,494.8299865722656
1704193200000,1.10075,1.10077,1.10032,1.10033,291.8599853515625
1704193260000,1.10036,1.10058,1.10036,1.10058,245.83999633789062
1704193320000,1.10059,1.10059,1.1005,1.10057,231.02999877929688
1704193380000,1.10056,1.10064,1.10038,1.10041,165.57000732421875
1704193440000,1.10039,1.10049,1.10021,1.10032,270.489990234375
1704193500000,1.10034,1.10049,1.10034,1.10036,172.24000549316406
1704193560000,1.10037,1.1004,1.10009,1.10016,342.04998779296875
1704193620000,1.10016,1.10016,1.10005,1.10005,417.20001220703125
1704193680000,1.10006,1.10011,1.09989,1.09991,370.3699951171875
1704193740000,1.09994,1.09995,1.09983,1.09984,277.44000244140625
1704193800000,1.09984,1.09987,1.09969,1.09971,219.80999755859375
1704193860000,1.09972,1.0999,1.0997,1.09973,285.1400146484375
1704193920000,1.09972,1.09975,1.09959,1.09968,388.82000732421875
1704193980000,1.09969,1.09978,1.0995,1.0995,572.4099731445312
1704194040000,1.09948,1.09952,1.09893,1.09895,784.2999877929688
1704194100000,1.09897,1.0992,1.09896,1.09914,665.5700073242188
1704194160000,1.09911,1.09911,1.09881,1.09883,447.8599853515625
1704194220000,1.09883,1.09883,1.09836,1.09843,678.52001953125
1704194280000,1.09845,1.09854,1.09814,1.09824,554.02001953125
1704194340000,1.09826,1.09838,1.09819,1.09828,783.719970703125
1704194400000,1.09827,1.09827,1.09784,1.09798,632.280029296875
1704194460000,1.09797,1.09829,1.09796,1.09829,425.3399963378906
1704194520000,1.09832,1.09832,1.09807,1.09813,406.79998779296875
1704194580000,1.09814,1.09817,1.09803,1.09817,285.7099914550781
1704194640000,1.09815,1.09833,1.09808,1.09833,224.80999755859375
1704194700000,1.09833,1.09835,1.09812,1.09835,281.989990234375
1704194760000,1.09835,1.09844,1.09806,1.09808,345.260009765625
1704194820000,1.09808,1.09809,1.09795,1.09796,139.66000366210938
1704194880000,1.09797,1.09834,1.09797,1.0983,194.0399932861328
1704194940000,1.0983,1.0983,1.09803,1.09804,244.36000061035156
1704195000000,1.09803,1.09803,1.09768,1.09774,444.4700012207031
1704195060000,1.09776,1.09788,1.09775,1.09786,210.85000610351562
1704195120000,1.09786,1.09787,1.09769,1.09776,352.2799987792969
1704195180000,1.09776,1.09791,1.09774,1.09783,264.25
1704195240000,1.09783,1.09786,1.09755,1.09763,288.32000732421875
1704195300000,1.09763,1.09772,1.09745,1.09746,260.0400085449219
1704195360000,1.09747,1.09753,1.09721,1.09723,337
1704195420000,1.09723,1.09746,1.09722,1.0974,207.41000366210938
1704195480000,1.0974,1.09748,1.0973,1.09732,360.3299865722656
1704195540000,1.09734,1.09749,1.09729,1.09743,243.6300048828125
1704195600000,1.09744,1.09746,1.09734,1.0974,189.33999633789062
1704195660000,1.09742,1.09744,1.0972,1.09725,375.8500061035156
1704195720000,1.09725,1.09732,1.09711,1.09713,307.3699951171875
1704195780000,1.09712,1.09715,1.09705,1.09711,183.0399932861328
1704195840000,1.09712,1.09714,1.09706,1.0971,406.70001220703125
1704195900000,1.09709,1.0971,1.09704,1.09709,169.8800048828125
1704195960000,1.09709,1.0971,1.0968,1.09691,433.6000061035156
1704196020000,1.09691,1.09698,1.09665,1.09696,291.1199951171875
1704196080000,1.09696,1.09699,1.0968,1.09696,244.97000122070312
1704196140000,1.09699,1.09712,1.09694,1.09701,208.36000061035156
1704196200000,1.09704,1.09728,1.09704,1.09725,303.2799987792969
1704196260000,1.09725,1.09728,1.09678,1.0968,410.9700012207031
1704196320000,1.0968,1.09687,1.09677,1.09687,165.75
1704196380000,1.09685,1.09699,1.09682,1.09697,116.19999694824219
1704196440000,1.09695,1.09701,1.09685,1.09688,190.6999969482422
1704196500000,1.09689,1.09692,1.09672,1.09686,157.1199951171875
1704196560000,1.09685,1.09699,1.09676,1.09698,127.7699966430664
1704196620000,1.09699,1.09701,1.09696,1.09697,82.77999877929688
1704196680000,1.09696,1.09703,1.09692,1.09695,184.6999969482422
1704196740000,1.09695,1.09697,1.0969,1.0969,99.47000122070312
1704196800000,1.09691,1.09699,1.09683,1.09691,212.2899932861328
1704196860000,1.09692,1.09702,1.09691,1.09692,113.55999755859375
1704196920000,1.09694,1.09707,1.09691,1.09705,172.25999450683594
1704196980000,1.09705,1.09708,1.0969,1.09696,200.85000610351562
1704197040000,1.09698,1.09717,1.09686,1.09717,193.30999755859375
1704197100000,1.09716,1.09717,1.09709,1.09713,154.22000122070312
1704197160000,1.09713,1.09714,1.09688,1.09697,270.45001220703125
1704197220000,1.09697,1.09712,1.09696,1.09697,262.760009765625
1704197280000,1.09697,1.09703,1.0969,1.09692,175.33999633789062
1704197340000,1.09693,1.09713,1.09692,1.09712,91.4800033569336
1704197400000,1.0971,1.09715,1.09706,1.09713,169.11000061035156
1704197460000,1.09712,1.09716,1.09707,1.09712,190.88999938964844
1704197520000,1.09712,1.09716,1.09699,1.09699,73.72000122070312
1704197580000,1.09698,1.09702,1.09681,1.09701,193.2899932861328
1704197640000,1.09701,1.09701,1.09678,1.09692,252.5
1704197700000,1.09691,1.09693,1.09677,1.09682,214.13999938964844
1704197760000,1.09682,1.09688,1.09681,1.09686,42.91999816894531
1704197820000,1.09686,1.09688,1.0967,1.09672,140.92999267578125
1704197880000,1.0967,1.0967,1.09654,1.09661,145.08999633789062
1704197940000,1.0966,1.09661,1.09651,1.09653,93.52999877929688
1704198000000,1.09653,1.09655,1.09636,1.09636,143.63999938964844
1704198060000,1.09636,1.09636,1.09613,1.09626,302.25
1704198120000,1.09626,1.09651,1.09625,1.09648,163.1699981689453
1704198180000,1.09647,1.09653,1.09626,1.09626,190.02999877929688
1704198240000,1.09627,1.09651,1.09627,1.09647,190.3000030517578
1704198300000,1.09652,1.09669,1.09652,1.09667,150.3699951171875
1704198360000,1.09665,1.09678,1.09665,1.09676,148.02999877929688
1704198420000,1.09674,1.09677,1.0967,1.09671,63.18000030517578
1704198480000,1.09672,1.09676,1.09663,1.09671,211.16000366210938
1704198540000,1.0967,1.09672,1.09654,1.09655,269.4800109863281
1704198600000,1.09654,1.09662,1.09649,1.09656,197.6199951171875
1704198660000,1.09655,1.09674,1.09655,1.09671,109.80000305175781
1704198720000,1.09671,1.09671,1.09656,1.09666,108.83000183105469
1704198780000,1.09666,1.09679,1.09662,1.09665,48.599998474121094
1704198840000,1.09666,1.0968,1.09666,1.09675,127.02999877929688
1704198900000,1.09674,1.09675,1.09639,1.0965,361.4800109863281
1704198960000,1.09651,1.09651,1.0962,1.0962,419.95001220703125
1704199020000,1.09621,1.09621,1.09593,1.09607,375.54998779296875
1704199080000,1.09606,1.09614,1.09604,1.09606,315.7300109863281
1704199140000,1.09608,1.09608,1.09585,1.09594,282.82000732421875
1704199200000,1.09595,1.09611,1.0958,1.09609,111.5
1704199260000,1.0961,1.09632,1.096,1.0963,212.07000732421875
1704199320000,1.09629,1.09634,1.0962,1.09621,144.42999267578125
1704199380000,1.09624,1.09634,1.09622,1.09628,193.52000427246094
1704199440000,1.09627,1.09627,1.09602,1.09608,333.2099914550781
1704199500000,1.09608,1.09619,1.09607,1.09615,192.1300048828125
1704199560000,1.09616,1.09616,1.09602,1.09602,137.0399932861328
1704199620000,1.09602,1.09602,1.09587,1.09599,359.7900085449219
1704199680000,1.096,1.09622,1.09596,1.09621,195.75
1704199740000,1.09622,1.09632,1.09621,1.09631,112.83000183105469
1704199800000,1.0963,1.09632,1.09617,1.09618,196.75
1704199860000,1.09617,1.09617,1.09603,1.09613,270.44000244140625
1704199920000,1.09612,1.09612,1.09592,1.09597,312.67999267578125
1704199980000,1.09597,1.09601,1.09595,1.09599,372.010009765625
1704200040000,1.09598,1.096,1.09595,1.09597,267.1600036621094
1704200100000,1.09596,1.09599,1.09595,1.09597,178.4199981689453
1704200160000,1.09597,1.09598,1.09562,1.0958,301.30999755859375
1704200220000,1.09581,1.09581,1.09549,1.0955,359.30999755859375
1704200280000,1.09549,1.09557,1.09538,1.09542,379.5299987792969
1704200340000,1.09542,1.09548,1.09537,1.09537,427.2900085449219
1704200400000,1.09538,1.09577,1.09538,1.09556,378.7699890136719
1704200460000,1.09558,1.0956,1.09547,1.09556,330.07000732421875
1704200520000,1.09557,1.09572,1.09555,1.09556,353.7900085449219
1704200580000,1.09555,1.09566,1.09535,1.09558,245.25999450683594
1704200640000,1.09558,1.09564,1.09542,1.09547,267.5899963378906
1704200700000,1.09546,1.09555,1.09543,1.09543,174.1699981689453
1704200760000,1.09544,1.09561,1.09543,1.09552,222.75
1704200820000,1.09552,1.0956,1.09543,1.09559,166.24000549316406
1704200880000,1.09557,1.09558,1.09546,1.09558,210.5500030517578
1704200940000,1.09558,1.09562,1.09552,1.09558,90.25
1704201000000,1.09561,1.09571,1.09553,1.09561,214.89999389648438
1704201060000,1.09562,1.09564,1.09535,1.09537,361.989990234375
1704201120000,1.09539,1.09566,1.09537,1.09565,409.29998779296875
1704201180000,1.09565,1.09587,1.09553,1.09581,482.57000732421875
1704201240000,1.09578,1.09582,1.09569,1.09578,339.2699890136719
1704201300000,1.09578,1.0959,1.09575,1.09583,203.50999450683594
1704201360000,1.09582,1.09602,1.09582,1.096,314.6099853515625
1704201420000,1.09601,1.09608,1.09588,1.09607,366.6700134277344
1704201480000,1.09606,1.09621,1.096,1.09607,281.44000244140625
1704201540000,1.09605,1.09608,1.09587,1.09587,352.1400146484375
1704201600000,1.09586,1.09589,1.09556,1.09556,376.5299987792969
1704201660000,1.09557,1.09568,1.09556,1.09559,333.45001220703125
1704201720000,1.09558,1.09558,1.0952,1.09533,238.35000610351562
1704201780000,1.09533,1.09547,1.09521,1.09547,167.0399932861328
1704201840000,1.09551,1.09575,1.09547,1.0957,134.7100067138672
1704201900000,1.09572,1.09609,1.09564,1.09609,265.3599853515625
1704201960000,1.09608,1.09608,1.09577,1.09588,277.8999938964844
1704202020000,1.09588,1.09593,1.09567,1.09585,301.3399963378906
1704202080000,1.09583,1.09595,1.09575,1.09588,265.29998779296875
1704202140000,1.09588,1.09591,1.09573,1.09579,167.39999389648438
1704202200000,1.0958,1.09599,1.09571,1.09593,284
1704202260000,1.09593,1.09612,1.09588,1.09607,343.20001220703125
1704202320000,1.0961,1.09626,1.09596,1.09626,331.9599914550781
1704202380000,1.09626,1.0965,1.09626,1.09648,287.6199951171875
1704202440000,1.09647,1.09648,1.09623,1.09637,514.8900146484375
1704202500000,1.09638,1.09641,1.09618,1.09623,418.29998779296875
1704202560000,1.09623,1.09626,1.09612,1.09622,204.8800048828125
1704202620000,1.09621,1.09627,1.09602,1.09619,380.4100036621094
1704202680000,1.09619,1.09629,1.09613,1.09622,330.1400146484375
1704202740000,1.09621,1.09622,1.0961,1.09616,260.9800109863281
1704202800000,1.09617,1.09638,1.09616,1.09617,202.00999450683594
1704202860000,1.09617,1.09623,1.09607,1.0962,247.49000549316406
1704202920000,1.0962,1.09636,1.09617,1.09632,220.19000244140625
1704202980000,1.09632,1.09649,1.0963,1.09642,175.05999755859375
1704203040000,1.09643,1.09645,1.09637,1.09643,123.9000015258789
1704203100000,1.09642,1.09647,1.09633,1.09633,151.52999877929688
1704203160000,1.09631,1.09632,1.09613,1.09617,227.72999572753906
1704203220000,1.09618,1.09628,1.09617,1.09623,178.3800048828125
1704203280000,1.09622,1.09622,1.0961,1.09617,138.80999755859375
1704203340000,1.09621,1.09622,1.0959,1.09593,163.5
1704203400000,1.09593,1.09594,1.0955,1.09552,358.2799987792969
1704203460000,1.09553,1.09559,1.09536,1.0954,542.77001953125
1704203520000,1.09539,1.0954,1.09509,1.09534,445.80999755859375
1704203580000,1.09535,1.09535,1.09516,1.0952,557.9099731445312
1704203640000,1.09519,1.09522,1.0951,1.09516,296.2699890136719
1704203700000,1.09516,1.09523,1.09512,1.09519,289.2799987792969
1704203760000,1.0952,1.09521,1.0951,1.09511,349.5
1704203820000,1.0951,1.09528,1.09494,1.09527,428.9100036621094
1704203880000,1.09525,1.09551,1.09521,1.09545,311.79998779296875
1704203940000,1.09546,1.09551,1.09524,1.09527,210.63999938964844
1704204000000,1.09526,1.09556,1.09507,1.09552,436.7099914550781
1704204060000,1.09554,1.09573,1.09553,1.09563,587.2999877929688
1704204120000,1.09564,1.09566,1.09547,1.09557,344.2799987792969
1704204180000,1.09557,1.09557,1.0951,1.0951,562.1300048828125
1704204240000,1.09509,1.09535,1.09496,1.09501,553.3900146484375
1704204300000,1.095,1.09506,1.09485,1.09487,717.2100219726562
1704204360000,1.09486,1.09492,1.09461,1.09472,642.8699951171875
1704204420000,1.09471,1.09506,1.09471,1.09485,674.9600219726562
1704204480000,1.09484,1.09499,1.09483,1.09492,335.3500061035156
1704204540000,1.0949,1.095,1.09485,1.09487,361.8999938964844
1704204600000,1.09487,1.09493,1.09466,1.09467,485.57000732421875
1704204660000,1.09468,1.09471,1.09455,1.09457,209.8800048828125
1704204720000,1.09454,1.0946,1.09451,1.09456,242.8300018310547
1704204780000,1.09456,1.09465,1.09449,1.09462,450.82000732421875
1704204840000,1.09463,1.09466,1.09453,1.09461,257.25
1704204900000,1.0946,1.09476,1.09448,1.09473,456.760009765625
1704204960000,1.09471,1.09473,1.09459,1.09468,628.4600219726562
1704205020000,1.09468,1.09472,1.09461,1.09466,331.4100036621094
1704205080000,1.09469,1.09487,1.09468,1.09482,169.74000549316406
1704205140000,1.09482,1.09483,1.09461,1.09478,387.0899963378906
1704205200000,1.09478,1.09495,1.09471,1.0949,264.05999755859375
1704205260000,1.0949,1.09496,1.09482,1.09489,124.19999694824219
1704205320000,1.09489,1.09507,1.09482,1.09506,200.91000366210938
1704205380000,1.09508,1.09518,1.09496,1.09508,208.77000427246094
1704205440000,1.09507,1.09508,1.09489,1.09501,164.3800048828125
1704205500000,1.095,1.09534,1.09498,1.09529,468.8599853515625
1704205560000,1.09531,1.09538,1.09514,1.09515,277.3800048828125
1704205620000,1.09513,1.09533,1.09512,1.09528,307.4800109863281
1704205680000,1.0953,1.09532,1.09522,1.09524,234.8000030517578
1704205740000,1.09524,1.09529,1.09517,1.0952,307.1600036621094
1704205800000,1.09518,1.09546,1.09512,1.09536,329.1600036621094
1704205860000,1.09539,1.09546,1.09523,1.09545,366.8399963378906
1704205920000,1.09546,1.09571,1.09539,1.09571,500.04998779296875
1704205980000,1.0957,1.09571,1.09544,1.09556,360.1199951171875
1704206040000,1.09555,1.09574,1.09545,1.09573,338.69000244140625
1704206100000,1.09573,1.09575,1.09546,1.09549,703.1799926757812
1704206160000,1.09548,1.09585,1.09546,1.09582,655.8800048828125
1704206220000,1.09583,1.09606,1.09582,1.09602,363.8800048828125
1704206280000,1.09602,1.09606,1.0959,1.09598,357.2699890136719
1704206340000,1.09599,1.09602,1.09573,1.09582,435.739990234375
1704206400000,1.09583,1.09632,1.09583,1.09623,540.5900268554688
1704206460000,1.09623,1.09637,1.09606,1.09607,288.1700134277344
1704206520000,1.09608,1.0961,1.0954,1.09546,700
1704206580000,1.09547,1.09558,1.09546,1.09552,428.70001220703125
1704206640000,1.09552,1.09584,1.09552,1.09571,583.8200073242188
1704206700000,1.09572,1.09639,1.09572,1.09592,1207.1300048828125
1704206760000,1.09594,1.09626,1.09592,1.09603,903.1400146484375
1704206820000,1.09603,1.09616,1.09555,1.09555,596.22998046875
1704206880000,1.09554,1.09559,1.09524,1.09539,508.739990234375
1704206940000,1.09538,1.09542,1.09515,1.09539,344.25
1704207000000,1.09541,1.09566,1.09539,1.09561,684.0900268554688
1704207060000,1.0956,1.09583,1.09553,1.0957,719.9199829101562
1704207120000,1.09571,1.09607,1.09568,1.09577,783.25
1704207180000,1.09581,1.09602,1.09554,1.09561,564.5599975585938
1704207240000,1.09561,1.09562,1.09539,1.09543,613.1400146484375
1704207300000,1.09543,1.09583,1.09526,1.09575,549.6199951171875
1704207360000,1.09576,1.09588,1.09561,1.09567,633.8200073242188
1704207420000,1.09569,1.09577,1.09553,1.09577,519.8599853515625
1704207480000,1.09578,1.09622,1.09578,1.09622,567.77001953125
1704207540000,1.09622,1.09631,1.09617,1.09631,298.1099853515625
1704207600000,1.09631,1.09672,1.09627,1.09657,515.2100219726562
1704207660000,1.09658,1.09682,1.09642,1.09648,575.02001953125
1704207720000,1.09648,1.09673,1.09647,1.09662,460.32000732421875
1704207780000,1.09665,1.09667,1.09635,1.09638,454.55999755859375
1704207840000,1.09637,1.09639,1.09596,1.09609,523.1500244140625
1704207900000,1.09609,1.09615,1.09592,1.09595,517.2000122070312
1704207960000,1.09596,1.09627,1.09592,1.09599,460.6499938964844
1704208020000,1.09599,1.09604,1.09582,1.09584,556.280029296875
1704208080000,1.09584,1.0959,1.09562,1.09574,377.4599914550781
1704208140000,1.09573,1.09581,1.09553,1.09573,393.3999938964844
1704208200000,1.09572,1.09602,1.09554,1.09557,533.6300048828125
1704208260000,1.09557,1.0958,1.09557,1.09562,336.67999267578125
1704208320000,1.09561,1.0959,1.0956,1.0959,302.2699890136719
1704208380000,1.0959,1.09602,1.0958,1.0959,470.0199890136719
1704208440000,1.09589,1.09593,1.09573,1.09578,374.75
1704208500000,1.09578,1.09583,1.09541,1.09545,569.3099975585938
1704208560000,1.09545,1.09557,1.09532,1.0955,371.4700012207031
1704208620000,1.0955,1.09578,1.09536,1.09578,448.239990234375
1704208680000,1.09577,1.09596,1.09576,1.09593,363.239990234375
1704208740000,1.09593,1.09616,1.09581,1.09582,294.010009765625
1704208800000,1.09581,1.09597,1.09575,1.09594,618.8599853515625
1704208860000,1.09597,1.09601,1.09587,1.09587,401.54998779296875
1704208920000,1.09591,1.09591,1.09554,1.09578,432.3900146484375
1704208980000,1.09576,1.0961,1.09576,1.09601,331.29998779296875
1704209040000,1.09601,1.0961,1.09585,1.09603,552.7000122070312
1704209100000,1.09605,1.09617,1.09584,1.09585,490.3500061035156
1704209160000,1.09584,1.09585,1.09565,1.09581,532.4099731445312
1704209220000,1.09582,1.09593,1.09561,1.0957,525.8800048828125
1704209280000,1.0957,1.09581,1.0956,1.09566,478.6300048828125
1704209340000,1.09566,1.09601,1.09566,1.09594,484.6199951171875
1704209400000,1.09594,1.09594,1.09542,1.09551,416.2099914550781
1704209460000,1.09552,1.09552,1.09534,1.09546,590.9099731445312
1704209520000,1.09546,1.09563,1.09541,1.09552,452.3399963378906
1704209580000,1.0955,1.09572,1.09549,1.09558,348.9100036621094
1704209640000,1.09558,1.09558,1.09541,1.09553,457.8800048828125
1704209700000,1.09553,1.09562,1.09541,1.09556,279.20001220703125
1704209760000,1.0956,1.0956,1.09534,1.09534,242.14999389648438
1704209820000,1.09536,1.09537,1.09497,1.0951,692.5399780273438
1704209880000,1.09511,1.09539,1.09505,1.09527,506.4599914550781
1704209940000,1.09527,1.09557,1.09523,1.09544,541.8599853515625
1704210000000,1.09543,1.09557,1.09536,1.09538,577.6599731445312
1704210060000,1.09539,1.09542,1.095,1.09502,793.6400146484375
1704210120000,1.09501,1.0955,1.09501,1.09533,457.9800109863281
1704210180000,1.09531,1.09548,1.0952,1.09531,436.0199890136719
1704210240000,1.0953,1.09549,1.09525,1.09525,505.9100036621094
1704210300000,1.09524,1.09557,1.0952,1.09535,606.5700073242188
1704210360000,1.09535,1.09536,1.09517,1.09524,379.1199951171875
1704210420000,1.09524,1.09536,1.0951,1.09511,277.7900085449219
1704210480000,1.09509,1.09509,1.09498,1.09502,353.3399963378906
1704210540000,1.09503,1.09506,1.09499,1.095,354.1099853515625
1704210600000,1.09498,1.09522,1.09498,1.09511,717
1704210660000,1.0951,1.09516,1.0948,1.09481,747.77001953125
1704210720000,1.0948,1.09483,1.09468,1.0947,492.9800109863281
1704210780000,1.09471,1.0948,1.09468,1.09468,290.2699890136719
1704210840000,1.09468,1.09473,1.09462,1.09465,482.8800048828125
1704210900000,1.09464,1.0947,1.0946,1.0947,251.83999633789062
1704210960000,1.0947,1.0949,1.0947,1.09485,260.6700134277344
1704211020000,1.09483,1.09492,1.09429,1.09433,778.8099975585938
1704211080000,1.09432,1.0944,1.0941,1.09433,833.9199829101562
1704211140000,1.09436,1.09449,1.09431,1.09435,841.97998046875
1704211200000,1.09436,1.09452,1.09431,1.09433,419.9599914550781
1704211260000,1.09432,1.09435,1.09417,1.09419,303.8399963378906
1704211320000,1.09418,1.09432,1.09417,1.09425,297.17999267578125
1704211380000,1.09423,1.09433,1.09408,1.09418,344.8500061035156
1704211440000,1.09419,1.09447,1.09419,1.09444,160.77999877929688
1704211500000,1.09442,1.09483,1.09442,1.09474,185.94000244140625
1704211560000,1.09472,1.09491,1.09463,1.09491,269.2200012207031
1704211620000,1.09492,1.09506,1.09489,1.09497,331.3599853515625
1704211680000,1.09496,1.09519,1.09496,1.09519,157.72999572753906
1704211740000,1.09518,1.09529,1.0951,1.09529,145.42999267578125
1704211800000,1.09531,1.09564,1.09531,1.09559,237.1999969482422
1704211860000,1.09559,1.0958,1.09558,1.09573,322.70001220703125
1704211920000,1.09571,1.09576,1.09569,1.0957,184.4600067138672
1704211980000,1.0957,1.09573,1.09559,1.09564,266.44000244140625
1704212040000,1.09565,1.09582,1.0956,1.09574,187.24000549316406
1704212100000,1.09573,1.0959,1.09569,1.0959,219.60000610351562
1704212160000,1.09589,1.0959,1.09571,1.09575,294.760009765625
1704212220000,1.09574,1.09574,1.09563,1.09566,332.3500061035156
1704212280000,1.09564,1.09577,1.09558,1.09569,214.3300018310547
1704212340000,1.09569,1.09583,1.09567,1.0958,358.4599914550781
1704212400000,1.09579,1.09587,1.09576,1.09578,349.2300109863281
1704212460000,1.09578,1.0958,1.09571,1.09572,125
1704212520000,1.09571,1.09604,1.09564,1.09599,235.08999633789062
1704212580000,1.09598,1.096,1.09586,1.09595,287.3900146484375
1704212640000,1.09595,1.09606,1.09587,1.09603,203.91000366210938
1704212700000,1.09603,1.09616,1.09592,1.09594,201.10000610351562
1704212760000,1.096,1.09603,1.09588,1.09591,207.55999755859375
1704212820000,1.09592,1.09594,1.0958,1.0958,240.7899932861328
1704212880000,1.09579,1.09591,1.09576,1.09581,267.8900146484375
1704212940000,1.09581,1.09591,1.09577,1.09578,275.1300048828125
1704213000000,1.09577,1.09578,1.09542,1.09544,549.5499877929688
1704213060000,1.09544,1.09546,1.09528,1.09543,212.5399932861328
1704213120000,1.09543,1.09552,1.09532,1.09544,335.1000061035156
1704213180000,1.09544,1.09549,1.09529,1.09544,296.8900146484375
1704213240000,1.09544,1.09549,1.09533,1.09534,300.5400085449219
1704213300000,1.09535,1.09544,1.09527,1.09529,372.4800109863281
1704213360000,1.09531,1.09533,1.0951,1.09514,327.739990234375
1704213420000,1.09512,1.09537,1.09506,1.09507,420.7699890136719
1704213480000,1.09506,1.09507,1.09482,1.09487,166.16000366210938
1704213540000,1.09486,1.09494,1.0948,1.09483,351.42999267578125
1704213600000,1.09483,1.09488,1.09481,1.09485,226.05999755859375
1704213660000,1.09484,1.09485,1.09475,1.09478,172.58999633789062
1704213720000,1.09478,1.09478,1.09462,1.09468,264.8599853515625
1704213780000,1.09467,1.09468,1.09452,1.09453,202.10000610351562
1704213840000,1.09452,1.09464,1.09445,1.09464,117.68000030517578
1704213900000,1.09465,1.09488,1.09464,1.09488,206.75
1704213960000,1.09488,1.09511,1.09484,1.09509,260.510009765625
1704214020000,1.09509,1.09535,1.09509,1.09533,102.37000274658203
1704214080000,1.09532,1.09535,1.09529,1.09534,372.79998779296875
1704214140000,1.09533,1.09539,1.09529,1.09539,132.16000366210938
1704214200000,1.09539,1.09547,1.09533,1.09544,222.4600067138672
1704214260000,1.09545,1.09566,1.09544,1.09561,108.5199966430664
1704214320000,1.09562,1.09564,1.0955,1.09551,170.8000030517578
1704214380000,1.0955,1.09564,1.09546,1.09546,132.89999389648438
1704214440000,1.0955,1.09554,1.09546,1.09548,153.25
1704214500000,1.09549,1.09556,1.09545,1.09549,325.760009765625
1704214560000,1.0955,1.0957,1.09549,1.09559,165.0500030517578
1704214620000,1.09559,1.09576,1.09559,1.09572,219.8300018310547
1704214680000,1.09572,1.09578,1.09565,1.09567,260.6600036621094
1704214740000,1.09568,1.09575,1.09558,1.09564,230.75
1704214800000,1.09565,1.09575,1.09559,1.09562,176.42999267578125
1704214860000,1.09562,1.09568,1.09559,1.09559,81.97000122070312
1704214920000,1.0956,1.09566,1.09547,1.09563,282.4100036621094
1704214980000,1.09564,1.09568,1.09558,1.0956,303.57000732421875
1704215040000,1.09558,1.09562,1.09543,1.09552,357.55999755859375
1704215100000,1.09553,1.09553,1.09545,1.09548,160.3699951171875
1704215160000,1.09549,1.0955,1.0954,1.09548,180.80999755859375
1704215220000,1.09548,1.09555,1.09538,1.09539,104.87999725341797
1704215280000,1.0954,1.09544,1.09537,1.09537,69.75
1704215340000,1.09536,1.09536,1.09511,1.09517,457.3900146484375
1704215400000,1.09518,1.09518,1.0949,1.09493,342.05999755859375
1704215460000,1.09494,1.09496,1.09482,1.09494,377.260009765625
1704215520000,1.09495,1.09514,1.09494,1.09495,224.02999877929688
1704215580000,1.09493,1.09503,1.09488,1.09498,160.36000061035156
1704215640000,1.09497,1.0951,1.09493,1.09508,88.16000366210938
1704215700000,1.09509,1.09522,1.09497,1.09499,152.6699981689453
1704215760000,1.095,1.095,1.09481,1.09482,425.5799865722656
1704215820000,1.09483,1.09489,1.09459,1.09467,324.4800109863281
1704215880000,1.09466,1.09483,1.09465,1.09478,243.60000610351562
1704215940000,1.0948,1.09489,1.09479,1.09488,110.4000015258789
1704216000000,1.09489,1.09507,1.09481,1.09489,372.6400146484375
1704216060000,1.0949,1.09505,1.09488,1.09496,411.79998779296875
1704216120000,1.09497,1.09504,1.09487,1.09501,429.8299865722656
1704216180000,1.095,1.09511,1.09487,1.09511,171.16000366210938
1704216240000,1.09511,1.09534,1.09511,1.09531,112.98999786376953
1704216300000,1.09532,1.0954,1.0953,1.09539,70.25
1704216360000,1.09539,1.09544,1.09531,1.09533,183.61000061035156
1704216420000,1.09532,1.09539,1.09527,1.09533,151.8300018310547
1704216480000,1.09534,1.09556,1.09528,1.09554,153.32000732421875
1704216540000,1.09554,1.09556,1.09531,1.09533,240.1199951171875
1704216600000,1.09532,1.09544,1.09531,1.09539,189.2100067138672
1704216660000,1.09537,1.09558,1.09533,1.09554,170.58999633789062
1704216720000,1.09553,1.09557,1.09544,1.09548,178.52999877929688
1704216780000,1.09548,1.09559,1.0954,1.09542,332.3299865722656
1704216840000,1.09541,1.09543,1.0952,1.09527,177.82000732421875
1704216900000,1.09529,1.09542,1.09525,1.09539,138.72000122070312
1704216960000,1.0954,1.09554,1.09538,1.09543,214.97999572753906
1704217020000,1.09542,1.09546,1.0954,1.09544,89.45999908447266
1704217080000,1.09543,1.09544,1.0954,1.09544,47.45000076293945
1704217140000,1.09544,1.09544,1.09539,1.0954,55.34000015258789
1704217200000,1.09543,1.09549,1.0954,1.0954,127.47000122070312
1704217260000,1.09538,1.0954,1.09526,1.09526,283.3900146484375
1704217320000,1.09527,1.09529,1.09515,1.09529,181.94000244140625
1704217380000,1.09529,1.09529,1.09521,1.09524,152.97999572753906
1704217440000,1.09523,1.09525,1.09516,1.09516,284.2099914550781
1704217500000,1.09513,1.09513,1.09502,1.09506,193.57000732421875
1704217560000,1.09506,1.09514,1.09497,1.09504,203.3300018310547
1704217620000,1.09505,1.0952,1.09504,1.09518,269.5299987792969
1704217680000,1.09519,1.09526,1.09515,1.0952,343.3999938964844
1704217740000,1.09519,1.09523,1.09512,1.09519,231.3699951171875
1704217800000,1.09521,1.09521,1.09506,1.0951,286.3800048828125
1704217860000,1.09509,1.09519,1.09502,1.09517,175.0399932861328
1704217920000,1.09518,1.09525,1.09505,1.0951,191.91000366210938
1704217980000,1.09512,1.09521,1.09512,1.09515,125.8499984741211
1704218040000,1.09514,1.09524,1.09512,1.09514,140.66000366210938
1704218100000,1.09514,1.09514,1.09467,1.09474,296.07000732421875
1704218160000,1.09473,1.09509,1.09469,1.09497,246.2899932861328
1704218220000,1.09498,1.095,1.09481,1.09483,132.89999389648438
1704218280000,1.09483,1.09492,1.09482,1.09487,140.55999755859375
1704218340000,1.09486,1.09511,1.09486,1.09504,159.66000366210938
1704218400000,1.09504,1.09515,1.09499,1.09499,277.260009765625
1704218460000,1.09502,1.09507,1.09488,1.09489,178.14999389648438
1704218520000,1.09488,1.09499,1.09482,1.09498,142.0800018310547
1704218580000,1.09501,1.09509,1.09499,1.09508,120.29000091552734
1704218640000,1.09509,1.09509,1.095,1.09503,57.77000045776367
1704218700000,1.09503,1.09509,1.09498,1.09498,73.0199966430664
1704218760000,1.09501,1.09502,1.09498,1.09499,43.27000045776367
1704218820000,1.095,1.09504,1.09494,1.09501,128.86000061035156
1704218880000,1.09501,1.09505,1.09495,1.09498,64.73999786376953
1704218940000,1.09497,1.095,1.09477,1.09499,218.61000061035156
1704219000000,1.09498,1.09512,1.09495,1.0951,138.8000030517578
1704219060000,1.09508,1.09525,1.09505,1.09524,132.86000061035156
1704219120000,1.09525,1.09542,1.09523,1.09538,137.6699981689453
1704219180000,1.09539,1.09543,1.09537,1.09539,43.20000076293945
1704219240000,1.0954,1.09542,1.0953,1.0953,79.08999633789062
1704219300000,1.09529,1.09538,1.09523,1.09538,138.0399932861328
1704219360000,1.09537,1.09541,1.09525,1.09528,65.69999694824219
1704219420000,1.09528,1.0953,1.09526,1.09529,64.5199966430664
1704219480000,1.09529,1.0954,1.09528,1.0954,70.19999694824219
1704219540000,1.09539,1.09546,1.09538,1.09539,70.26000213623047
1704219600000,1.0954,1.09556,1.0954,1.09549,67.33000183105469
1704219660000,1.09551,1.09558,1.09549,1.09557,107.16000366210938
1704219720000,1.09557,1.09558,1.09548,1.09553,40.66999816894531
1704219780000,1.09556,1.09557,1.09545,1.09549,44.189998626708984
1704219840000,1.09548,1.09557,1.09545,1.09545,100.73999786376953
1704219900000,1.09544,1.09549,1.09542,1.09543,97.37999725341797
1704219960000,1.09544,1.09549,1.09541,1.09548,163.75
1704220020000,1.0955,1.09558,1.09542,1.09543,141.83999633789062
1704220080000,1.09545,1.09553,1.09543,1.09544,92.72000122070312
1704220140000,1.09543,1.09553,1.09543,1.09543,96.11000061035156
1704220200000,1.09543,1.09549,1.09537,1.09545,155.25999450683594
1704220260000,1.09544,1.09545,1.09538,1.09539,74.87999725341797
1704220320000,1.09538,1.09544,1.09536,1.09543,83.73999786376953
1704220380000,1.09544,1.09549,1.09542,1.09548,31.81999969482422
1704220440000,1.09549,1.09549,1.09546,1.09546,11.699999809265137
1704220500000,1.09545,1.09545,1.09535,1.09542,127.41999816894531
1704220560000,1.09541,1.09541,1.09517,1.09519,220.00999450683594
1704220620000,1.09523,1.09525,1.09515,1.09524,88.44000244140625
1704220680000,1.09526,1.09528,1.09509,1.09509,117.37999725341797
1704220740000,1.0951,1.09512,1.09504,1.09512,47.25
1704220800000,1.09511,1.09511,1.095,1.09507,189.02000427246094
1704220860000,1.09506,1.09506,1.09492,1.09498,281.7300109863281
1704220920000,1.09497,1.09498,1.09478,1.09478,342.8399963378906
1704220980000,1.0948,1.095,1.09476,1.09497,288.54998779296875
1704221040000,1.09497,1.09497,1.09482,1.09482,142.8699951171875
1704221100000,1.09482,1.09489,1.09482,1.09489,214.72999572753906
1704221160000,1.0949,1.09499,1.09488,1.09497,371.07000732421875
1704221220000,1.09497,1.09503,1.09494,1.09497,306.75
1704221280000,1.09498,1.09502,1.09492,1.09493,171.42999267578125
1704221340000,1.09492,1.09502,1.09487,1.09495,143.3699951171875
1704221400000,1.09493,1.09495,1.09481,1.09482,200.7899932861328
1704221460000,1.09482,1.09487,1.09472,1.09472,262.94000244140625
1704221520000,1.09472,1.09488,1.09471,1.09482,303.489990234375
1704221580000,1.09482,1.09491,1.09478,1.09487,287.70001220703125
1704221640000,1.09486,1.09487,1.09478,1.0948,206.1699981689453
1704221700000,1.0948,1.09491,1.09479,1.09489,240.63999938964844
1704221760000,1.09492,1.09493,1.09462,1.09467,404.57000732421875
1704221820000,1.09466,1.09479,1.09462,1.09475,469.5
1704221880000,1.09474,1.09476,1.09469,1.09469,313.6700134277344
1704221940000,1.09469,1.09474,1.09465,1.09467,231.13999938964844
1704222000000,1.09466,1.09466,1.09456,1.09457,166.61000061035156
1704222060000,1.09458,1.0947,1.09455,1.09467,299.1600036621094
1704222120000,1.09466,1.09472,1.09466,1.09472,175.69000244140625
1704222180000,1.09472,1.09473,1.09464,1.09466,207.4499969482422
1704222240000,1.09466,1.0947,1.09447,1.09448,321.69000244140625
1704222300000,1.09448,1.09453,1.09446,1.09452,260.54998779296875
1704222360000,1.09452,1.09453,1.0944,1.0944,118.87000274658203
1704222420000,1.0944,1.09444,1.09429,1.09442,269.260009765625
1704222480000,1.09443,1.09444,1.09441,1.09443,25.649999618530273
1704222540000,1.09442,1.09446,1.09442,1.09443,22.68000030517578
1704222600000,1.09446,1.09454,1.09442,1.09454,200.3300018310547
1704222660000,1.09454,1.09463,1.09451,1.09459,73.91000366210938
1704222720000,1.09462,1.0947,1.09457,1.09468,76.80000305175781
1704222780000,1.09467,1.09474,1.09464,1.09474,75.04000091552734
1704222840000,1.09475,1.09475,1.0946,1.09465,84.81999969482422
1704222900000,1.09464,1.09468,1.0945,1.0946,202.1699981689453
1704222960000,1.09459,1.09466,1.09447,1.09447,156.64999389648438
1704223020000,1.09446,1.09448,1.09444,1.09448,59.7400016784668
1704223080000,1.09448,1.09452,1.09446,1.09448,271.55999755859375
1704223140000,1.09447,1.09455,1.09444,1.09453,388.69000244140625
1704223200000,1.09451,1.09459,1.09447,1.09458,130.0399932861328
1704223260000,1.09459,1.09481,1.09458,1.0948,77.80000305175781
1704223320000,1.09479,1.09479,1.09473,1.09473,35.119998931884766
1704223380000,1.09473,1.09475,1.09472,1.09474,45.7400016784668
1704223440000,1.09475,1.09475,1.09473,1.09473,29.010000228881836
1704223500000,1.09473,1.09474,1.09464,1.0947,57.31999969482422
1704223560000,1.0947,1.09483,1.09468,1.09482,174.3800048828125
1704223620000,1.09483,1.09496,1.09482,1.09484,100.45999908447266
1704223680000,1.09482,1.09493,1.09482,1.09489,77.7699966430664
1704223740000,1.0949,1.09498,1.09488,1.09495,65.63999938964844
1704223800000,1.09493,1.09501,1.09492,1.09499,62.27000045776367
1704223860000,1.09501,1.09501,1.09483,1.09483,146.02999877929688
1704223920000,1.09482,1.09485,1.09471,1.09473,133.2100067138672
1704223980000,1.09472,1.09478,1.09463,1.09463,61.81999969482422
1704224040000,1.09462,1.09464,1.09462,1.09463,65.41999816894531
1704224100000,1.09463,1.09464,1.0946,1.09463,48.77000045776367
1704224160000,1.09466,1.0948,1.09466,1.09473,65.87000274658203
1704224220000,1.09473,1.09479,1.09473,1.09479,66.1500015258789
1704224280000,1.0948,1.09484,1.09469,1.09469,84.5999984741211
1704224340000,1.09467,1.09471,1.09462,1.09469,147.7899932861328
1704224400000,1.09469,1.0948,1.09469,1.09479,37.349998474121094
1704224460000,1.09481,1.09483,1.09479,1.09481,54
1704224520000,1.09479,1.09481,1.09478,1.09481,59.400001525878906
1704224580000,1.09481,1.09485,1.09475,1.0948,149.1199951171875
1704224640000,1.09481,1.09481,1.09474,1.09479,94.2699966430664
1704224700000,1.09479,1.09479,1.09466,1.09474,79.98999786376953
1704224760000,1.09474,1.09482,1.09474,1.0948,107.55000305175781
1704224820000,1.09479,1.09487,1.09469,1.09473,156.19000244140625
1704224880000,1.09473,1.09473,1.09456,1.09456,163.33999633789062
1704224940000,1.09457,1.09457,1.0945,1.09452,288.7900085449219
1704225000000,1.09451,1.0946,1.0945,1.09453,82.97000122070312
1704225060000,1.09454,1.09469,1.09454,1.09468,97.19000244140625
1704225120000,1.0947,1.09474,1.09469,1.09473,50.209999084472656
1704225180000,1.09472,1.09472,1.09454,1.09458,71.45999908447266
1704225240000,1.09457,1.09476,1.09457,1.09475,110.16999816894531
1704225300000,1.09474,1.09474,1.0946,1.09461,59.29999923706055
1704225360000,1.09461,1.09464,1.09452,1.09458,55.779998779296875
1704225420000,1.09456,1.09461,1.09455,1.09456,71.98999786376953
1704225480000,1.09457,1.09461,1.09456,1.09461,60.29999923706055
1704225540000,1.0946,1.09465,1.09455,1.09465,311.739990234375
1704225600000,1.09465,1.09468,1.09459,1.09463,234.52000427246094
1704225660000,1.09465,1.09471,1.09465,1.09467,82.43000030517578
1704225720000,1.09467,1.09474,1.09466,1.09467,201
1704225780000,1.0947,1.0947,1.09458,1.09459,48.599998474121094
1704225840000,1.09458,1.0946,1.09456,1.09458,91.41000366210938
1704225900000,1.09459,1.09461,1.09458,1.0946,60.189998626708984
1704225960000,1.09461,1.09461,1.09458,1.09459,93.1500015258789
1704226020000,1.0946,1.0948,1.09456,1.09468,309.79998779296875
1704226080000,1.09469,1.09488,1.09465,1.09484,374.2099914550781
1704226140000,1.09483,1.09502,1.09483,1.09491,388.9800109863281
1704226200000,1.09492,1.09511,1.09492,1.09498,156.14999389648438
1704226260000,1.09498,1.09498,1.0949,1.0949,82.08000183105469
1704226320000,1.09489,1.0949,1.09484,1.09484,110.41999816894531
1704226380000,1.09487,1.09487,1.09483,1.09483,14.850000381469727
1704226440000,1.09483,1.09484,1.09483,1.09483,4.5
1704226500000,1.09483,1.09483,1.0948,1.09482,49.130001068115234
1704226560000,1.09483,1.09491,1.09482,1.09488,331.2900085449219
1704226620000,1.09488,1.09506,1.09488,1.09499,276.75
1704226680000,1.09499,1.09501,1.09493,1.09498,277.6600036621094
1704226740000,1.095,1.095,1.09484,1.09489,270.7900085449219
1704226800000,1.09488,1.09495,1.09486,1.09493,61.20000076293945
1704226860000,1.09492,1.09496,1.09489,1.09495,34.9900016784668
1704226920000,1.09494,1.09497,1.09488,1.09488,56.310001373291016
1704226980000,1.0949,1.09495,1.09489,1.09492,68.91999816894531
1704227040000,1.09491,1.09505,1.0949,1.095,57.900001525878906
1704227100000,1.09497,1.09497,1.0949,1.0949,52.290000915527344
1704227160000,1.09488,1.09488,1.09476,1.09479,184.4600067138672
1704227220000,1.09478,1.09482,1.09468,1.09468,151.41000366210938
1704227280000,1.09466,1.09466,1.09458,1.09464,40.5
1704227340000,1.09462,1.09462,1.09459,1.09459,18.170000076293945
1704227400000,1.09462,1.09475,1.09461,1.09475,64.20999908447266
1704227460000,1.09473,1.0948,1.0947,1.09477,112.66999816894531
1704227520000,1.09475,1.09475,1.09466,1.09468,161.74000549316406
1704227580000,1.09467,1.09476,1.09467,1.09473,183.97999572753906
1704227640000,1.09472,1.09483,1.09468,1.09478,170.88999938964844
1704227700000,1.09479,1.09486,1.09477,1.09483,159.3699951171875
1704227760000,1.09483,1.09483,1.09473,1.09477,187.75
1704227820000,1.09477,1.09482,1.09474,1.09474,326.25
1704227880000,1.09476,1.09476,1.09463,1.09464,224.0399932861328
1704227940000,1.09463,1.09473,1.09463,1.09473,124.19000244140625
1704228000000,1.09472,1.09475,1.09472,1.09475,80.0999984741211
1704228060000,1.09474,1.09482,1.09474,1.0948,55.52000045776367
1704228120000,1.09478,1.0948,1.0947,1.0947,54.060001373291016
1704228180000,1.09472,1.09474,1.09467,1.09468,90.62000274658203
1704228240000,1.09467,1.09472,1.09466,1.09468,167.1199951171875
1704228300000,1.09469,1.0948,1.09468,1.09474,252.38999938964844
1704228360000,1.09475,1.09475,1.09463,1.09468,256.8599853515625
1704228420000,1.09469,1.09476,1.09467,1.09469,175.5
1704228480000,1.0947,1.0947,1.09461,1.09464,207.6199951171875
1704228540000,1.09463,1.09466,1.09458,1.09463,188.10000610351562
1704228600000,1.09465,1.09479,1.09465,1.09478,339.4599914550781
1704228660000,1.09479,1.09486,1.09474,1.09478,262.3599853515625
1704228720000,1.09479,1.09481,1.09476,1.09478,180
1704228780000,1.09479,1.09481,1.09476,1.09479,315
1704228840000,1.0948,1.09484,1.09476,1.09483,247.1199951171875
1704228900000,1.09482,1.09482,1.09452,1.09453,555.5599975585938
1704228960000,1.09453,1.09454,1.09426,1.09427,483.2799987792969
1704229020000,1.09427,1.09444,1.09426,1.09435,362.57000732421875
1704229080000,1.09435,1.09437,1.09424,1.09427,416.4800109863281
1704229140000,1.09426,1.09433,1.09421,1.09431,594.7100219726562
1704229200000,1.0943,1.09431,1.09417,1.09419,328.8399963378906
1704229260000,1.0942,1.09421,1.09409,1.09409,177.27000427246094
1704229320000,1.09408,1.09419,1.09407,1.09417,94.33000183105469
1704229380000,1.09416,1.09431,1.09416,1.09431,90.44999694824219
1704229440000,1.09429,1.09431,1.09425,1.09428,85.37000274658203
1704229500000,1.09432,1.09432,1.09422,1.09425,132.3000030517578
1704229560000,1.09426,1.09431,1.09425,1.09426,54
1704229620000,1.09425,1.09431,1.09419,1.0942,143.5500030517578
1704229680000,1.09419,1.0942,1.09407,1.09407,100.22000122070312
1704229740000,1.09406,1.09408,1.09399,1.09401,91.93000030517578
1704229800000,1.09401,1.09404,1.09401,1.09403,51.31999969482422
1704229860000,1.09402,1.09404,1.09397,1.09401,59.31999969482422
1704229920000,1.09402,1.09405,1.09401,1.09402,50.970001220703125
1704229980000,1.09402,1.09402,1.09395,1.09397,39.06999969482422
1704230040000,1.09396,1.09415,1.09396,1.09413,81.9000015258789
1704230100000,1.09414,1.09416,1.09413,1.09415,30.149999618530273
1704230160000,1.09415,1.09416,1.0941,1.09412,106.6500015258789
1704230220000,1.09414,1.09416,1.09408,1.09411,139.57000732421875
1704230280000,1.0941,1.09417,1.09409,1.09415,98.55000305175781
1704230340000,1.09415,1.09416,1.09405,1.09405,84.51000213623047
1704230400000,1.09406,1.09406,1.09406,1.09406,5.400000095367432
1704230460000,1.09406,1.09411,1.09406,1.0941,60.29999923706055
1704230520000,1.09411,1.09426,1.0941,1.09424,80.0999984741211
1704230580000,1.09423,1.09423,1.0941,1.09412,88.19999694824219
1704230640000,1.09413,1.09421,1.09412,1.09419,94.06999969482422
1704230700000,1.0942,1.09424,1.09418,1.09422,38.70000076293945
1704230760000,1.09422,1.09424,1.09412,1.09412,63.16999816894531
1704230820000,1.09413,1.09415,1.09411,1.09412,74.41999816894531
1704230880000,1.09413,1.09414,1.09411,1.09411,87.30000305175781
1704230940000,1.0941,1.09412,1.09384,1.09384,157.24000549316406
1704231000000,1.09384,1.09395,1.09383,1.0939,89.27999877929688
1704231060000,1.09391,1.09397,1.09391,1.09394,30.31999969482422
1704231120000,1.09394,1.09394,1.09393,1.09394,22.5
1704231180000,1.09395,1.09396,1.09394,1.09394,12.6899995803833
1704231240000,1.09394,1.09405,1.09394,1.09401,28.040000915527344
1704231300000,1.09403,1.09411,1.09403,1.09403,57
1704231360000,1.09404,1.09405,1.09403,1.09405,40.5
1704231420000,1.09405,1.09409,1.09405,1.09406,13.5
1704231480000,1.09407,1.09408,1.09407,1.09408,11.699999809265137
1704231540000,1.09408,1.09408,1.09405,1.09405,8.100000381469727
1704231600000,1.09406,1.09406,1.09403,1.09404,81.44999694824219
1704231660000,1.09404,1.09408,1.09403,1.09407,51.29999923706055
1704231720000,1.09407,1.09408,1.09405,1.09407,55.58000183105469
1704231780000,1.09407,1.09412,1.09407,1.09408,44.54999923706055
1704231840000,1.09408,1.09408,1.09407,1.09407,42.29999923706055
1704231900000,1.09407,1.09412,1.09407,1.0941,130.1699981689453
1704231960000,1.09409,1.09412,1.09408,1.09412,90.0199966430664
1704232020000,1.09414,1.09423,1.09414,1.09421,82.5999984741211
1704232080000,1.09422,1.09422,1.09415,1.09419,178.63999938964844
1704232140000,1.09419,1.09424,1.09419,1.09422,121.29000091552734
1704232200000,1.09422,1.09422,1.09418,1.0942,50.290000915527344
1704232260000,1.09419,1.09421,1.09418,1.09419,46.18000030517578
1704232320000,1.0942,1.0942,1.09416,1.09416,70.58999633789062
1704232380000,1.09416,1.09416,1.09416,1.09416,4.5
1704232440000,1.09415,1.09415,1.09411,1.09413,31.68000030517578
1704232500000,1.09413,1.09414,1.09409,1.0941,234.0500030517578
1704232560000,1.0941,1.09412,1.09405,1.09406,166.3300018310547
1704232620000,1.09405,1.09409,1.09405,1.09406,73.3499984741211
1704232680000,1.09406,1.09413,1.09405,1.09412,37.22999954223633
1704232740000,1.09411,1.09413,1.09396,1.09396,42.91999816894531
1704232800000,1.09396,1.09422,1.09375,1.09413,36.31999969482422
1704232860000,1.0941,1.09413,1.0941,1.09413,5.039999961853027
1704232920000,1.09413,1.09427,1.09413,1.09427,2.700000047683716
1704232980000,1.09427,1.09427,1.09427,1.09427,0.8999999761581421
1704233040000,1.09424,1.09424,1.09424,1.09424,3.5999999046325684
1704233100000,1.0942,1.09438,1.0942,1.09438,37.79999923706055
1704233160000,1.09426,1.09434,1.0942,1.0942,70.37999725341797
1704233220000,1.09421,1.09421,1.0942,1.0942,59.400001525878906
1704233280000,1.09421,1.09421,1.09421,1.09421,27
1704233340000,1.0942,1.09421,1.0942,1.09421,22.5
1704233400000,1.09422,1.09422,1.09421,1.09421,45
1704233460000,1.09421,1.09423,1.09421,1.09423,28.799999237060547
1704233520000,1.09423,1.09424,1.09419,1.0942,9
1704233580000,1.09423,1.09428,1.09415,1.09418,75.1500015258789
1704233640000,1.09418,1.09419,1.09408,1.09408,165.9499969482422
1704233700000,1.09408,1.09419,1.09408,1.09412,101.75
1704233760000,1.09414,1.09414,1.09411,1.09412,8.100000381469727
1704233820000,1.09412,1.09412,1.09409,1.09409,12.149999618530273
1704233880000,1.09409,1.09409,1.09405,1.09409,9.720000267028809
1704233940000,1.09409,1.09413,1.09409,1.09413,8.069999694824219
1704234000000,1.09413,1.09416,1.09413,1.09415,58.40999984741211
1704234060000,1.09415,1.09415,1.09413,1.09413,29.34000015258789
1704234120000,1.09413,1.09415,1.09413,1.09415,25.920000076293945
1704234180000,1.09415,1.09426,1.09415,1.09416,54
1704234240000,1.09416,1.09416,1.09413,1.09413,7.739999771118164
1704234300000,1.09413,1.09413,1.09409,1.09409,3.0799999237060547
1704234360000,1.09409,1.09409,1.09409,1.09409,1
1704234420000,1.09409,1.09409,1.09409,1.09409,12.5
1704234480000,1.09409,1.09409,1.09408,1.09408,3
1704234540000,1.09408,1.09408,1.09408,1.09408,8
1704234600000,1.09408,1.0941,1.09408,1.09408,13.899999618530273
1704234660000,1.09408,1.09408,1.09408,1.09408,0.5
1704234720000,1.09408,1.09408,1.09408,1.09408,8.5
1704234780000,1.09408,1.09408,1.09408,1.09408,5
1704234840000,1.09408,1.09408,1.09408,1.09408,4
1704234900000,1.09408,1.09408,1.09397,1.09397,15.140000343322754
1704234960000,1.09397,1.094,1.09396,1.09399,221.19000244140625
1704235020000,1.09399,1.09402,1.09396,1.09402,202.5
1704235080000,1.09402,1.09402,1.09395,1.09397,100.31999969482422
1704235140000,1.09397,1.09402,1.09395,1.09396,190.88999938964844
1704235200000,1.09398,1.09398,1.09395,1.09397,315.8999938964844
1704235260000,1.09397,1.09398,1.09394,1.09396,183.69000244140625
1704235320000,1.09396,1.09398,1.09393,1.09397,316.55999755859375
1704235380000,1.09396,1.09399,1.09392,1.09399,149.5800018310547
1704235440000,1.09392,1.09399,1.09392,1.09392,37.79999923706055
1704235500000,1.09391,1.09404,1.09391,1.094,94.94999694824219
1704235560000,1.094,1.094,1.09399,1.094,4.5
1704235620000,1.09401,1.09401,1.09399,1.09399,29.25
1704235680000,1.094,1.09404,1.09399,1.09401,9.899999618530273
1704235740000,1.094,1.09405,1.09399,1.094,10.350000381469727
1704235800000,1.09399,1.094,1.09399,1.094,6.75
1704235860000,1.09399,1.09404,1.09399,1.094,14.850000381469727
1704235920000,1.09399,1.09412,1.09399,1.09411,41.040000915527344
1704235980000,1.09413,1.09418,1.09413,1.09418,25.649999618530273
1704236040000,1.09419,1.0942,1.09418,1.09418,1.2899999618530273
1704236100000,1.09417,1.0943,1.09416,1.0942,34.16999816894531
1704236160000,1.09417,1.09417,1.09406,1.0941,62.4900016784668
1704236220000,1.0941,1.0941,1.09402,1.09402,37.38999938964844
1704236280000,1.09401,1.09403,1.09401,1.09403,19.09000015258789
1704236340000,1.09403,1.09407,1.09402,1.09404,66.70999908447266
1704236400000,1.09404,1.09432,1.09404,1.0942,208.77000427246094
1704236460000,1.0942,1.09425,1.09416,1.09416,14.289999961853027
1704236520000,1.09417,1.09417,1.0941,1.09411,64.55999755859375
1704236580000,1.09414,1.09417,1.09413,1.09417,21.959999084472656
1704236640000,1.09417,1.09421,1.09417,1.0942,29.25
1704236700000,1.09426,1.09436,1.09426,1.09431,38.189998626708984
1704236760000,1.09432,1.09436,1.09431,1.09435,27
1704236820000,1.09435,1.09436,1.09427,1.09431,38.70000076293945
1704236880000,1.09431,1.09432,1.0943,1.09431,9.449999809265137
1704236940000,1.09432,1.09432,1.0943,1.0943,18.899999618530273
1704237000000,1.09431,1.09431,1.0943,1.09431,14.399999618530273
1704237060000,1.0943,1.09436,1.0943,1.09436,27.93000030517578
1704237120000,1.09435,1.09436,1.09435,1.09436,18.450000762939453
1704237180000,1.09435,1.09436,1.09429,1.09431,39.2400016784668
1704237240000,1.0943,1.09433,1.0943,1.0943,20.43000030517578
1704237300000,1.09431,1.09431,1.0943,1.0943,16.290000915527344
1704237360000,1.09431,1.09431,1.09425,1.09426,17.549999237060547
1704237420000,1.09427,1.09427,1.09426,1.09426,10.609999656677246
1704237480000,1.09428,1.0943,1.0942,1.0942,61.22999954223633
1704237540000,1.09422,1.09426,1.09421,1.09425,26.639999389648438
1704237600000,1.09425,1.09428,1.09418,1.09421,55.88999938964844
1704237660000,1.0942,1.09424,1.0942,1.0942,52.22999954223633
1704237720000,1.0942,1.09421,1.09417,1.0942,57.900001525878906
1704237780000,1.09419,1.0942,1.09414,1.0942,62.31999969482422
1704237840000,1.0942,1.09426,1.0942,1.09426,62.04999923706055
1704237900000,1.09425,1.09426,1.0942,1.0942,56.91999816894531
1704237960000,1.09421,1.09424,1.09419,1.0942,47.06999969482422
1704238020000,1.0942,1.09427,1.0942,1.09425,58
1704238080000,1.09425,1.0943,1.09425,1.0943,35.66999816894531
1704238140000,1.09431,1.09431,1.09425,1.0943,59.209999084472656
1704238200000,1.09429,1.09431,1.09424,1.09426,165.49000549316406
1704238260000,1.09426,1.09429,1.09422,1.09422,60.5099983215332
1704238320000,1.09424,1.09424,1.09419,1.09419,80.58999633789062
1704238380000,1.0942,1.09422,1.0942,1.09422,12.600000381469727
1704238440000,1.09424,1.09429,1.09424,1.09427,23.399999618530273
1704238500000,1.09427,1.09428,1.09427,1.09427,19.389999389648438
1704238560000,1.09426,1.09426,1.09422,1.09426,21.6200008392334
1704238740000,1.09427,1.0943,1.09427,1.09428,3.5999999046325684
1704238800000,1.09428,1.09429,1.09426,1.09426,4.5
1704238860000,1.09426,1.09426,1.09416,1.09416,85.5
1704238920000,1.09416,1.0942,1.09416,1.09417,20.25
1704238980000,1.09419,1.0942,1.09416,1.09417,14.850000381469727
1704239040000,1.09416,1.09419,1.09416,1.09418,26.549999237060547
1704239100000,1.09417,1.09418,1.09416,1.09417,37.79999923706055
1704239160000,1.09418,1.09418,1.09416,1.09418,16.200000762939453
1704239220000,1.09417,1.09421,1.09416,1.09418,26.549999237060547
1704239280000,1.0942,1.09421,1.09416,1.09419,52.20000076293945
1704239340000,1.09417,1.09419,1.09417,1.09418,34.689998626708984
1704239400000,1.09418,1.09423,1.09417,1.09422,27
1704239460000,1.09421,1.09424,1.09421,1.09422,22.049999237060547
1704239520000,1.09423,1.09425,1.09421,1.09421,37.349998474121094
1704239580000,1.09423,1.09429,1.09421,1.09429,76.98999786376953
1704239640000,1.09432,1.09436,1.09431,1.09436,93.72000122070312
1704239700000,1.09435,1.09436,1.09431,1.09431,77.8499984741211
1704239760000,1.09432,1.09432,1.09421,1.09422,79.94000244140625
1704239820000,1.09422,1.09422,1.0942,1.0942,15.789999961853027
1704239880000,1.09419,1.09419,1.09411,1.09411,53.099998474121094
1704239940000,1.09411,1.09419,1.09411,1.09416,27.450000762939453
1704240000000,1.09416,1.09422,1.09416,1.09422,90.61000061035156
1704240060000,1.09422,1.09427,1.09416,1.09417,64.8499984741211
1704240120000,1.09417,1.09417,1.09412,1.09417,17.719999313354492
1704240180000,1.0942,1.09429,1.0942,1.09428,32.849998474121094
1704240240000,1.09428,1.0943,1.09426,1.09427,41.849998474121094
1704240300000,1.09428,1.0943,1.09427,1.09429,21.149999618530273
1704240360000,1.09427,1.09431,1.09426,1.09427,34.81999969482422
1704240420000,1.09428,1.09431,1.09428,1.09431,15.300000190734863
1704240480000,1.09434,1.09434,1.09431,1.09431,16.690000534057617
1704240540000,1.09432,1.09436,1.09431,1.09436,40.04999923706055
1704240600000,1.09436,1.09439,1.09436,1.09438,16.200000762939453
1704240660000,1.09438,1.09438,1.09436,1.09436,8.100000381469727
1704240720000,1.09436,1.0944,1.09435,1.09436,41.099998474121094
1704240780000,1.09439,1.09439,1.09436,1.09436,45
1704240840000,1.09437,1.09447,1.09437,1.09447,30.600000381469727
1704240900000,1.09446,1.09446,1.09441,1.09446,65.58999633789062
1704240960000,1.09446,1.09451,1.09446,1.09451,41.400001525878906
1704241020000,1.09451,1.09453,1.09451,1.09451,25.739999771118164
1704241080000,1.09452,1.09456,1.09452,1.09454,23.399999618530273
1704241140000,1.09455,1.09456,1.09451,1.09451,39.45000076293945
1704241200000,1.09452,1.09456,1.09451,1.09452,43.20000076293945
1704241260000,1.09451,1.09454,1.09451,1.09451,50.7599983215332
1704241320000,1.09451,1.09466,1.09451,1.09463,53.279998779296875
1704241380000,1.09463,1.09476,1.09463,1.09476,24.299999237060547
1704241440000,1.09476,1.09477,1.09473,1.09477,27.450000762939453
1704241500000,1.09476,1.09476,1.09473,1.09476,93.86000061035156
1704241560000,1.09476,1.09477,1.09473,1.09474,43.650001525878906
1704241620000,1.09475,1.09487,1.09473,1.09487,102.08999633789062
1704241680000,1.09487,1.09487,1.09477,1.09477,68.12999725341797
1704241740000,1.09478,1.09487,1.09478,1.09487,25.31999969482422
1704241800000,1.09487,1.09493,1.09487,1.09491,148.08999633789062
1704241860000,1.0949,1.09504,1.0949,1.09504,145.0800018310547
1704241920000,1.09504,1.09504,1.09492,1.09498,213.86000061035156
1704241980000,1.09498,1.095,1.0949,1.0949,51.529998779296875
1704242040000,1.0949,1.09497,1.0949,1.09495,75.7699966430664
1704242100000,1.09496,1.09505,1.09494,1.095,82.37000274658203
1704242160000,1.095,1.09501,1.09498,1.09501,61.560001373291016
1704242220000,1.09501,1.09503,1.09498,1.09498,48.040000915527344
1704242280000,1.09496,1.09497,1.09493,1.09497,44.36000061035156
1704242340000,1.09498,1.095,1.09492,1.09492,66.94000244140625
1704242400000,1.09492,1.09492,1.09492,1.09492,0.8999999761581421
1704242460000,1.09491,1.09491,1.09481,1.09488,45.34000015258789
1704242520000,1.09487,1.09487,1.09485,1.09487,36.45000076293945
1704242580000,1.09487,1.09492,1.09484,1.09492,48.150001525878906
1704242640000,1.09492,1.09499,1.09489,1.09498,59.400001525878906
1704242700000,1.09498,1.09498,1.09493,1.09493,16.81999969482422
1704242760000,1.09493,1.09493,1.09489,1.09489,21.149999618530273
1704242820000,1.09489,1.09491,1.09486,1.09487,64.9000015258789
1704242880000,1.09487,1.09492,1.09487,1.09492,44.54999923706055
1704242940000,1.09491,1.09498,1.09487,1.09498,51.29999923706055
1704243000000,1.09498,1.09503,1.09498,1.09503,26.549999237060547
1704243060000,1.09502,1.09502,1.09494,1.09494,52.81999969482422
1704243120000,1.09493,1.09493,1.09487,1.09487,20.25
1704243240000,1.09486,1.09488,1.09486,1.09488,26.3799991607666
1704243300000,1.09491,1.095,1.09488,1.09497,55.970001220703125
1704243360000,1.09497,1.09502,1.09497,1.09498,53.54999923706055
1704243420000,1.09497,1.09497,1.09493,1.09493,52.81999969482422
1704243480000,1.09493,1.09493,1.09483,1.09485,37.970001220703125
1704243540000,1.09486,1.09495,1.09486,1.09494,51.56999969482422
1704243600000,1.09493,1.09498,1.09491,1.09491,63.56999969482422
1704243660000,1.0949,1.09503,1.09484,1.09502,145.6999969482422
1704243720000,1.095,1.09507,1.09498,1.09506,63.45000076293945
1704243780000,1.09505,1.09505,1.09492,1.09496,96.19000244140625
1704243840000,1.09495,1.09495,1.09488,1.09488,33.84000015258789
1704243900000,1.0949,1.09491,1.09486,1.09486,33.119998931884766
1704243960000,1.09485,1.09487,1.0948,1.09487,79.12000274658203
1704244020000,1.0949,1.09497,1.09488,1.09497,19.530000686645508
1704244080000,1.09495,1.09495,1.09486,1.09487,32.58000183105469
1704244140000,1.09488,1.0949,1.09483,1.09485,33.29999923706055
1704244200000,1.09483,1.09483,1.0948,1.09481,32.52000045776367
1704244260000,1.0948,1.09493,1.0948,1.09492,95.70999908447266
1704244320000,1.09493,1.09497,1.09492,1.09497,46.88999938964844
1704244380000,1.09498,1.09498,1.09493,1.09493,25.3799991607666
1704244440000,1.09494,1.09496,1.09493,1.09496,17.280000686645508
1704244500000,1.09495,1.09496,1.09467,1.09467,356.4599914550781
1704244560000,1.09467,1.09472,1.09454,1.09456,257.3699951171875
1704244620000,1.09457,1.09457,1.09448,1.09453,167.8699951171875
1704244680000,1.09452,1.09466,1.09452,1.09461,146.91000366210938
1704244740000,1.09462,1.09476,1.09462,1.09475,137.33999633789062
1704244800000,1.09476,1.09477,1.09464,1.09466,61.81999969482422
1704244860000,1.09466,1.09467,1.09463,1.09463,64.81999969482422
1704244920000,1.09464,1.09477,1.09463,1.09477,119.69999694824219
1704244980000,1.09477,1.09482,1.09477,1.09477,55.52000045776367
1704245040000,1.09477,1.09491,1.09477,1.09484,73.04000091552734
1704245100000,1.09485,1.09497,1.09482,1.09486,209.7899932861328
1704245160000,1.09486,1.09487,1.0948,1.0948,60.470001220703125
1704245220000,1.09481,1.09487,1.09477,1.09487,75.1500015258789
1704245280000,1.09487,1.09511,1.09487,1.09509,59.939998626708984
1704245340000,1.0951,1.09511,1.09505,1.09506,84.37000274658203
1704245400000,1.09508,1.09521,1.09507,1.09521,167.39999389648438
1704245460000,1.09522,1.09526,1.09512,1.09513,85.2699966430664
1704245520000,1.09514,1.09519,1.09508,1.09508,72.16999816894531
1704245580000,1.09508,1.09511,1.09504,1.09504,108.54000091552734
1704245640000,1.09504,1.09527,1.09502,1.09524,142.77000427246094
1704245700000,1.09522,1.09525,1.09522,1.09523,26.639999389648438
1704245760000,1.09526,1.09538,1.09524,1.09534,55.02000045776367
1704245820000,1.09534,1.09543,1.09529,1.09529,46.470001220703125
1704245880000,1.09529,1.09533,1.09522,1.09522,137.55999755859375
1704245940000,1.09523,1.09523,1.09517,1.09518,11.789999961853027
1704246000000,1.09518,1.09531,1.09517,1.09528,76.31999969482422
1704246060000,1.09526,1.09526,1.0952,1.09523,94.76000213623047
1704246120000,1.09523,1.09526,1.09523,1.09523,45.45000076293945
1704246180000,1.09524,1.09533,1.09523,1.09533,27.780000686645508
1704246240000,1.09531,1.09542,1.09531,1.09542,142.83999633789062
1704246300000,1.09544,1.09546,1.09542,1.09545,115.47000122070312
1704246360000,1.09545,1.09546,1.09541,1.09542,99.5199966430664
1704246420000,1.09542,1.09546,1.09542,1.09543,52.20000076293945
1704246480000,1.09542,1.09542,1.09533,1.09533,65.13999938964844
1704246540000,1.09534,1.09534,1.09526,1.09534,63.7400016784668
1704246600000,1.09535,1.09535,1.09533,1.09534,45.88999938964844
1704246660000,1.09534,1.09534,1.09524,1.09528,101.13999938964844
1704246720000,1.09528,1.09533,1.09528,1.09533,88.81999969482422
1704246780000,1.09533,1.09536,1.09529,1.09529,66.7699966430664
1704246840000,1.09528,1.09528,1.09526,1.09528,31.68000030517578
1704246900000,1.09527,1.09529,1.09523,1.09528,90.36000061035156
1704246960000,1.09528,1.0953,1.09522,1.09522,86.83999633789062
1704247020000,1.09523,1.09523,1.09518,1.09518,69.93000030517578
1704247080000,1.09517,1.09517,1.09508,1.09508,47.41999816894531
1704247140000,1.09508,1.09513,1.09508,1.09513,86.4000015258789
1704247200000,1.09513,1.09513,1.09498,1.09499,74.56999969482422
1704247260000,1.09501,1.09518,1.09501,1.09517,145.88999938964844
1704247320000,1.09516,1.09516,1.09508,1.09515,195.6199951171875
1704247380000,1.09516,1.09523,1.09515,1.09521,128.6999969482422
1704247440000,1.0952,1.09529,1.09519,1.09529,83.61000061035156
1704247500000,1.0953,1.0953,1.09524,1.09527,151.64999389648438
1704247560000,1.09526,1.09526,1.09518,1.09522,147.67999267578125
1704247620000,1.09523,1.09524,1.0952,1.09523,106.52999877929688
1704247680000,1.09523,1.09523,1.09514,1.09516,139.7100067138672
1704247740000,1.09517,1.09519,1.09514,1.09514,138.25999450683594
1704247800000,1.09514,1.09514,1.09508,1.0951,212.1199951171875
1704247860000,1.09509,1.09512,1.09502,1.09508,194.72000122070312
1704247920000,1.09507,1.09512,1.09505,1.09512,90
1704247980000,1.09511,1.09514,1.09508,1.09514,76.66999816894531
1704248040000,1.09514,1.09514,1.09507,1.09508,91.97000122070312
1704248100000,1.09507,1.09512,1.09507,1.09507,118.3499984741211
1704248160000,1.09507,1.09507,1.09488,1.09492,145.07000732421875
1704248220000,1.09493,1.09495,1.09492,1.09493,67.94999694824219
1704248280000,1.09493,1.09498,1.09491,1.09497,122.4000015258789
1704248340000,1.09497,1.09506,1.09497,1.09504,36.470001220703125
1704248400000,1.09503,1.09506,1.09501,1.09506,85.05000305175781
1704248460000,1.09504,1.09504,1.0949,1.09493,111.91000366210938
1704248520000,1.09495,1.09497,1.09492,1.09493,91.91999816894531
1704248580000,1.09492,1.09493,1.09491,1.09493,126.44999694824219
1704248640000,1.09492,1.09495,1.09492,1.09493,42.29999923706055
1704248700000,1.09492,1.09493,1.09487,1.09488,21.31999969482422
1704248760000,1.09488,1.09488,1.09486,1.09488,7.199999809265137
1704248820000,1.09487,1.09496,1.09487,1.09495,38.70000076293945
1704248880000,1.09493,1.09493,1.09489,1.09489,22.5
1704248940000,1.09489,1.0949,1.09488,1.09488,16.079999923706055
1704249000000,1.09498,1.095,1.09497,1.09497,15.149999618530273
1704249060000,1.09496,1.09496,1.09488,1.09493,49.099998474121094
1704249120000,1.09493,1.09494,1.0949,1.0949,8.789999961853027
1704249180000,1.09489,1.09492,1.09489,1.0949,80.23999786376953
1704249240000,1.0949,1.09498,1.0949,1.09497,69.80999755859375
1704249300000,1.09497,1.09497,1.09492,1.09493,104.4800033569336
1704249360000,1.09493,1.09498,1.09493,1.09498,44.29999923706055
1704249420000,1.09499,1.09499,1.09494,1.09494,16.6299991607666
1704249480000,1.09495,1.09497,1.09494,1.09497,14.779999732971191
1704249600000,1.09497,1.09497,1.09497,1.09497,3.690000057220459
1704249660000,1.09497,1.09497,1.09494,1.09494,7.860000133514404
1704249720000,1.09494,1.09494,1.09493,1.09493,22.020000457763672
1704249780000,1.09492,1.09497,1.09492,1.09497,33.29999923706055
1704249840000,1.09498,1.09499,1.09494,1.09495,40.630001068115234
1704249900000,1.09494,1.09494,1.09492,1.09493,30.600000381469727
1704249960000,1.09492,1.09493,1.09492,1.09493,26.100000381469727
1704250020000,1.09494,1.09495,1.09492,1.09492,20.25
1704250080000,1.09492,1.09509,1.09492,1.09509,67.94999694824219
1704250140000,1.0951,1.09514,1.09505,1.09507,55.279998779296875
1704250200000,1.09506,1.09512,1.09505,1.09512,19.799999237060547
1704250260000,1.09511,1.09511,1.09507,1.09511,58.04999923706055
1704250320000,1.0951,1.09514,1.09507,1.09514,42.84000015258789
1704250380000,1.09513,1.09515,1.09513,1.09514,11.399999618530273
1704250440000,1.09513,1.09513,1.09513,1.09513,15.390000343322754
1704250500000,1.09512,1.0953,1.09512,1.09514,109.2699966430664
1704250560000,1.09514,1.0952,1.09511,1.09514,148.10000610351562
1704250620000,1.09512,1.09522,1.09512,1.09521,97.8499984741211
1704250680000,1.09521,1.09525,1.09521,1.09522,62.58000183105469
1704250740000,1.09522,1.0953,1.09522,1.09522,132.44000244140625
1704250800000,1.09522,1.09522,1.09517,1.09518,145.4199981689453
1704250860000,1.09519,1.09519,1.09512,1.09513,134.11000061035156
1704250920000,1.09514,1.09516,1.09508,1.09509,165.9600067138672
1704250980000,1.09508,1.09509,1.09507,1.09509,101.76000213623047
1704251040000,1.09508,1.0952,1.09508,1.0952,106.43000030517578
1704251100000,1.09521,1.09541,1.09517,1.09538,188.94000244140625
1704251160000,1.09538,1.09546,1.09535,1.09535,113.25
1704251220000,1.09536,1.09538,1.09533,1.09535,49.04999923706055
1704251280000,1.09536,1.09539,1.09536,1.09537,45.150001525878906
1704251340000,1.09536,1.09538,1.0953,1.09531,77.8499984741211
1704251400000,1.09532,1.09532,1.0953,1.09532,64.9800033569336
1704251460000,1.09531,1.09539,1.09531,1.09535,71.37000274658203
1704251520000,1.09535,1.09536,1.09518,1.0952,122.5
1704251580000,1.09518,1.09523,1.09515,1.09515,62.88999938964844
1704251640000,1.09514,1.09515,1.09488,1.09488,227.2899932861328
1704251700000,1.09489,1.09508,1.09488,1.09507,133.1999969482422
1704251760000,1.09507,1.09507,1.09492,1.09494,66.1500015258789
1704251820000,1.09496,1.095,1.09496,1.09497,16.649999618530273
1704251880000,1.09496,1.09507,1.09491,1.09506,100.77999877929688
1704251940000,1.09505,1.09507,1.09502,1.09507,37.79999923706055
1704252000000,1.09507,1.09507,1.09496,1.09496,64.97000122070312
1704252060000,1.09497,1.09498,1.09496,1.09497,24.299999237060547
1704252120000,1.09497,1.09511,1.09497,1.09509,76.27999877929688
1704252180000,1.0951,1.09517,1.09509,1.09516,39.040000915527344
1704252240000,1.09514,1.09515,1.09514,1.09515,10.970000267028809
1704252300000,1.09514,1.0952,1.09512,1.0952,55.40999984741211
1704252360000,1.09521,1.09524,1.09513,1.09518,133.75999450683594
1704252420000,1.09519,1.09533,1.09519,1.09533,46.70000076293945
1704252480000,1.09533,1.09537,1.09533,1.09534,33.11000061035156
1704252540000,1.09536,1.09536,1.09533,1.09533,37.70000076293945
1704252600000,1.09534,1.0954,1.09532,1.0954,88.94000244140625
1704252660000,1.09541,1.09544,1.09541,1.09544,30.600000381469727
1704252720000,1.09544,1.09544,1.09544,1.09544,22.5
1704252780000,1.09544,1.09548,1.09544,1.09548,52.20000076293945
1704252840000,1.09549,1.09552,1.09548,1.0955,35.54999923706055
1704252900000,1.09552,1.09557,1.09543,1.09543,61.56999969482422
1704252960000,1.09543,1.09557,1.09543,1.09556,72
1704253020000,1.09555,1.0957,1.09555,1.09569,86.4000015258789
1704253080000,1.09572,1.09591,1.0957,1.09578,110.19999694824219
1704253140000,1.09578,1.09582,1.09576,1.09582,9
1704253200000,1.09585,1.0959,1.09585,1.09585,20.420000076293945
1704253260000,1.09583,1.09584,1.09577,1.09584,32.41999816894531
1704253320000,1.09586,1.0959,1.09585,1.0959,19.81999969482422
1704253380000,1.09589,1.09592,1.09589,1.09591,46.79999923706055
1704253440000,1.09591,1.09591,1.09585,1.09591,113.12000274658203
1704253500000,1.09591,1.09617,1.09591,1.09609,159.02000427246094
1704253560000,1.09609,1.09612,1.09598,1.096,170.61000061035156
1704253620000,1.096,1.09605,1.096,1.09605,50.90999984741211
1704253680000,1.09605,1.09615,1.09605,1.0961,93.94000244140625
1704253740000,1.09611,1.09614,1.0961,1.09614,65.41999816894531
1704253800000,1.09614,1.09621,1.09606,1.0962,167.00999450683594
1704253860000,1.09619,1.0962,1.09618,1.0962,18.110000610351562
1704253920000,1.09621,1.09621,1.09609,1.09619,75.66999816894531
1704253980000,1.09621,1.09622,1.09607,1.0961,154.24000549316406
1704254040000,1.0961,1.09613,1.09591,1.09598,317.5799865722656
1704254100000,1.09597,1.09604,1.09593,1.09604,306.57000732421875
1704254160000,1.09603,1.09607,1.09603,1.09603,70.81999969482422
1704254220000,1.09604,1.0961,1.09603,1.0961,114.7699966430664
1704254280000,1.09611,1.09611,1.09607,1.09609,113.87000274658203
1704254340000,1.09607,1.0961,1.09607,1.09608,115.19999694824219
1704254400000,1.09607,1.09607,1.09603,1.09604,92.69999694824219
1704254460000,1.09604,1.09608,1.09604,1.09608,57.599998474121094
1704254520000,1.09607,1.09624,1.09606,1.09613,94.94999694824219
1704254580000,1.09615,1.0962,1.09612,1.09619,48.599998474121094
1704254640000,1.09619,1.0962,1.09614,1.09614,52.20000076293945
1704254700000,1.09613,1.09613,1.09608,1.09608,39.77000045776367
1704254760000,1.09609,1.09609,1.09602,1.09603,63.16999816894531
1704254820000,1.09603,1.09603,1.09602,1.09603,43.20000076293945
1704254880000,1.09603,1.09606,1.09598,1.09598,103.66999816894531
1704254940000,1.09598,1.09599,1.09598,1.09599,18
1704255000000,1.09599,1.09599,1.09599,1.09599,3.5999999046325684
1704255060000,1.09598,1.09609,1.09598,1.09609,36.619998931884766
1704255120000,1.09609,1.09609,1.09596,1.09602,61.970001220703125
1704255180000,1.09602,1.09612,1.09602,1.09612,69.4800033569336
1704255240000,1.09613,1.09613,1.09602,1.09606,247.3699951171875
1704255300000,1.09607,1.09611,1.09606,1.09608,136.35000610351562
1704255360000,1.09609,1.09609,1.09606,1.09607,22.950000762939453
1704255420000,1.09607,1.09613,1.09603,1.09603,220.5399932861328
1704255480000,1.09602,1.09612,1.09602,1.09611,182.6999969482422
1704255540000,1.0961,1.09611,1.09603,1.09603,163.38999938964844
1704255600000,1.09604,1.0961,1.09603,1.09608,99
1704255660000,1.09608,1.09615,1.09608,1.09613,75.69999694824219
1704255720000,1.09613,1.09614,1.09607,1.09608,76.22000122070312
1704255780000,1.0961,1.09613,1.09608,1.09613,103.69999694824219
1704255840000,1.09612,1.09617,1.09612,1.09617,68.5999984741211
1704255900000,1.09619,1.0962,1.09612,1.09613,184.32000732421875
1704255960000,1.09612,1.09612,1.09605,1.09607,83.30000305175781
1704256020000,1.09606,1.09607,1.09606,1.09607,15.300000190734863
1704256080000,1.09607,1.09607,1.09603,1.09603,13.600000381469727
1704256140000,1.09603,1.09603,1.09603,1.09603,15.300000190734863
1704256200000,1.09603,1.09604,1.09602,1.09603,36
1704256260000,1.09604,1.09616,1.09603,1.09615,109.66000366210938
1704256320000,1.09614,1.09615,1.0961,1.09611,111.87000274658203
1704256380000,1.09612,1.09616,1.0961,1.09616,97.30999755859375
1704256440000,1.09615,1.09617,1.09612,1.09613,54.900001525878906
1704256500000,1.09613,1.09617,1.09613,1.09616,75.23999786376953
1704256560000,1.09616,1.09616,1.09609,1.09614,148.75
1704256620000,1.09613,1.09614,1.09611,1.09611,68.12999725341797
1704256680000,1.09612,1.09612,1.09596,1.09597,194.7899932861328
1704256740000,1.09598,1.09598,1.09596,1.09598,81
1704256800000,1.09597,1.09598,1.09597,1.09598,29.6299991607666
1704256860000,1.09596,1.09604,1.09594,1.09604,27.280000686645508
1704256920000,1.09604,1.09604,1.09597,1.09597,54.09000015258789
1704256980000,1.09598,1.09602,1.09594,1.09597,51.849998474121094
1704257040000,1.09598,1.09598,1.09594,1.09598,57.599998474121094
1704257100000,1.09598,1.09598,1.09597,1.09598,15.300000190734863
1704257160000,1.09596,1.09596,1.09594,1.09594,29.25
1704257220000,1.09594,1.09594,1.09593,1.09593,9.899999618530273
1704257280000,1.09593,1.09594,1.09591,1.09594,53.0099983215332
1704257340000,1.09593,1.09593,1.09593,1.09593,15.300000190734863
1704257400000,1.09593,1.09594,1.09589,1.09589,61.130001068115234
1704257460000,1.09589,1.09592,1.09589,1.09589,72.83000183105469
1704257520000,1.09589,1.09589,1.09589,1.09589,16.200000762939453
1704257580000,1.09589,1.09589,1.09589,1.09589,9.899999618530273
1704257640000,1.09589,1.09592,1.09589,1.09589,10.649999618530273
1704257700000,1.09589,1.09589,1.09589,1.09589,19.799999237060547
1704257760000,1.09588,1.09588,1.09588,1.09588,9
1704257820000,1.09589,1.09612,1.09588,1.09612,82.88999938964844
1704257880000,1.09612,1.09621,1.09612,1.09618,68.1500015258789
1704257940000,1.09618,1.09624,1.09616,1.09622,116.63999938964844
1704258000000,1.09623,1.09626,1.09621,1.09623,96.04000091552734
1704258060000,1.09623,1.09626,1.09619,1.09625,117.6500015258789
1704258120000,1.09625,1.09627,1.09624,1.09627,44.65999984741211
1704258180000,1.09626,1.09626,1.09618,1.0962,56.220001220703125
1704258240000,1.0962,1.0962,1.09611,1.09611,31.610000610351562
1704258300000,1.09609,1.09609,1.09603,1.09609,64.5199966430664
1704258360000,1.0961,1.09612,1.0961,1.09612,8.100000381469727
1704258420000,1.09611,1.09612,1.09611,1.09611,11.699999809265137
1704258480000,1.09612,1.09612,1.09611,1.09612,14.850000381469727
1704258540000,1.09611,1.09611,1.09606,1.09606,29.25
1704258600000,1.09604,1.09609,1.09603,1.09609,63.959999084472656
1704258660000,1.09608,1.09615,1.09604,1.09615,91.97000122070312
1704258720000,1.09615,1.09619,1.09611,1.09617,118.69000244140625
1704258780000,1.09617,1.09617,1.0961,1.0961,42.099998474121094
1704258840000,1.09609,1.0961,1.09608,1.09608,41.15999984741211
1704258900000,1.09608,1.09615,1.09608,1.09615,54.869998931884766
1704258960000,1.09615,1.09617,1.09615,1.09615,60.38999938964844
1704259020000,1.09615,1.09615,1.09609,1.09614,57.939998626708984
1704259080000,1.09614,1.09617,1.09614,1.09614,49.5
1704259140000,1.09614,1.09614,1.09614,1.09614,5.489999771118164
1704259200000,1.09615,1.09615,1.09612,1.09613,42.29999923706055
1704259260000,1.09612,1.09615,1.0961,1.09614,46.11000061035156
1704259320000,1.09611,1.09617,1.09611,1.09614,48.68000030517578
1704259380000,1.09614,1.09616,1.09614,1.09614,22.5
1704259440000,1.09615,1.09618,1.09614,1.09616,49.130001068115234
1704259500000,1.09617,1.09623,1.09617,1.09619,35.310001373291016
1704259560000,1.09617,1.09618,1.09613,1.09614,81.18000030517578
1704259620000,1.09613,1.09614,1.09598,1.09599,102.31999969482422
1704259680000,1.09598,1.09598,1.09593,1.09594,121.58000183105469
1704259740000,1.09593,1.09597,1.09586,1.09587,169.67999267578125
1704259800000,1.09585,1.09599,1.09585,1.09593,185.3300018310547
1704259860000,1.09594,1.09602,1.09594,1.09598,160.4600067138672
1704259920000,1.09599,1.09603,1.09594,1.09594,138.9600067138672
1704259980000,1.09597,1.09599,1.09592,1.09593,48.59000015258789
1704260040000,1.09594,1.09594,1.09592,1.09594,71.0999984741211
1704260100000,1.09596,1.09598,1.09592,1.09594,84.31999969482422
1704260160000,1.09593,1.09599,1.09591,1.09599,125.54000091552734
1704260220000,1.09598,1.09607,1.09597,1.09605,60.93000030517578
1704260280000,1.09607,1.0961,1.096,1.09602,99.62999725341797
1704260340000,1.09603,1.09603,1.09594,1.09595,212.49000549316406
1704260400000,1.09593,1.09593,1.09588,1.0959,87.91999816894531
1704260460000,1.0959,1.0959,1.09589,1.0959,65.87999725341797
1704260520000,1.09589,1.09591,1.09578,1.0958,97
1704260580000,1.09579,1.0958,1.09566,1.09568,247.6199951171875
1704260640000,1.09568,1.09568,1.09563,1.09568,59.060001373291016
1704260700000,1.09569,1.09569,1.09561,1.09562,101.80000305175781
1704260760000,1.09561,1.09563,1.09557,1.09558,215.75
1704260820000,1.09557,1.09567,1.09555,1.09567,122.43000030517578
1704260880000,1.09565,1.09566,1.09564,1.09565,40.04999923706055
1704260940000,1.09566,1.09567,1.09552,1.09553,153.91000366210938
1704261000000,1.09553,1.0956,1.0955,1.09551,204.5399932861328
1704261060000,1.0955,1.09553,1.09541,1.09542,162.24000549316406
1704261120000,1.09542,1.09542,1.09536,1.09536,77.0199966430664
1704261180000,1.09539,1.09541,1.09536,1.09536,90.22000122070312
1704261240000,1.09536,1.09539,1.09527,1.09536,157.41000366210938
1704261300000,1.09535,1.09537,1.09533,1.09533,29.540000915527344
1704261360000,1.09533,1.09533,1.0952,1.09522,153.5500030517578
1704261420000,1.09521,1.09526,1.09515,1.09526,195.24000549316406
1704261480000,1.09526,1.09529,1.09521,1.09527,133.4199981689453
1704261540000,1.09527,1.0953,1.09512,1.09512,122.62999725341797
1704261600000,1.09512,1.09529,1.09511,1.09528,124.8499984741211
1704261660000,1.09528,1.09534,1.09526,1.09527,126.62000274658203
1704261720000,1.09527,1.09529,1.09527,1.09529,34.20000076293945
1704261780000,1.09529,1.09542,1.09529,1.09542,74.25
1704261840000,1.09542,1.09544,1.09542,1.09544,44.099998474121094
1704261900000,1.09541,1.09548,1.09537,1.09542,72.2300033569336
1704261960000,1.09542,1.09548,1.09542,1.09548,75.5999984741211
1704262020000,1.09548,1.09558,1.09548,1.09555,110.83999633789062
1704262080000,1.09555,1.09557,1.09541,1.09542,151.32000732421875
1704262140000,1.09542,1.09543,1.09542,1.09543,76.62000274658203
1704262200000,1.09542,1.09558,1.09542,1.09554,136.0500030517578
1704262260000,1.09555,1.09559,1.09552,1.09552,85.76000213623047
1704262320000,1.09552,1.09557,1.0955,1.09557,138.99000549316406
1704262380000,1.09556,1.09556,1.0955,1.09552,113.4800033569336
1704262440000,1.09552,1.09565,1.09552,1.09565,29.010000228881836
1704262500000,1.09566,1.09566,1.09559,1.09563,101.29000091552734
1704262560000,1.09562,1.09562,1.09553,1.09553,105.11000061035156
1704262620000,1.09553,1.09558,1.09551,1.09558,39.900001525878906
1704262680000,1.09558,1.09564,1.09558,1.09563,89.20999908447266
1704262740000,1.09559,1.09561,1.09558,1.09559,118.72000122070312
1704262800000,1.09559,1.09559,1.09552,1.09552,62.54999923706055
1704262860000,1.0955,1.09559,1.09548,1.09554,125.27999877929688
1704262920000,1.09554,1.09555,1.09553,1.09553,76.41000366210938
1704262980000,1.09552,1.09554,1.09552,1.09554,53.06999969482422
1704263040000,1.09554,1.09558,1.09553,1.09558,40.400001525878906
1704263100000,1.09559,1.09564,1.09558,1.09563,54.540000915527344
1704263160000,1.09564,1.09569,1.09563,1.09569,33.119998931884766
1704263220000,1.0957,1.09581,1.09569,1.09575,56.52000045776367
1704263280000,1.09575,1.09582,1.09574,1.09574,35.2599983215332
1704263340000,1.09574,1.09582,1.09572,1.09576,106.58999633789062
1704263400000,1.09575,1.09579,1.09574,1.09579,49.29999923706055
1704263460000,1.09579,1.09581,1.09579,1.09581,26.309999465942383
1704263520000,1.09581,1.09581,1.09572,1.09574,61.2400016784668
1704263580000,1.09574,1.09574,1.09573,1.09574,86.27999877929688
1704263640000,1.09574,1.09585,1.09574,1.09584,55.099998474121094
1704263700000,1.09583,1.09585,1.09582,1.09584,42.63999938964844
1704263760000,1.09584,1.09584,1.09584,1.09584,6.659999847412109
1704263820000,1.09584,1.09585,1.09584,1.09584,9.180000305175781
1704263880000,1.09583,1.09585,1.09582,1.09584,28.639999389648438
1704263940000,1.09583,1.09585,1.09583,1.09585,5.400000095367432
1704264000000,1.09585,1.09585,1.09583,1.09584,26.760000228881836
1704264060000,1.09584,1.09584,1.09584,1.09584,5.940000057220459
1704264120000,1.09585,1.09585,1.09581,1.09581,7.909999847412109
1704264240000,1.09583,1.09588,1.09581,1.09586,37.02000045776367
1704264300000,1.09585,1.09591,1.09585,1.09591,22.860000610351562
1704264360000,1.09591,1.09594,1.09585,1.09585,79.27999877929688
1704264420000,1.09585,1.09595,1.09585,1.09587,47.33000183105469
1704264480000,1.09588,1.09594,1.09587,1.09592,54.84000015258789
1704264540000,1.09593,1.09595,1.09591,1.09593,26.280000686645508
1704264600000,1.09594,1.09607,1.09594,1.09607,20.219999313354492
1704264660000,1.09607,1.09607,1.09593,1.096,125.81999969482422
1704264720000,1.09602,1.09606,1.09602,1.09604,55.459999084472656
1704264780000,1.09604,1.09605,1.096,1.09601,58.7400016784668
1704264840000,1.09601,1.09602,1.09586,1.09586,78.5999984741211
1704264900000,1.09585,1.09586,1.09585,1.09585,31.31999969482422
1704264960000,1.09585,1.0959,1.09584,1.09588,73.54000091552734
1704265020000,1.09587,1.09597,1.09586,1.09595,75.72000122070312
1704265080000,1.09595,1.09604,1.09592,1.09601,59.439998626708984
1704265140000,1.09599,1.09599,1.09585,1.09586,67.88999938964844
1704265200000,1.09585,1.09591,1.09567,1.09576,334.44000244140625
1704265260000,1.09576,1.09577,1.09549,1.09555,243.8800048828125
1704265320000,1.09555,1.09576,1.09554,1.0957,175.75
1704265380000,1.09567,1.0957,1.09557,1.09569,186.27999877929688
1704265440000,1.09567,1.09579,1.09558,1.09559,183.85000610351562
1704265500000,1.0956,1.0957,1.09553,1.0957,242.60000610351562
1704265560000,1.09572,1.09591,1.09572,1.09582,147.85000610351562
1704265620000,1.09582,1.09589,1.09579,1.0958,101.0199966430664
1704265680000,1.09579,1.09586,1.09573,1.09585,90.66000366210938
1704265740000,1.09585,1.09595,1.09583,1.09592,150.85000610351562
1704265800000,1.09589,1.09596,1.09588,1.09592,199.07000732421875
1704265860000,1.0959,1.09598,1.09577,1.09577,204.2100067138672
1704265920000,1.09577,1.0958,1.09567,1.0957,238.05999755859375
1704265980000,1.0957,1.09576,1.09565,1.09576,127.62000274658203
1704266040000,1.09574,1.09575,1.09545,1.0955,278.6600036621094
1704266100000,1.0955,1.09551,1.09523,1.0953,145.05999755859375
1704266160000,1.0953,1.09531,1.09519,1.0952,153.8800048828125
1704266220000,1.09519,1.09531,1.09514,1.09531,204.66000366210938
1704266280000,1.0953,1.09533,1.09524,1.0953,304.0799865722656
1704266340000,1.0953,1.09537,1.09527,1.0953,282.05999755859375
1704266400000,1.0953,1.09534,1.09521,1.0953,150.6199951171875
1704266460000,1.09531,1.09543,1.09531,1.0954,271.30999755859375
1704266520000,1.0954,1.09551,1.0954,1.09551,143.0800018310547
1704266580000,1.09554,1.09574,1.09554,1.0957,236.55999755859375
1704266640000,1.09569,1.0958,1.09567,1.09573,258.7900085449219
1704266700000,1.09573,1.09574,1.09557,1.0956,262.7300109863281
1704266760000,1.09561,1.09575,1.09561,1.09561,146.13999938964844
1704266820000,1.09562,1.09563,1.09561,1.09561,40.13999938964844
1704266880000,1.09561,1.09575,1.09561,1.09575,58.720001220703125
1704266940000,1.09577,1.09588,1.09575,1.09575,210.9499969482422
1704267000000,1.09575,1.09611,1.0957,1.09604,280.3599853515625
1704267060000,1.09603,1.09626,1.09601,1.09623,185.3300018310547
1704267120000,1.09623,1.09627,1.09606,1.0961,133.0399932861328
1704267180000,1.0961,1.09613,1.09604,1.09607,144.80999755859375
1704267240000,1.09608,1.09615,1.09594,1.09602,381.8999938964844
1704267300000,1.096,1.09605,1.0959,1.09595,180.27000427246094
1704267360000,1.09597,1.09599,1.09584,1.09584,306.6099853515625
1704267420000,1.09584,1.09586,1.09575,1.0958,414.5799865722656
1704267480000,1.0958,1.09586,1.09576,1.09577,239.5500030517578
1704267540000,1.09578,1.09597,1.09577,1.09595,288
1704267600000,1.09595,1.09595,1.09589,1.09595,247.11000061035156
1704267660000,1.09594,1.09602,1.0958,1.09582,183.27000427246094
1704267720000,1.0958,1.09595,1.09574,1.09584,210.33999633789062
1704267780000,1.09584,1.09594,1.09583,1.0959,144.27999877929688
1704267840000,1.0959,1.09593,1.09574,1.09574,83.77999877929688
1704267900000,1.09572,1.09572,1.09563,1.09563,220.8699951171875
1704267960000,1.09562,1.09566,1.09553,1.09565,118.25
1704268020000,1.09565,1.0957,1.09559,1.0957,165.3800048828125
1704268080000,1.0957,1.0957,1.09562,1.09564,32.400001525878906
1704268140000,1.09562,1.09563,1.09557,1.09559,74.25
1704268200000,1.09558,1.09567,1.09556,1.09564,190.69000244140625
1704268260000,1.09563,1.09576,1.09562,1.09576,109.26000213623047
1704268320000,1.09576,1.09591,1.09571,1.0958,155.77000427246094
1704268380000,1.09581,1.09604,1.0958,1.09603,133.61000061035156
1704268440000,1.09602,1.09608,1.09601,1.09605,105.30000305175781
1704268500000,1.09605,1.09605,1.09599,1.09599,54.09000015258789
1704268560000,1.09597,1.09615,1.0959,1.0961,247.02000427246094
1704268620000,1.0961,1.09626,1.0961,1.09616,145.9499969482422
1704268680000,1.09617,1.09621,1.09612,1.09613,175.36000061035156
1704268740000,1.09613,1.09614,1.09595,1.09603,613.4000244140625
1704268800000,1.09602,1.09631,1.09596,1.0963,648.719970703125
1704268860000,1.09631,1.09637,1.09587,1.09591,296.9100036621094
1704268920000,1.09593,1.09596,1.0958,1.0958,271.1400146484375
1704268980000,1.09581,1.09608,1.09579,1.09595,375.9800109863281
1704269040000,1.09594,1.09613,1.09594,1.09607,266.1300048828125
1704269100000,1.09606,1.0962,1.09601,1.09601,243.7100067138672
1704269160000,1.09603,1.0962,1.09603,1.09618,207.07000732421875
1704269220000,1.09618,1.09634,1.09615,1.0963,283.2200012207031
1704269280000,1.0963,1.09639,1.09629,1.09637,232
1704269340000,1.09637,1.0964,1.0963,1.09635,156.16000366210938
1704269400000,1.09635,1.09635,1.09623,1.0963,189.36000061035156
1704269460000,1.0963,1.09654,1.09604,1.09608,295.5899963378906
1704269520000,1.09608,1.0961,1.09599,1.09608,344.19000244140625
1704269580000,1.09608,1.0964,1.09608,1.09637,178.42999267578125
1704269640000,1.09637,1.09642,1.09622,1.0964,303.6099853515625
1704269700000,1.0964,1.0964,1.09608,1.09608,239.22000122070312
1704269760000,1.09609,1.09632,1.09603,1.09632,218.16000366210938
1704269820000,1.09632,1.09639,1.09625,1.09634,492.3800048828125
1704269880000,1.09635,1.09641,1.09632,1.0964,138.02000427246094
1704269940000,1.09638,1.09638,1.09624,1.09633,192.99000549316406
1704270000000,1.09631,1.09642,1.09631,1.09631,74.94999694824219
1704270060000,1.0963,1.0963,1.0962,1.09624,258.92999267578125
1704270120000,1.09625,1.0963,1.09622,1.09625,185
1704270180000,1.09624,1.09627,1.09608,1.0961,273.5799865722656
1704270240000,1.09611,1.09614,1.09579,1.0958,435.4599914550781
1704270300000,1.09578,1.09586,1.09552,1.09557,726.3200073242188
1704270360000,1.09558,1.09566,1.09529,1.09536,652.5399780273438
1704270420000,1.09536,1.09544,1.0953,1.09531,617.9600219726562
1704270480000,1.0953,1.09544,1.09504,1.09534,540.6300048828125
1704270540000,1.09533,1.09534,1.09508,1.09528,628.5800170898438
1704270600000,1.09528,1.09535,1.09502,1.09507,491.94000244140625
1704270660000,1.09506,1.09547,1.09502,1.09547,331.2300109863281
1704270720000,1.09547,1.0955,1.0952,1.0952,583.5399780273438
1704270780000,1.0952,1.0952,1.09507,1.09516,662.25
1704270840000,1.09518,1.09533,1.09516,1.09522,549.989990234375
1704270900000,1.09522,1.09537,1.09522,1.09536,217.88999938964844
1704270960000,1.09537,1.09548,1.09528,1.09548,319.8999938964844
1704271020000,1.09552,1.09562,1.09549,1.09559,375.55999755859375
1704271080000,1.09559,1.09559,1.09536,1.09554,377.69000244140625
1704271140000,1.09554,1.09569,1.09547,1.09565,320.2699890136719
1704271200000,1.09564,1.09577,1.09558,1.09572,304.2099914550781
1704271260000,1.09572,1.09574,1.09549,1.09549,408.29998779296875
1704271320000,1.09548,1.09558,1.09544,1.09554,295.92999267578125
1704271380000,1.09554,1.09555,1.09524,1.09525,377.7099914550781
1704271440000,1.09526,1.09563,1.09524,1.09559,430.5
1704271500000,1.0956,1.09564,1.09547,1.0955,421.6300048828125
1704271560000,1.09546,1.09548,1.0953,1.09543,436.7900085449219
1704271620000,1.09542,1.09555,1.09538,1.09538,482.7699890136719
1704271680000,1.09538,1.09548,1.09527,1.09548,465.6499938964844
1704271740000,1.09547,1.09547,1.09527,1.09528,308.1199951171875
1704271800000,1.09528,1.0953,1.09513,1.09513,495.0899963378906
1704271860000,1.09512,1.09517,1.09506,1.09515,344.55999755859375
1704271920000,1.09514,1.09532,1.09512,1.09532,227.97999572753906
1704271980000,1.09531,1.09542,1.09527,1.09536,230.52000427246094
1704272040000,1.09536,1.0955,1.09531,1.09543,342.0899963378906
1704272100000,1.09543,1.09553,1.09534,1.09549,393.8399963378906
1704272160000,1.0955,1.0955,1.09522,1.09523,237.80999755859375
1704272220000,1.09524,1.09528,1.09512,1.09527,393.25
1704272280000,1.09528,1.09534,1.0952,1.09524,344.3599853515625
1704272340000,1.09524,1.09534,1.09523,1.09526,295.79998779296875
1704272400000,1.09526,1.09546,1.09516,1.09543,264.3999938964844
1704272460000,1.09542,1.09558,1.09538,1.09538,258.2099914550781
1704272520000,1.09538,1.09553,1.09534,1.09548,261.94000244140625
1704272580000,1.09548,1.09549,1.09531,1.09531,165.08999633789062
1704272640000,1.0953,1.09559,1.09527,1.09558,270.75
1704272700000,1.09558,1.09559,1.09552,1.09559,187.6999969482422
1704272760000,1.09558,1.09562,1.09553,1.09553,102.05999755859375
1704272820000,1.09553,1.09555,1.09527,1.09553,269.1300048828125
1704272880000,1.09554,1.09556,1.09514,1.09517,169.4499969482422
1704272940000,1.09516,1.09517,1.09508,1.09512,284.8800048828125
1704273000000,1.09513,1.09513,1.09487,1.09491,170.41000366210938
1704273060000,1.09492,1.09501,1.09474,1.09483,432.7099914550781
1704273120000,1.09484,1.09491,1.09477,1.09487,211.42999267578125
1704273180000,1.09488,1.09488,1.09447,1.09447,257.2099914550781
1704273240000,1.09446,1.09446,1.09428,1.09434,336.0400085449219
1704273300000,1.09433,1.09452,1.09432,1.09438,267.70001220703125
1704273360000,1.0944,1.0944,1.09394,1.09413,342.6499938964844
1704273420000,1.09414,1.09423,1.0936,1.09369,646.1699829101562
1704273480000,1.0937,1.09418,1.0937,1.09417,421.5899963378906
1704273540000,1.09417,1.09422,1.094,1.09406,323.2900085449219
1704273600000,1.0941,1.0941,1.0939,1.094,278.010009765625
1704273660000,1.094,1.09409,1.0939,1.09409,296.2099914550781
1704273720000,1.09411,1.09413,1.09397,1.09405,241.25
1704273780000,1.09405,1.09412,1.094,1.09409,401.57000732421875
1704273840000,1.09409,1.09419,1.09395,1.09416,294.5
1704273900000,1.09417,1.09421,1.09385,1.09385,236.33999633789062
1704273960000,1.09385,1.09385,1.0937,1.09385,286.760009765625
1704274020000,1.09384,1.09398,1.09381,1.09388,149.8800048828125
1704274080000,1.09388,1.09394,1.09382,1.09388,146.25999450683594
1704274140000,1.09388,1.09394,1.09382,1.09388,145.63999938964844
1704274200000,1.09387,1.09403,1.09387,1.09398,218.77000427246094
1704274260000,1.09398,1.09412,1.09395,1.09412,122.69000244140625
1704274320000,1.09412,1.09417,1.09407,1.09411,165.33999633789062
1704274380000,1.09411,1.09427,1.09407,1.09424,155.13999938964844
1704274440000,1.09424,1.09426,1.09413,1.09414,225.8800048828125
1704274500000,1.09414,1.09427,1.09412,1.09427,149.85000610351562
1704274560000,1.09429,1.09432,1.0941,1.09419,300.2099914550781
1704274620000,1.0942,1.09431,1.09417,1.09418,137.57000732421875
1704274680000,1.09419,1.09443,1.09414,1.09438,209.6699981689453
1704274740000,1.09438,1.09442,1.09429,1.0944,241.5399932861328
1704274800000,1.09441,1.09443,1.09421,1.09428,269.1400146484375
1704274860000,1.09427,1.09427,1.09403,1.09423,190.88999938964844
1704274920000,1.09421,1.09421,1.09401,1.09409,270.8800048828125
1704274980000,1.0941,1.09411,1.09391,1.09395,254.32000732421875
1704275040000,1.09396,1.09409,1.09393,1.09393,155.38999938964844
1704275100000,1.09394,1.09415,1.09392,1.0941,110.54000091552734
1704275160000,1.09408,1.09414,1.09398,1.09398,244.8300018310547
1704275220000,1.09397,1.09407,1.0939,1.09393,309.2300109863281
1704275280000,1.09394,1.09396,1.09373,1.09373,262.44000244140625
1704275340000,1.09373,1.09373,1.09364,1.09365,247.1199951171875
1704275400000,1.09365,1.0938,1.09365,1.09378,122.8499984741211
1704275460000,1.09379,1.09381,1.09367,1.09372,160.27000427246094
1704275520000,1.09372,1.09373,1.09348,1.0935,194.39999389648438
1704275580000,1.0935,1.09369,1.0935,1.09357,176.57000732421875
1704275640000,1.09358,1.09369,1.09358,1.09366,112.5
1704275700000,1.09364,1.09365,1.0935,1.09351,155.6999969482422
1704275760000,1.09354,1.09362,1.09351,1.09357,149.85000610351562
1704275820000,1.09356,1.09362,1.09351,1.09351,130.5
1704275880000,1.09351,1.09367,1.09351,1.09367,299.30999755859375
1704275940000,1.09366,1.09369,1.09359,1.09362,218.6999969482422
1704276000000,1.09362,1.09367,1.09348,1.0935,262.42999267578125
1704276060000,1.09349,1.09363,1.0934,1.0936,154.4199981689453
1704276120000,1.09359,1.09386,1.09358,1.09384,136.86000061035156
1704276180000,1.09384,1.0939,1.09383,1.09384,76.12999725341797
1704276240000,1.09383,1.09388,1.09372,1.09374,143.86000061035156
1704276300000,1.09373,1.09376,1.0937,1.09372,60.70000076293945
1704276360000,1.09371,1.0938,1.09362,1.09379,218.69000244140625
1704276420000,1.0938,1.0938,1.09361,1.09365,129.94000244140625
1704276480000,1.09366,1.09366,1.09348,1.09348,139.14999389648438
1704276540000,1.09348,1.09355,1.09346,1.09355,185.4499969482422
1704276600000,1.09357,1.09357,1.0934,1.09341,204.05999755859375
1704276660000,1.09342,1.09348,1.09339,1.09343,149.0399932861328
1704276720000,1.09344,1.09353,1.09338,1.0935,293.1400146484375
1704276780000,1.09353,1.09367,1.09351,1.09355,104.97000122070312
1704276840000,1.09354,1.09357,1.09351,1.09351,102.66000366210938
1704276900000,1.0935,1.09351,1.09339,1.09339,105.80999755859375
1704276960000,1.09339,1.09342,1.09318,1.09328,303.3800048828125
1704277020000,1.09327,1.0934,1.09327,1.09338,285.3800048828125
1704277080000,1.09337,1.09338,1.09326,1.09327,145.2899932861328
1704277140000,1.09326,1.09329,1.09316,1.09316,155.33999633789062
1704277200000,1.09316,1.09316,1.09308,1.09314,119.56999969482422
1704277260000,1.09317,1.0932,1.0929,1.09306,160.1699981689453
1704277320000,1.09307,1.09339,1.09304,1.09329,242.3000030517578
1704277380000,1.09328,1.0933,1.09319,1.09329,132.58999633789062
1704277440000,1.0933,1.09335,1.09326,1.09335,56.400001525878906
1704277500000,1.09333,1.09333,1.09312,1.09313,94.30000305175781
1704277560000,1.09315,1.09315,1.09301,1.09303,103.33000183105469
1704277620000,1.09303,1.09324,1.09303,1.09324,143.74000549316406
1704277680000,1.09327,1.09328,1.09314,1.09317,197.10000610351562
1704277740000,1.09314,1.09314,1.09295,1.09295,217.47000122070312
1704277800000,1.09294,1.09326,1.09292,1.09325,229.83999633789062
1704277860000,1.09326,1.09338,1.09325,1.09337,113.2699966430664
1704277920000,1.0934,1.09343,1.09316,1.09316,159.89999389648438
1704277980000,1.09316,1.09325,1.09305,1.09322,138.44000244140625
1704278040000,1.09322,1.09332,1.09322,1.0933,105.91000366210938
1704278100000,1.0933,1.09332,1.09315,1.09315,118.81999969482422
1704278160000,1.09316,1.09317,1.09309,1.09309,75.95999908447266
1704278220000,1.0931,1.09312,1.0929,1.0929,197.17999267578125
1704278280000,1.0929,1.09297,1.0927,1.09289,307.19000244140625
1704278340000,1.09288,1.09288,1.09268,1.09274,438.8299865722656
1704278400000,1.09275,1.09275,1.09262,1.09267,151.50999450683594
1704278460000,1.09267,1.09267,1.09263,1.09267,55.15999984741211
1704278520000,1.0927,1.0928,1.09268,1.09268,73.75
1704278580000,1.09268,1.09279,1.09266,1.09277,132.8300018310547
1704278640000,1.09278,1.09295,1.09277,1.09278,170.36000061035156
1704278700000,1.09278,1.09293,1.09275,1.09292,172.08999633789062
1704278760000,1.09291,1.09296,1.0929,1.09294,83.37000274658203
1704278820000,1.09294,1.09306,1.09291,1.09305,294.3699951171875
1704278880000,1.09304,1.09306,1.09294,1.09302,98.05999755859375
1704278940000,1.09301,1.09301,1.09283,1.09287,145.83999633789062
1704279000000,1.09289,1.09304,1.09288,1.09303,158.1199951171875
1704279060000,1.09303,1.09316,1.09302,1.09316,224.1699981689453
1704279120000,1.09316,1.09331,1.09294,1.09331,222.3699951171875
1704279180000,1.09331,1.09341,1.0933,1.09331,84.05999755859375
1704279240000,1.09328,1.09331,1.09319,1.09321,258.8500061035156
1704279300000,1.09322,1.09322,1.09305,1.0931,171.27000427246094
1704279360000,1.09309,1.0931,1.09289,1.09297,192.82000732421875
1704279420000,1.09296,1.09302,1.09291,1.09292,135.24000549316406
1704279480000,1.09294,1.09294,1.09288,1.09293,49.34000015258789
1704279540000,1.09291,1.09291,1.09278,1.09279,282.8399963378906
1704279600000,1.0928,1.09297,1.09276,1.09278,275.70001220703125
1704279660000,1.09277,1.09292,1.09273,1.09276,375.75
1704279720000,1.09275,1.09277,1.0925,1.09263,456.1099853515625
1704279780000,1.09264,1.09267,1.09258,1.09258,215.6199951171875
1704279840000,1.09258,1.09258,1.09244,1.09251,536.2999877929688
1704279900000,1.09251,1.09258,1.09242,1.09257,297.9800109863281
1704279960000,1.09258,1.0927,1.09257,1.09268,308.29998779296875
1704280020000,1.09266,1.09276,1.09256,1.0927,361.5199890136719
1704280080000,1.09269,1.0927,1.09236,1.09238,492.9100036621094
1704280140000,1.09238,1.09246,1.09233,1.09242,418.79998779296875
1704280200000,1.09243,1.09245,1.09227,1.09232,474.7699890136719
1704280260000,1.09236,1.09255,1.09234,1.09252,306.45001220703125
1704280320000,1.09252,1.09253,1.09234,1.09235,354.32000732421875
1704280380000,1.09235,1.09239,1.09224,1.09233,253.02000427246094
1704280440000,1.09234,1.09237,1.09224,1.09226,375.45001220703125
1704280500000,1.09225,1.09228,1.0921,1.09212,331.3699951171875
1704280560000,1.09211,1.09218,1.0921,1.09217,183.4499969482422
1704280620000,1.09216,1.09234,1.09216,1.09232,123.02999877929688
1704280680000,1.09233,1.09244,1.09231,1.09244,52.65999984741211
1704280740000,1.09243,1.09254,1.09238,1.09249,131.24000549316406
1704280800000,1.09249,1.09253,1.0924,1.09248,213.8000030517578
1704280860000,1.09247,1.09252,1.09243,1.09246,182.77000427246094
1704280920000,1.09246,1.09246,1.09226,1.09226,320.260009765625
1704280980000,1.09227,1.09234,1.0922,1.09234,199.22999572753906
1704281040000,1.09235,1.0924,1.09232,1.09233,90.88999938964844
1704281100000,1.09231,1.09231,1.09221,1.09223,164.2100067138672
1704281160000,1.09223,1.09231,1.09217,1.09229,228.94000244140625
1704281220000,1.09228,1.0923,1.09222,1.09223,209.60000610351562
1704281280000,1.09224,1.09239,1.09222,1.09231,248.4600067138672
1704281340000,1.09234,1.09235,1.09219,1.09228,292.07000732421875
1704281400000,1.09227,1.09227,1.09209,1.09211,178.72999572753906
1704281460000,1.0921,1.0921,1.0919,1.09195,561.6099853515625
1704281520000,1.09195,1.0921,1.09192,1.09207,280.55999755859375
1704281580000,1.09209,1.09209,1.09182,1.09199,462.54998779296875
1704281640000,1.09198,1.09207,1.09181,1.09197,301.1199951171875
1704281700000,1.09196,1.09223,1.09196,1.09223,209.8699951171875
1704281760000,1.09223,1.09234,1.09219,1.09226,128.97000122070312
1704281820000,1.09224,1.09226,1.09215,1.09215,167.14999389648438
1704281880000,1.09215,1.09223,1.09208,1.09219,138.25999450683594
1704281940000,1.09218,1.09226,1.09209,1.09209,187.1999969482422
1704282000000,1.09211,1.09213,1.09206,1.09208,78.56999969482422
1704282060000,1.09209,1.09209,1.09172,1.09172,274.7300109863281
1704282120000,1.09173,1.09182,1.09154,1.09178,392.8699951171875
1704282180000,1.09177,1.09189,1.0917,1.09184,175.67999267578125
1704282240000,1.09182,1.09183,1.09169,1.09178,116.04000091552734
1704282300000,1.09178,1.09182,1.09166,1.09175,219.64999389648438
1704282360000,1.09177,1.09204,1.09176,1.09196,223.44000244140625
1704282420000,1.09195,1.09195,1.09178,1.09188,205.16000366210938
1704282480000,1.09188,1.09196,1.09188,1.09194,162.83999633789062
1704282540000,1.09194,1.09212,1.09194,1.0921,139.57000732421875
1704282600000,1.0921,1.0921,1.09196,1.09202,160.88999938964844
1704282660000,1.09203,1.09207,1.09184,1.09188,203.22999572753906
1704282720000,1.09188,1.09207,1.09188,1.092,287.4800109863281
1704282780000,1.09199,1.09201,1.09193,1.09197,122.62999725341797
1704282840000,1.09197,1.09205,1.09193,1.09203,178.08999633789062
1704282900000,1.09203,1.09203,1.09191,1.09198,154.27999877929688
1704282960000,1.09198,1.09199,1.0919,1.09192,117.08999633789062
1704283020000,1.09191,1.09194,1.09182,1.09184,140.6199951171875
1704283080000,1.09185,1.09206,1.09181,1.09206,163.13999938964844
1704283140000,1.09206,1.09207,1.09188,1.09195,214.42999267578125
1704283200000,1.09195,1.09222,1.09193,1.09204,226.0500030517578
1704283260000,1.09202,1.0921,1.09194,1.09209,235.16000366210938
1704283320000,1.0921,1.09219,1.09201,1.0921,160.8300018310547
1704283380000,1.0921,1.09226,1.0921,1.09219,92.0999984741211
1704283440000,1.09219,1.09222,1.09206,1.09207,205.07000732421875
1704283500000,1.09207,1.09212,1.09194,1.092,186.72000122070312
1704283560000,1.09199,1.09202,1.09177,1.0919,265.94000244140625
1704283620000,1.09188,1.09188,1.09183,1.09186,135.5800018310547
1704283680000,1.09187,1.09193,1.09185,1.09192,144.0800018310547
1704283740000,1.09193,1.09208,1.09189,1.09208,145.35000610351562
1704283800000,1.09208,1.09215,1.09201,1.09215,354.0199890136719
1704283860000,1.09214,1.09219,1.09207,1.09218,125.02999877929688
1704283920000,1.09218,1.09232,1.09216,1.09232,143.60000610351562
1704283980000,1.09232,1.09237,1.09226,1.09234,173.6699981689453
1704284040000,1.09232,1.09257,1.09231,1.09256,192.52999877929688
1704284100000,1.09256,1.0927,1.09249,1.0927,179.13999938964844
1704284160000,1.0927,1.09286,1.0927,1.09285,236.5
1704284220000,1.09283,1.093,1.09279,1.093,131.7899932861328
1704284280000,1.093,1.093,1.09292,1.09292,90.16999816894531
1704284340000,1.09295,1.09298,1.0929,1.09293,181.1999969482422
1704284400000,1.09293,1.09316,1.09293,1.09308,193.3000030517578
1704284460000,1.09306,1.09316,1.09299,1.09316,129.99000549316406
1704284520000,1.09316,1.0932,1.09295,1.09301,234.47999572753906
1704284580000,1.09301,1.09302,1.09287,1.09289,221.02999877929688
1704284640000,1.09287,1.09296,1.09272,1.09272,146.99000549316406
1704284700000,1.0927,1.09293,1.0927,1.09288,164.07000732421875
1704284760000,1.09287,1.09292,1.09281,1.0929,123.06999969482422
1704284820000,1.0929,1.0929,1.09265,1.0927,123.52999877929688
1704284880000,1.09269,1.09272,1.0926,1.09262,188.5800018310547
1704284940000,1.09263,1.09274,1.09261,1.09263,212
1704285000000,1.09262,1.09262,1.09247,1.09249,183.8000030517578
1704285060000,1.09252,1.09272,1.09252,1.09271,365.489990234375
1704285120000,1.0927,1.09282,1.09266,1.09276,220.24000549316406
1704285180000,1.09274,1.09276,1.09266,1.09268,192.88999938964844
1704285240000,1.09269,1.09272,1.09251,1.09251,104.26000213623047
1704285300000,1.09252,1.09261,1.09246,1.09255,127.30000305175781
1704285360000,1.09253,1.09255,1.09219,1.09219,157.9499969482422
1704285420000,1.09218,1.09226,1.09216,1.09217,140.17999267578125
1704285480000,1.09216,1.09218,1.09203,1.09207,373.2799987792969
1704285540000,1.09208,1.09215,1.09189,1.09194,449.95001220703125
1704285600000,1.09193,1.09199,1.09188,1.09194,283.8800048828125
1704285660000,1.09196,1.09218,1.09196,1.09204,850.52001953125
1704285720000,1.09204,1.09223,1.09203,1.09212,505.1400146484375
1704285780000,1.09211,1.09216,1.09205,1.09215,402.2699890136719
1704285840000,1.09215,1.09215,1.09197,1.09205,300.79998779296875
1704285900000,1.09205,1.09217,1.09192,1.09208,380.69000244140625
1704285960000,1.09207,1.09217,1.09204,1.09217,301.7200012207031
1704286020000,1.09217,1.09228,1.09207,1.09209,387.4100036621094
1704286080000,1.09211,1.09211,1.09193,1.09197,175.52999877929688
1704286140000,1.09198,1.092,1.09193,1.09198,115.08000183105469
1704286200000,1.09197,1.09207,1.09193,1.09194,254.5500030517578
1704286260000,1.09194,1.09229,1.09194,1.09225,334.4100036621094
1704286320000,1.09224,1.09236,1.09224,1.09236,246.8800048828125
1704286380000,1.09239,1.09249,1.09228,1.09244,264.5799865722656
1704286440000,1.09236,1.09239,1.09224,1.09228,156.55999755859375
1704286500000,1.09227,1.09227,1.09174,1.09177,545.4600219726562
1704286560000,1.09178,1.09181,1.09153,1.09153,245.75
1704286620000,1.09153,1.09162,1.09146,1.09157,283.70001220703125
1704286680000,1.09157,1.09166,1.09145,1.09163,144.6199951171875
1704286740000,1.09163,1.09173,1.09157,1.09168,267.8699951171875
1704286800000,1.09168,1.09181,1.09163,1.09174,382.8900146484375
1704286860000,1.09174,1.09178,1.09167,1.09172,280.30999755859375
1704286920000,1.0917,1.09192,1.0916,1.09191,351.70001220703125
1704286980000,1.09192,1.09207,1.09174,1.0918,377.1300048828125
1704287040000,1.09181,1.09182,1.09177,1.09181,376.9700012207031
1704287100000,1.09181,1.09201,1.0918,1.09183,266.75
1704287160000,1.09186,1.09194,1.09173,1.09183,515.760009765625
1704287220000,1.09184,1.09188,1.09173,1.09185,357.6600036621094
1704287280000,1.09185,1.09201,1.09185,1.09185,301.57000732421875
1704287340000,1.09185,1.09197,1.0918,1.09189,296.3900146484375
1704287400000,1.09187,1.09189,1.09177,1.09177,328.2200012207031
1704287460000,1.09178,1.092,1.09172,1.09197,247.9499969482422
1704287520000,1.09198,1.092,1.09183,1.09197,449.739990234375
1704287580000,1.09196,1.0921,1.09192,1.09192,524.5800170898438
1704287640000,1.09192,1.09194,1.09176,1.09177,549.4500122070312
1704287700000,1.09178,1.0918,1.09156,1.09156,315.54998779296875
1704287760000,1.09156,1.09181,1.09151,1.09179,394.260009765625
1704287820000,1.09182,1.09191,1.09177,1.09181,356.7200012207031
1704287880000,1.09184,1.09184,1.09172,1.09176,352.44000244140625
1704287940000,1.09179,1.09182,1.09168,1.09172,283.1499938964844
1704288000000,1.09173,1.09191,1.0917,1.09187,347.57000732421875
1704288060000,1.09187,1.09187,1.09136,1.09143,633.030029296875
1704288120000,1.09143,1.09153,1.09135,1.09146,659.9000244140625
1704288180000,1.09147,1.09147,1.09101,1.09106,701.5800170898438
1704288240000,1.09106,1.09141,1.09106,1.09141,625.2899780273438
1704288300000,1.09141,1.0918,1.09141,1.09178,638.6799926757812
1704288360000,1.09178,1.09183,1.09162,1.0918,313.44000244140625
1704288420000,1.0918,1.09203,1.0917,1.09201,341.8800048828125
1704288480000,1.09202,1.09222,1.092,1.09214,409.7200012207031
1704288540000,1.09212,1.09215,1.09198,1.09209,536.72998046875
1704288600000,1.09209,1.0923,1.09197,1.0923,473.0400085449219
1704288660000,1.09233,1.09257,1.09227,1.09248,649.1300048828125
1704288720000,1.09248,1.0927,1.09239,1.09263,518.3800048828125
1704288780000,1.09264,1.09286,1.09256,1.09284,474.30999755859375
1704288840000,1.09285,1.09285,1.0927,1.0927,514.2899780273438
1704288900000,1.0927,1.09273,1.09246,1.09259,406.69000244140625
1704288960000,1.0926,1.09274,1.09253,1.09274,300.3399963378906
1704289020000,1.09276,1.0929,1.09275,1.0928,296.7099914550781
1704289080000,1.09278,1.09283,1.0926,1.09267,442.1499938964844
1704289140000,1.09269,1.09294,1.09269,1.09283,561.260009765625
1704289200000,1.09281,1.093,1.0927,1.09274,846.5700073242188
1704289260000,1.09273,1.09274,1.09252,1.09259,605.260009765625
1704289320000,1.0926,1.09267,1.09241,1.09256,525.6500244140625
1704289380000,1.09257,1.09261,1.09227,1.09228,549.6300048828125
1704289440000,1.09226,1.0923,1.09207,1.09213,580.3099975585938
1704289500000,1.09212,1.09216,1.0919,1.09193,755.6500244140625
1704289560000,1.09194,1.09233,1.09192,1.09228,288.5799865722656
1704289620000,1.09227,1.09231,1.09203,1.0921,441.20001220703125
1704289680000,1.09213,1.09213,1.09197,1.09205,665.1400146484375
1704289740000,1.09204,1.0921,1.0919,1.09194,629.760009765625
1704289800000,1.09194,1.09206,1.09194,1.09199,514.7899780273438
1704289860000,1.09199,1.09224,1.09199,1.0922,420.3900146484375
1704289920000,1.09222,1.09229,1.0921,1.09217,533.1199951171875
1704289980000,1.09216,1.09217,1.09191,1.092,399
1704290040000,1.09202,1.09207,1.09191,1.09198,265.5899963378906
1704290100000,1.092,1.09209,1.0919,1.0919,448.2099914550781
1704290160000,1.09187,1.09201,1.09184,1.09188,473.07000732421875
1704290220000,1.09187,1.09188,1.09155,1.09172,391.1099853515625
1704290280000,1.09173,1.0921,1.09168,1.09203,738.989990234375
1704290340000,1.09203,1.09221,1.09202,1.09215,383.489990234375
1704290400000,1.09216,1.09224,1.09199,1.09224,324.55999755859375
1704290460000,1.09226,1.09238,1.09221,1.09225,318.0899963378906
1704290520000,1.09226,1.09241,1.09197,1.09199,553.969970703125
1704290580000,1.092,1.09205,1.09177,1.09177,536.2100219726562
1704290640000,1.09178,1.09188,1.09176,1.09184,332.1600036621094
1704290700000,1.09184,1.09187,1.09139,1.09152,375.7300109863281
1704290760000,1.09153,1.09165,1.09152,1.09164,521.969970703125
1704290820000,1.09163,1.09183,1.09159,1.09161,499.510009765625
1704290880000,1.09161,1.09167,1.09144,1.0916,494.989990234375
1704290940000,1.0916,1.09175,1.09151,1.09173,442.42999267578125
1704291000000,1.09173,1.09173,1.0913,1.09136,739.5800170898438
1704291060000,1.09136,1.09147,1.09131,1.09145,778.3300170898438
1704291120000,1.09144,1.09155,1.09143,1.09153,524.3400268554688
1704291180000,1.09154,1.0917,1.09145,1.09158,500.8500061035156
1704291240000,1.09158,1.09159,1.09137,1.09147,586.22998046875
1704291300000,1.09146,1.09163,1.09145,1.0915,556.0800170898438
1704291360000,1.09149,1.09155,1.09143,1.09155,291.3299865722656
1704291420000,1.09155,1.09158,1.09131,1.09139,470.5199890136719
1704291480000,1.09138,1.09167,1.09138,1.09161,504.7799987792969
1704291540000,1.09161,1.0917,1.09155,1.09168,257.3599853515625
1704291600000,1.09167,1.09173,1.0916,1.09164,339.0199890136719
1704291660000,1.09164,1.09164,1.09136,1.09139,382.44000244140625
1704291720000,1.0914,1.0914,1.0911,1.0912,369.8999938964844
1704291780000,1.09123,1.09155,1.09123,1.09149,345.8999938964844
1704291840000,1.09149,1.09149,1.09135,1.09136,295.0899963378906
1704291900000,1.09136,1.09164,1.09136,1.09163,356.6000061035156
1704291960000,1.09162,1.0918,1.09157,1.09171,362.6499938964844
1704292020000,1.09171,1.09191,1.09171,1.09181,260.4800109863281
1704292080000,1.09182,1.09195,1.09161,1.09166,441.9200134277344
1704292140000,1.09169,1.0917,1.09149,1.09154,646.9600219726562
1704292200000,1.09154,1.09174,1.09129,1.09169,564.010009765625
1704292260000,1.0917,1.09186,1.09149,1.09179,762.0499877929688
1704292320000,1.09178,1.09181,1.09157,1.0917,680.52001953125
1704292380000,1.0917,1.09173,1.09139,1.09144,659.239990234375
1704292440000,1.09145,1.09173,1.09133,1.09167,510.510009765625
1704292500000,1.09166,1.09178,1.0914,1.0914,597.2999877929688
1704292560000,1.09138,1.09138,1.09099,1.09109,906.6400146484375
1704292620000,1.09106,1.09131,1.09103,1.0913,827.010009765625
1704292680000,1.09129,1.09149,1.09114,1.09145,691.1400146484375
1704292740000,1.09143,1.09166,1.09139,1.09147,695.0700073242188
1704292800000,1.09147,1.09161,1.0914,1.09153,757.8900146484375
1704292860000,1.09154,1.09177,1.09152,1.09169,440.92999267578125
1704292920000,1.09169,1.09183,1.09162,1.09182,261.3800048828125
1704292980000,1.09181,1.09181,1.0917,1.09171,170.05999755859375
1704293040000,1.09172,1.09183,1.09172,1.09176,209.94000244140625
1704293100000,1.09174,1.09177,1.09155,1.09167,501.1199951171875
1704293160000,1.09168,1.09202,1.09163,1.09201,509.1700134277344
1704293220000,1.09201,1.09217,1.092,1.09214,360.20001220703125
1704293280000,1.09215,1.09223,1.09207,1.09213,463.5199890136719
1704293340000,1.09214,1.09226,1.09212,1.09226,224.2100067138672
1704293400000,1.09226,1.09256,1.09222,1.09256,351.5400085449219
1704293460000,1.09256,1.09265,1.09214,1.09216,742.8200073242188
1704293520000,1.09215,1.09216,1.09191,1.09192,785.4600219726562
1704293580000,1.09192,1.09195,1.09161,1.09161,462.8800048828125
1704293640000,1.09161,1.09179,1.09139,1.09171,477.1300048828125
1704293700000,1.09171,1.09171,1.09147,1.0916,713.02001953125
1704293760000,1.09162,1.09179,1.09162,1.09166,456.8999938964844
1704293820000,1.09167,1.09177,1.0915,1.09171,235.25
1704293880000,1.09171,1.0919,1.09171,1.09187,208.74000549316406
1704293940000,1.0919,1.09196,1.09178,1.09183,561.280029296875
1704294000000,1.09179,1.09334,1.09124,1.09246,1935.050048828125
1704294060000,1.09249,1.09271,1.09224,1.09263,1034.969970703125
1704294120000,1.09261,1.09366,1.0926,1.09363,1177.68994140625
1704294180000,1.09363,1.09363,1.09293,1.09351,1507.800048828125
1704294240000,1.0935,1.09385,1.0933,1.09348,1306.0799560546875
1704294300000,1.09347,1.09359,1.09312,1.09334,1256.8499755859375
1704294360000,1.09334,1.09361,1.09295,1.09299,1180.760009765625
1704294420000,1.09298,1.09315,1.09275,1.09282,1184.2900390625
1704294480000,1.09282,1.09304,1.09263,1.09269,1284.1400146484375
1704294540000,1.09269,1.09282,1.09231,1.09234,1110.3900146484375
1704294600000,1.09239,1.09255,1.09193,1.09223,1098.239990234375
1704294660000,1.09223,1.09234,1.09205,1.09207,1187.699951171875
1704294720000,1.09208,1.09217,1.09162,1.0918,976.719970703125
1704294780000,1.09179,1.09222,1.09172,1.0918,1155.8699951171875
1704294840000,1.0918,1.0919,1.09157,1.0916,955.7000122070312
1704294900000,1.09162,1.09165,1.0911,1.09119,1128.6800537109375
1704294960000,1.09121,1.09174,1.09118,1.09169,619.3200073242188
1704295020000,1.09171,1.09173,1.0914,1.09155,678.6699829101562
1704295080000,1.09156,1.09188,1.09144,1.09188,638.6599731445312
1704295140000,1.0919,1.09193,1.09174,1.09178,740.260009765625
1704295200000,1.09179,1.0918,1.09148,1.0915,780.2000122070312
1704295260000,1.09152,1.0917,1.09139,1.09142,800.22998046875
1704295320000,1.09143,1.09149,1.09102,1.09104,628.1900024414062
1704295380000,1.09105,1.09147,1.09105,1.09129,843.52001953125
1704295440000,1.0913,1.09149,1.09124,1.09143,828.77001953125
1704295500000,1.09144,1.09215,1.09144,1.09201,734.4299926757812
1704295560000,1.092,1.09223,1.09191,1.09214,996.3699951171875
1704295620000,1.09214,1.0924,1.09199,1.09226,1205.8599853515625
1704295680000,1.09226,1.09229,1.09174,1.09184,918.3099975585938
1704295740000,1.09184,1.09189,1.09153,1.09153,663
1704295800000,1.09151,1.09177,1.09143,1.09176,775.5900268554688
1704295860000,1.09177,1.09187,1.09151,1.09172,736.6300048828125
1704295920000,1.09173,1.09173,1.09104,1.09107,1134.8499755859375
1704295980000,1.09105,1.0912,1.09088,1.09117,1022.02001953125
1704296040000,1.09118,1.09126,1.09088,1.0911,930.510009765625
1704296100000,1.09111,1.09149,1.091,1.0914,710.3400268554688
1704296160000,1.09142,1.09149,1.09105,1.09118,644.780029296875
1704296220000,1.09116,1.09118,1.09066,1.09066,689.27001953125
1704296280000,1.09066,1.09081,1.09054,1.09059,945.280029296875
1704296340000,1.09058,1.0908,1.09055,1.09075,899.739990234375
1704296400000,1.09073,1.09075,1.09047,1.09064,690.1199951171875
1704296460000,1.09065,1.09071,1.09047,1.09071,675.5700073242188
1704296520000,1.09071,1.09071,1.09053,1.09064,559.219970703125
1704296580000,1.09063,1.09088,1.09058,1.09088,821.5
1704296640000,1.09088,1.09089,1.09046,1.09083,818.4500122070312
1704296700000,1.09083,1.09083,1.09037,1.09038,780.8400268554688
1704296760000,1.09038,1.09043,1.08989,1.09018,881.1199951171875
1704296820000,1.09016,1.09028,1.09009,1.09021,507.6600036621094
1704296880000,1.09021,1.09034,1.08994,1.0901,562.2000122070312
1704296940000,1.09009,1.09011,1.08999,1.09007,451.67999267578125
1704297000000,1.09006,1.09021,1.08989,1.0901,614.6099853515625
1704297060000,1.09009,1.09041,1.09007,1.09024,836.969970703125
1704297120000,1.09023,1.09033,1.08999,1.09005,653.47998046875
1704297180000,1.09004,1.09015,1.08991,1.09009,524.0499877929688
1704297240000,1.09009,1.09039,1.08989,1.08995,660.6099853515625
1704297300000,1.08994,1.08999,1.0898,1.08984,474.760009765625
1704297360000,1.08985,1.0905,1.08985,1.09046,666.0999755859375
1704297420000,1.09046,1.09046,1.0902,1.09033,390.4700012207031
1704297480000,1.09034,1.09057,1.0903,1.09057,383.8999938964844
1704297540000,1.09056,1.0906,1.09036,1.09044,315.6700134277344
1704297600000,1.09045,1.09067,1.09042,1.09047,558.4400024414062
1704297660000,1.09047,1.09056,1.09026,1.09056,714.6400146484375
1704297720000,1.09055,1.091,1.09051,1.09097,407.67999267578125
1704297780000,1.09098,1.09106,1.09084,1.09087,425.04998779296875
1704297840000,1.09087,1.09096,1.09075,1.09088,461.1099853515625
1704297900000,1.09087,1.09096,1.0908,1.09086,302.30999755859375
1704297960000,1.09086,1.09092,1.09081,1.0909,369.3800048828125
1704298020000,1.0909,1.09097,1.09057,1.09067,417.3800048828125
1704298080000,1.09067,1.09075,1.09057,1.09068,329.17999267578125
1704298140000,1.09067,1.09089,1.09065,1.09078,253.92999267578125
1704298200000,1.09078,1.09101,1.09051,1.09057,385.6000061035156
1704298260000,1.09058,1.09089,1.09056,1.09071,571.8099975585938
1704298320000,1.09071,1.09076,1.09052,1.09056,237.35000610351562
1704298380000,1.09058,1.09099,1.09056,1.09092,229.80999755859375
1704298440000,1.09092,1.09108,1.09087,1.09102,191.1199951171875
1704298500000,1.09102,1.09133,1.09101,1.09133,416.04998779296875
1704298560000,1.09132,1.09156,1.09132,1.09137,686.52001953125
1704298620000,1.09137,1.09147,1.0912,1.09147,483.0899963378906
1704298680000,1.09147,1.09163,1.09137,1.09162,374.6300048828125
1704298740000,1.09163,1.09167,1.09146,1.09161,335.9700012207031
1704298800000,1.09161,1.09182,1.09152,1.09159,255.33999633789062
1704298860000,1.09158,1.09169,1.09136,1.09166,478.5
1704298920000,1.09167,1.0917,1.0915,1.09156,435.9200134277344
1704298980000,1.09155,1.09162,1.09152,1.09161,319.8699951171875
1704299040000,1.09162,1.09165,1.09143,1.09143,444.30999755859375
1704299100000,1.09141,1.09161,1.0914,1.09147,523.7100219726562
1704299160000,1.09146,1.09166,1.09139,1.09161,658.8599853515625
1704299220000,1.09164,1.09164,1.09134,1.09135,471.4100036621094
1704299280000,1.09137,1.09167,1.09135,1.09152,669.8800048828125
1704299340000,1.09153,1.09153,1.09127,1.09128,619.4400024414062
1704299400000,1.0913,1.0914,1.09122,1.09129,600.3400268554688
1704299460000,1.09127,1.09147,1.09126,1.09147,356.5799865722656
1704299520000,1.09148,1.09152,1.09129,1.09151,335.20001220703125
1704299580000,1.0915,1.09152,1.09131,1.0914,324.5899963378906
1704299640000,1.09139,1.09142,1.09124,1.09142,380.54998779296875
1704299700000,1.09143,1.09155,1.09137,1.09152,370.32000732421875
1704299760000,1.09153,1.09153,1.09118,1.09128,393.6000061035156
1704299820000,1.09129,1.09143,1.09124,1.09134,407.9599914550781
1704299880000,1.09136,1.09153,1.0913,1.0915,359.7699890136719
1704299940000,1.09148,1.0915,1.09121,1.09123,259.0299987792969
1704300000000,1.09124,1.0913,1.09121,1.09124,334.4100036621094
1704300060000,1.09123,1.09136,1.09116,1.09131,271.05999755859375
1704300120000,1.09127,1.09144,1.09116,1.0914,436.010009765625
1704300180000,1.09139,1.0914,1.09125,1.09131,277.30999755859375
1704300240000,1.09131,1.09136,1.0911,1.09115,494.69000244140625
1704300300000,1.09119,1.09138,1.0911,1.0912,378.1000061035156
1704300360000,1.09118,1.0913,1.09113,1.0912,454.2699890136719
1704300420000,1.09121,1.09122,1.09098,1.09099,374.6000061035156
1704300480000,1.09099,1.09109,1.09098,1.09098,215.0500030517578
1704300540000,1.09099,1.09105,1.09094,1.09094,304.7699890136719
1704300600000,1.09095,1.09106,1.09083,1.09095,414.8800048828125
1704300660000,1.09095,1.09102,1.09083,1.09083,559.3200073242188
1704300720000,1.09084,1.09095,1.0907,1.09074,512.5900268554688
1704300780000,1.09073,1.09083,1.09073,1.09076,285.5899963378906
1704300840000,1.09075,1.09098,1.09073,1.0909,424.4800109863281
1704300900000,1.0909,1.09095,1.09084,1.09091,201.0800018310547
1704300960000,1.09091,1.09095,1.09081,1.09084,250.27999877929688
1704301020000,1.09083,1.09094,1.09069,1.09069,435.4200134277344
1704301080000,1.09067,1.09086,1.09066,1.09076,330.6700134277344
1704301140000,1.09075,1.09084,1.09071,1.09081,380.30999755859375
1704301200000,1.09081,1.09085,1.09058,1.09058,449.25
1704301260000,1.09058,1.09068,1.09055,1.09064,248.6699981689453
1704301320000,1.09065,1.09097,1.09057,1.09084,329.5199890136719
1704301380000,1.09088,1.09091,1.09064,1.09068,366.4599914550781
1704301440000,1.09069,1.0907,1.09056,1.09069,237.16000366210938
1704301500000,1.09069,1.09085,1.09063,1.09084,327.92999267578125
1704301560000,1.09083,1.09083,1.09055,1.09057,345.1000061035156
1704301620000,1.09059,1.09076,1.09058,1.09066,401.2799987792969
1704301680000,1.09066,1.09068,1.09048,1.09052,495.20001220703125
1704301740000,1.09049,1.09053,1.09042,1.09045,338.010009765625
1704301800000,1.09046,1.0906,1.09036,1.09054,479.6400146484375
1704301860000,1.09053,1.09069,1.0905,1.09059,510.70001220703125
1704301920000,1.0906,1.09063,1.09053,1.09055,260.6300048828125
1704301980000,1.09053,1.09053,1.09041,1.09049,277.44000244140625
1704302040000,1.09047,1.09047,1.09037,1.09039,190.75999450683594
1704302100000,1.09039,1.09054,1.09039,1.0905,85.77999877929688
1704302160000,1.09053,1.09053,1.0904,1.09049,309.8399963378906
1704302220000,1.09049,1.09059,1.09048,1.09055,153.9199981689453
1704302280000,1.09056,1.09062,1.09056,1.09059,74.87999725341797
1704302340000,1.09059,1.09059,1.09055,1.09058,123.54000091552734
1704302400000,1.09059,1.09062,1.09048,1.09049,150.83999633789062
1704302460000,1.09051,1.09063,1.09044,1.09049,246.02000427246094
1704302520000,1.09049,1.09059,1.09048,1.09054,211.75999450683594
1704302580000,1.09052,1.09053,1.09043,1.09053,101.23999786376953
1704302640000,1.09051,1.0907,1.09048,1.09066,348.75
1704302700000,1.09067,1.09069,1.0906,1.09062,169.0399932861328
1704302760000,1.09063,1.09073,1.09056,1.09064,107.91999816894531
1704302820000,1.09064,1.09088,1.09064,1.09087,220.9499969482422
1704302880000,1.09085,1.09091,1.09072,1.09084,259.05999755859375
1704302940000,1.09084,1.09093,1.09081,1.0909,190.41000366210938
1704303000000,1.09089,1.091,1.09083,1.09083,222.5800018310547
1704303060000,1.09085,1.09092,1.09081,1.09081,123.19000244140625
1704303120000,1.09081,1.09094,1.09075,1.09079,161.7899932861328
1704303180000,1.09079,1.09094,1.09076,1.09085,299.1700134277344
1704303240000,1.09086,1.09087,1.09061,1.09065,176.5800018310547
1704303300000,1.09064,1.0909,1.09064,1.09085,248.91000366210938
1704303360000,1.09086,1.09089,1.09085,1.09088,102.05000305175781
1704303420000,1.09088,1.09092,1.09085,1.09086,128.58999633789062
1704303480000,1.09086,1.09087,1.09081,1.09081,94.19999694824219
1704303540000,1.09081,1.09085,1.09077,1.09084,68.16000366210938
1704303600000,1.09083,1.09087,1.09072,1.09072,77.80999755859375
1704303660000,1.09073,1.09082,1.09063,1.09063,317.3800048828125
1704303720000,1.09064,1.09087,1.09062,1.09084,216.0399932861328
1704303780000,1.09084,1.09101,1.09079,1.091,178.02999877929688
1704303840000,1.09099,1.091,1.09076,1.09088,183.52000427246094
1704303900000,1.0909,1.09096,1.09083,1.09086,104.75
1704303960000,1.09086,1.09086,1.09064,1.09064,179.42999267578125
1704304020000,1.09063,1.09068,1.09053,1.09054,102.7699966430664
1704304080000,1.09054,1.09061,1.09049,1.09049,201.52000427246094
1704304140000,1.0905,1.09069,1.0905,1.09068,58.779998779296875
1704304200000,1.09069,1.09075,1.0906,1.09066,167.9499969482422
1704304260000,1.09068,1.09073,1.09058,1.09059,131.33999633789062
1704304320000,1.09058,1.09065,1.09052,1.09064,165.41000366210938
1704304380000,1.09064,1.09064,1.09061,1.09063,81.02999877929688
1704304440000,1.09062,1.09066,1.09053,1.09062,245.8800048828125
1704304500000,1.09061,1.09063,1.09046,1.09046,379.5899963378906
1704304560000,1.09046,1.09046,1.09032,1.09041,193.3000030517578
1704304620000,1.09041,1.09057,1.09039,1.09046,372.0400085449219
1704304680000,1.09047,1.09059,1.09041,1.09055,194.9199981689453
1704304740000,1.09055,1.09068,1.09055,1.09066,134.22999572753906
1704304800000,1.09066,1.09104,1.09065,1.09101,291.6600036621094
1704304860000,1.09102,1.09119,1.09099,1.09099,333.19000244140625
1704304920000,1.09099,1.09104,1.09084,1.09092,194.0500030517578
1704304980000,1.09092,1.09112,1.09085,1.0911,186.94000244140625
1704305040000,1.0911,1.09126,1.0911,1.09119,199.69000244140625
1704305100000,1.09117,1.09119,1.0911,1.09115,149.30999755859375
1704305160000,1.09113,1.09121,1.09111,1.09121,86.4000015258789
1704305220000,1.09123,1.09129,1.09121,1.09125,88.55999755859375
1704305280000,1.09126,1.09137,1.09124,1.09136,78.13999938964844
1704305340000,1.09134,1.09142,1.09128,1.09141,127
1704305400000,1.09141,1.09143,1.09118,1.0912,155.47999572753906
1704305460000,1.0912,1.09146,1.0912,1.09146,146.72999572753906
1704305520000,1.09146,1.09148,1.09118,1.09118,212.50999450683594
1704305580000,1.09118,1.09128,1.0911,1.09123,243.9600067138672
1704305640000,1.09123,1.09123,1.09111,1.09117,202.67999267578125
1704305700000,1.09117,1.09126,1.09113,1.09119,120.5999984741211
1704305760000,1.09119,1.09122,1.09115,1.09119,157.7899932861328
1704305820000,1.0912,1.09126,1.09112,1.0912,255.67999267578125
1704305880000,1.0912,1.09122,1.09113,1.09115,200.36000061035156
1704305940000,1.09115,1.09118,1.09111,1.09111,55.689998626708984
1704306000000,1.09112,1.09115,1.0911,1.09111,71.2699966430664
1704306060000,1.09113,1.09128,1.09104,1.09125,196.14999389648438
1704306120000,1.09126,1.09127,1.09117,1.09122,189.6699981689453
1704306180000,1.0912,1.09125,1.09105,1.09106,189.67999267578125
1704306240000,1.09104,1.09117,1.09103,1.09116,190.41000366210938
1704306300000,1.09116,1.09128,1.09111,1.09122,147.2100067138672
1704306360000,1.09121,1.09135,1.0912,1.0912,180.6199951171875
1704306420000,1.09121,1.09136,1.09121,1.09135,164.72999572753906
1704306480000,1.09135,1.09138,1.09132,1.09132,175.52999877929688
1704306540000,1.09129,1.09129,1.09105,1.09105,215.17999267578125
1704306600000,1.09103,1.09103,1.09087,1.09089,131.00999450683594
1704306660000,1.09087,1.09087,1.09067,1.09071,129.32000732421875
1704306720000,1.0907,1.09075,1.09065,1.09066,253.8000030517578
1704306780000,1.09068,1.09068,1.09055,1.09059,235.14999389648438
1704306840000,1.0906,1.09065,1.09036,1.09044,229.75
1704306900000,1.09045,1.09045,1.09028,1.09029,291.17999267578125
1704306960000,1.09033,1.09045,1.0903,1.09043,175.72999572753906
1704307020000,1.09044,1.0905,1.09041,1.09045,186.80999755859375
1704307080000,1.09045,1.09051,1.09041,1.0905,227.1999969482422
1704307140000,1.09051,1.09051,1.09041,1.09045,145.61000061035156
1704307200000,1.09047,1.09047,1.09032,1.09045,151.24000549316406
1704307260000,1.09044,1.09045,1.09042,1.09044,102.31999969482422
1704307320000,1.09044,1.09052,1.09041,1.09045,146.92999267578125
1704307380000,1.09045,1.09046,1.09026,1.09031,101.43000030517578
1704307440000,1.09031,1.09045,1.0903,1.09041,162.8699951171875
1704307500000,1.09041,1.09048,1.09032,1.09046,130.27999877929688
1704307560000,1.09047,1.09067,1.09047,1.09064,241.99000549316406
1704307620000,1.09066,1.09069,1.09056,1.09064,225.07000732421875
1704307680000,1.09066,1.09068,1.09047,1.09051,242.66000366210938
1704307740000,1.09052,1.09062,1.0905,1.09057,132.63999938964844
1704307800000,1.09058,1.09065,1.09055,1.09065,151.52000427246094
1704307860000,1.09065,1.09076,1.09064,1.09074,223.4199981689453
1704307920000,1.09072,1.09072,1.09048,1.09054,174.47999572753906
1704307980000,1.09055,1.09064,1.09048,1.0906,100.94000244140625
1704308040000,1.09059,1.09066,1.09054,1.09063,252.86000061035156
1704308100000,1.09063,1.09063,1.09052,1.09052,146.64999389648438
1704308160000,1.09049,1.09058,1.09049,1.09055,122.56999969482422
1704308220000,1.09054,1.09055,1.09043,1.09046,94.91999816894531
1704308280000,1.09045,1.0905,1.09042,1.09047,86.12000274658203
1704308340000,1.09048,1.09059,1.09048,1.09054,385.0799865722656
1704308400000,1.09055,1.09116,1.09019,1.09038,798.6599731445312
1704308460000,1.09037,1.0908,1.09003,1.0904,1281.4300537109375
1704308520000,1.09035,1.09043,1.08985,1.09005,1126.6700439453125
1704308580000,1.09002,1.09042,1.08992,1.09018,954.780029296875
1704308640000,1.09016,1.09028,1.09011,1.0902,743.280029296875
1704308700000,1.09023,1.09035,1.0895,1.08955,860.780029296875
1704308760000,1.08954,1.09,1.08935,1.08994,1034.0699462890625
1704308820000,1.08995,1.09032,1.08988,1.09018,508.2900085449219
1704308880000,1.09017,1.09032,1.09012,1.09026,602.5800170898438
1704308940000,1.09026,1.09056,1.0901,1.09012,506.3299865722656
1704309000000,1.09011,1.09026,1.08998,1.09015,666.030029296875
1704309060000,1.09016,1.0902,1.08993,1.09002,932.989990234375
1704309120000,1.09001,1.09005,1.08968,1.08982,995.6199951171875
1704309180000,1.08983,1.08984,1.08949,1.08953,773.030029296875
1704309240000,1.08949,1.08965,1.08929,1.08957,1052.0400390625
1704309300000,1.08959,1.09001,1.08959,1.09001,481.3500061035156
1704309360000,1.09002,1.0904,1.08984,1.09028,353.1400146484375
1704309420000,1.09028,1.09039,1.09014,1.09015,405.6700134277344
1704309480000,1.09018,1.09059,1.09016,1.09059,371.94000244140625
1704309540000,1.09059,1.09076,1.09052,1.09064,353.1000061035156
1704309600000,1.09063,1.09063,1.09044,1.09048,446.6199951171875
1704309660000,1.09048,1.09081,1.09038,1.09066,432.5299987792969
1704309720000,1.09068,1.0908,1.09056,1.09074,348.4800109863281
1704309780000,1.09073,1.09084,1.09066,1.09071,292.19000244140625
1704309840000,1.09068,1.09102,1.0906,1.091,360.6600036621094
1704309900000,1.091,1.09175,1.09097,1.0917,485.32000732421875
1704309960000,1.09169,1.09198,1.09166,1.09194,567.1799926757812
1704310020000,1.09194,1.09209,1.0919,1.09198,636.4199829101562
1704310080000,1.09199,1.09238,1.09196,1.09228,688.47998046875
1704310140000,1.09229,1.09231,1.09204,1.09225,532.4199829101562
1704310200000,1.09229,1.09249,1.09226,1.09248,434.3299865722656
1704310260000,1.09246,1.09254,1.09231,1.09254,500.010009765625
1704310320000,1.09254,1.09257,1.09205,1.09216,528.0700073242188
1704310380000,1.09216,1.09221,1.09195,1.09202,664.1300048828125
1704310440000,1.09204,1.09215,1.09193,1.092,404
1704310500000,1.092,1.09209,1.09181,1.09186,352.4599914550781
1704310560000,1.09184,1.09184,1.0915,1.09181,488.5199890136719
1704310620000,1.09181,1.09193,1.09157,1.09191,336.4700012207031
1704310680000,1.09191,1.09221,1.09188,1.09204,276.32000732421875
1704310740000,1.09204,1.09214,1.09197,1.09202,291.5
1704310800000,1.09202,1.09202,1.09144,1.09159,486.0400085449219
1704310860000,1.0916,1.09199,1.09157,1.09178,383.7300109863281
1704310920000,1.09179,1.09222,1.09179,1.09222,214.8800048828125
1704310980000,1.09224,1.09244,1.09214,1.09228,279.6700134277344
1704311040000,1.09228,1.09237,1.09217,1.09225,299.1700134277344
1704311100000,1.09223,1.09246,1.09219,1.09226,359.80999755859375
1704311160000,1.09224,1.09227,1.09206,1.09223,456.3399963378906
1704311220000,1.09222,1.09237,1.09216,1.09237,227.30999755859375
1704311280000,1.09237,1.0925,1.09232,1.09232,227.22000122070312
1704311340000,1.09231,1.09232,1.09198,1.09198,296.6099853515625
1704311400000,1.09197,1.09202,1.09187,1.09191,195.83999633789062
1704311460000,1.09192,1.09192,1.09171,1.09172,396.70001220703125
1704311520000,1.09174,1.09187,1.09167,1.0917,317.1300048828125
1704311580000,1.09171,1.09203,1.0917,1.09197,243.74000549316406
1704311640000,1.09198,1.09207,1.09179,1.09204,316.0799865722656
1704311700000,1.09204,1.09204,1.09155,1.09164,455.2200012207031
1704311760000,1.09162,1.09191,1.09156,1.09175,375.75
1704311820000,1.09176,1.09183,1.09167,1.09181,187.39999389648438
1704311880000,1.09182,1.092,1.09176,1.09182,337.4700012207031
1704311940000,1.0918,1.0918,1.09167,1.09176,487.3900146484375
1704312000000,1.09177,1.09192,1.09176,1.09181,529.4000244140625
1704312060000,1.09181,1.09181,1.09152,1.09159,504.1700134277344
1704312120000,1.09157,1.09192,1.09153,1.0918,447.1499938964844
1704312180000,1.0918,1.09191,1.09168,1.09168,273.5
1704312240000,1.09167,1.09192,1.09167,1.09191,312.1400146484375
1704312300000,1.09193,1.09209,1.09191,1.09205,198.14999389648438
1704312360000,1.09205,1.09207,1.09192,1.09197,164.1699981689453
1704312420000,1.09194,1.092,1.0918,1.09193,204.3300018310547
1704312480000,1.09193,1.09202,1.09182,1.09192,354.8599853515625
1704312540000,1.09191,1.09197,1.09178,1.09194,260.45001220703125
1704312600000,1.09194,1.09217,1.09189,1.09212,175.0500030517578
1704312660000,1.0921,1.09213,1.09185,1.09187,275.1600036621094
1704312720000,1.09188,1.09206,1.09188,1.09202,226.32000732421875
1704312780000,1.092,1.092,1.09184,1.0919,105.87999725341797
1704312840000,1.09191,1.09211,1.09189,1.09207,235.33999633789062
1704312900000,1.09208,1.09211,1.09199,1.092,99.44000244140625
1704312960000,1.09199,1.09205,1.09189,1.09193,124.12999725341797
1704313020000,1.09192,1.09198,1.09181,1.09198,62.099998474121094
1704313080000,1.092,1.09232,1.09192,1.09225,283.5799865722656
1704313140000,1.09223,1.09225,1.09203,1.09203,211.75
1704313200000,1.09203,1.09205,1.09162,1.09168,231.02999877929688
1704313260000,1.09168,1.09169,1.09162,1.09167,130.30999755859375
1704313320000,1.09171,1.09193,1.09162,1.09191,197.3300018310547
1704313380000,1.09191,1.09202,1.09187,1.09191,179.44000244140625
1704313440000,1.09192,1.09192,1.0917,1.09171,279.04998779296875
1704313500000,1.09172,1.09172,1.09156,1.09167,323.3699951171875
1704313560000,1.09165,1.09183,1.09163,1.09171,204.52000427246094
1704313620000,1.09172,1.09176,1.09162,1.09168,222.11000061035156
1704313680000,1.09169,1.09169,1.0915,1.09158,258.8900146484375
1704313740000,1.09158,1.09182,1.09157,1.09177,166.97000122070312
1704313800000,1.09177,1.09193,1.09175,1.09186,282.6199951171875
1704313860000,1.09184,1.09195,1.09172,1.09192,270.2699890136719
1704313920000,1.09192,1.092,1.09188,1.09193,271.17999267578125
1704313980000,1.09192,1.09195,1.09183,1.09183,204.6300048828125
1704314040000,1.09183,1.09202,1.09183,1.09196,193.32000732421875
1704314100000,1.09195,1.09201,1.09189,1.09192,149.61000061035156
1704314160000,1.09194,1.09196,1.09177,1.09181,276.3399963378906
1704314220000,1.09177,1.09178,1.09165,1.09172,125.69999694824219
1704314280000,1.09173,1.09191,1.09171,1.09189,157.3699951171875
1704314340000,1.09189,1.09202,1.09182,1.09201,307.75
1704314400000,1.09202,1.09203,1.09189,1.09193,123.27999877929688
1704314460000,1.09191,1.09197,1.0918,1.09191,136.10000610351562
1704314520000,1.09189,1.09203,1.09188,1.09197,100.87999725341797
1704314580000,1.09199,1.09204,1.09187,1.09191,192.3000030517578
1704314640000,1.09192,1.09196,1.09187,1.09188,91.72000122070312
1704314700000,1.09187,1.09198,1.09181,1.09191,127.68000030517578
1704314760000,1.0919,1.09218,1.09189,1.09214,126.01000213623047
1704314820000,1.09213,1.09214,1.09202,1.09213,90.45999908447266
1704314880000,1.09213,1.09221,1.09208,1.09208,101.05999755859375
1704314940000,1.09208,1.09212,1.09205,1.09208,69.31999969482422
1704315000000,1.09209,1.09209,1.09187,1.09192,174.5
1704315060000,1.09193,1.09199,1.09188,1.09197,145.88999938964844
1704315120000,1.09194,1.09198,1.09182,1.09183,109.0199966430664
1704315180000,1.09183,1.09191,1.0918,1.09188,171.25999450683594
1704315240000,1.09188,1.09188,1.09178,1.09186,147.9600067138672
1704315300000,1.09187,1.09219,1.09187,1.09213,184.82000732421875
1704315360000,1.09213,1.09213,1.09205,1.09207,99
1704315420000,1.09206,1.0922,1.09202,1.09206,119.62999725341797
1704315480000,1.09205,1.09207,1.09201,1.09204,72.41999816894531
1704315540000,1.09205,1.09214,1.09205,1.09212,180.91000366210938
1704315600000,1.09211,1.09214,1.09204,1.09207,135.39999389648438
1704315660000,1.09207,1.09215,1.09206,1.09213,141.97999572753906
1704315720000,1.09211,1.0922,1.09202,1.09207,159.83999633789062
1704315780000,1.09206,1.09208,1.09197,1.09198,121.06999969482422
1704315840000,1.09199,1.09202,1.09197,1.092,53.56999969482422
1704315900000,1.092,1.09202,1.09192,1.09193,61.650001525878906
1704315960000,1.09196,1.09197,1.09187,1.09191,50.400001525878906
1704316020000,1.09192,1.09193,1.09191,1.09192,47.25
1704316080000,1.09191,1.09196,1.09191,1.09195,73.02999877929688
1704316140000,1.09194,1.09197,1.09194,1.09196,34.650001525878906
1704316200000,1.09197,1.09197,1.09191,1.09195,46.79999923706055
1704316260000,1.09193,1.09195,1.09191,1.09194,34.7599983215332
1704316320000,1.09193,1.09209,1.09191,1.09207,82.83000183105469
1704316380000,1.09208,1.09213,1.09207,1.09208,45.33000183105469
1704316440000,1.09207,1.09213,1.09207,1.09213,67.68000030517578
1704316500000,1.09213,1.09213,1.09208,1.0921,17.100000381469727
1704316560000,1.09209,1.0921,1.09202,1.09203,43.7400016784668
1704316620000,1.09202,1.09202,1.09199,1.092,27
1704316680000,1.09199,1.09208,1.09199,1.09208,56.40999984741211
1704316740000,1.09208,1.09208,1.09203,1.09204,23.579999923706055
1704316800000,1.09205,1.0921,1.092,1.092,62.560001373291016
1704316860000,1.092,1.09203,1.092,1.09202,32.97999954223633
1704316920000,1.09205,1.09209,1.09205,1.09208,16.81999969482422
1704316980000,1.0921,1.09211,1.0921,1.09211,1.7999999523162842
1704317040000,1.09209,1.09215,1.09208,1.09214,19.350000381469727
1704317100000,1.09215,1.09224,1.0921,1.09224,35.400001525878906
1704317160000,1.09223,1.09223,1.09217,1.0922,20.600000381469727
1704317220000,1.09221,1.09229,1.09221,1.09227,18
1704317280000,1.09227,1.09227,1.09225,1.09226,17.100000381469727
1704317340000,1.09226,1.09236,1.09225,1.09227,91.77999877929688
1704317400000,1.09229,1.09229,1.09223,1.09224,88.25
1704317460000,1.09223,1.09223,1.0921,1.09211,67.86000061035156
1704317520000,1.0921,1.09212,1.09203,1.09203,37.40999984741211
1704317580000,1.09202,1.09203,1.09202,1.09202,5.400000095367432
1704317640000,1.09203,1.09203,1.09196,1.09201,38.790000915527344
1704317700000,1.09201,1.09201,1.09196,1.09197,34.369998931884766
1704317760000,1.09198,1.09198,1.09197,1.09198,4.949999809265137
1704317820000,1.09199,1.09202,1.09197,1.09201,34.380001068115234
1704317880000,1.09202,1.09208,1.09202,1.09207,18.09000015258789
1704317940000,1.09207,1.09207,1.09207,1.09207,2.700000047683716
1704318000000,1.09206,1.09206,1.09191,1.09196,104.76000213623047
1704318060000,1.09195,1.09196,1.09193,1.09194,246.50999450683594
1704318120000,1.09194,1.09207,1.09193,1.09205,104.30999755859375
1704318180000,1.09204,1.09205,1.09201,1.09202,43.83000183105469
1704318240000,1.09199,1.09205,1.09197,1.09204,105.66999816894531
1704318300000,1.09204,1.09205,1.092,1.092,29.25
1704318360000,1.092,1.09203,1.09198,1.09202,64.83000183105469
1704318420000,1.09201,1.09202,1.09189,1.09191,173.8800048828125
1704318480000,1.0919,1.0919,1.09188,1.0919,64.08000183105469
1704318540000,1.09189,1.09194,1.09189,1.09194,94.1500015258789
1704318600000,1.09193,1.09196,1.09189,1.09196,98.69999694824219
1704318660000,1.09195,1.09198,1.09194,1.09196,80.91000366210938
1704318720000,1.09198,1.09198,1.09192,1.09192,130.1999969482422
1704318780000,1.09193,1.09196,1.09192,1.09195,142.13999938964844
1704318840000,1.09195,1.09197,1.09193,1.09197,89.19000244140625
1704318900000,1.09196,1.09197,1.09193,1.09196,193.1699981689453
1704318960000,1.09199,1.09209,1.09198,1.09208,155.07000732421875
1704319020000,1.09207,1.09219,1.09207,1.09219,46.290000915527344
1704319080000,1.09219,1.09219,1.09218,1.09218,50.880001068115234
1704319140000,1.09218,1.09229,1.09206,1.09206,99.9000015258789
1704319200000,1.09206,1.09206,1.09192,1.09192,12.779999732971191
1704319260000,1.09188,1.09188,1.09188,1.09188,1.7999999523162842
1704319320000,1.09188,1.09188,1.09188,1.09188,1.7999999523162842
1704319380000,1.09192,1.09192,1.09192,1.09192,0.7200000286102295
1704319440000,1.09198,1.092,1.09198,1.092,7.199999809265137
1704319500000,1.09199,1.09201,1.09174,1.09185,126.94000244140625
1704319560000,1.09198,1.09198,1.09177,1.09177,15.65999984741211
1704319620000,1.0919,1.09197,1.09167,1.09192,13.020000457763672
1704319680000,1.09195,1.09196,1.09167,1.09167,10.100000381469727
1704319740000,1.09167,1.09193,1.09167,1.09192,4.599999904632568
1704319800000,1.09192,1.09193,1.09167,1.09192,6.21999979019165
1704319860000,1.09192,1.09192,1.09192,1.09192,6.5
1704319920000,1.09192,1.09192,1.09177,1.09189,6.800000190734863
1704319980000,1.09189,1.09189,1.09174,1.09175,8
1704320040000,1.09173,1.09186,1.09173,1.09186,18
1704320100000,1.09187,1.09215,1.09187,1.09211,45.900001525878906
1704320160000,1.0921,1.09216,1.0921,1.09213,9
1704320220000,1.0921,1.09225,1.09208,1.09208,80.0999984741211
1704320280000,1.09211,1.09211,1.09211,1.09211,0.8999999761581421
1704320400000,1.09208,1.09208,1.09208,1.09208,0.8999999761581421
1704320460000,1.092,1.09209,1.09189,1.09209,27.75
1704320520000,1.09213,1.09213,1.0921,1.0921,1.7999999523162842
1704320640000,1.09204,1.09204,1.09199,1.09202,13.949999809265137
1704320700000,1.09202,1.09204,1.09199,1.09199,35.099998474121094
1704320760000,1.09199,1.09199,1.09199,1.09199,2.25
1704320820000,1.09198,1.09202,1.09192,1.09196,85.94999694824219
1704320880000,1.09193,1.09199,1.09193,1.09198,231.75
1704320940000,1.09196,1.09198,1.09193,1.09197,128.6999969482422
1704321000000,1.09196,1.09198,1.09195,1.09197,135
1704321060000,1.09198,1.09214,1.09196,1.0921,185.85000610351562
1704321120000,1.09212,1.09215,1.09212,1.09213,147.60000610351562
1704321180000,1.09215,1.09215,1.09197,1.09198,213.3000030517578
1704321240000,1.09198,1.09211,1.09198,1.0921,38.70000076293945
1704321300000,1.09208,1.0921,1.09198,1.09199,100.3499984741211
1704321360000,1.09198,1.09199,1.09198,1.09199,94.94999694824219
1704321420000,1.09198,1.09201,1.09198,1.09199,224.10000610351562
1704321480000,1.092,1.09216,1.09196,1.09211,366.29998779296875
1704321540000,1.09196,1.09201,1.09195,1.09196,194.39999389648438
1704321600000,1.09195,1.09198,1.09195,1.09197,459
1704321660000,1.09196,1.09198,1.09196,1.09198,72
1704321720000,1.09196,1.09197,1.09195,1.09195,61.20000076293945
1704321780000,1.09197,1.09197,1.09195,1.09196,284.3999938964844
1704321840000,1.09196,1.09198,1.09196,1.09197,87.75
1704321900000,1.09197,1.09203,1.09196,1.092,70.6500015258789
1704321960000,1.09199,1.09201,1.09198,1.09199,64.3499984741211
1704322020000,1.09198,1.09205,1.09198,1.09199,101.69999694824219
1704322080000,1.092,1.09203,1.09198,1.09199,67.5
1704322140000,1.09205,1.09208,1.09197,1.09206,267.29998779296875
1704322200000,1.09207,1.09209,1.09204,1.09205,115.19999694824219
1704322260000,1.09204,1.09207,1.09204,1.09207,36.900001525878906
1704322320000,1.09208,1.09213,1.09208,1.0921,49.5
1704322380000,1.09211,1.09214,1.0921,1.09211,45
1704322440000,1.09212,1.09213,1.09209,1.09211,57.599998474121094
1704322500000,1.09208,1.09215,1.09208,1.09212,81.9000015258789
1704322560000,1.09213,1.09214,1.09208,1.0921,108.9000015258789
1704322620000,1.09209,1.09215,1.09208,1.09208,136.8000030517578
1704322680000,1.0921,1.09211,1.09199,1.09205,132.3000030517578
1704322740000,1.09209,1.09209,1.09205,1.09206,72.9000015258789
1704322800000,1.09207,1.09255,1.09207,1.0925,159.7899932861328
1704322860000,1.09251,1.09251,1.09241,1.09241,36.29999923706055
1704322920000,1.09239,1.09242,1.09237,1.09241,42.91999816894531
1704322980000,1.09241,1.09241,1.09233,1.09237,19.760000228881836
1704323040000,1.09238,1.09238,1.09237,1.09237,9.930000305175781
1704323100000,1.09242,1.09243,1.09239,1.0924,17.950000762939453
1704323160000,1.0924,1.09243,1.09239,1.09243,19.299999237060547
1704323220000,1.09241,1.09241,1.09238,1.09238,19.290000915527344
1704323280000,1.09238,1.09253,1.09238,1.09252,42.91999816894531
1704323340000,1.0925,1.0925,1.09244,1.09246,43.93000030517578
1704323400000,1.09247,1.09251,1.09244,1.09245,74.81999969482422
1704323460000,1.09245,1.09249,1.09244,1.09248,60.959999084472656
1704323520000,1.09247,1.0925,1.09244,1.09244,43.459999084472656
1704323580000,1.09245,1.09245,1.09241,1.09243,74.05000305175781
1704323640000,1.09243,1.0925,1.09243,1.09247,33.849998474121094
1704323700000,1.09248,1.09248,1.09238,1.09238,20.780000686645508
1704323760000,1.09237,1.09237,1.09234,1.09237,30.610000610351562
1704323820000,1.09236,1.09237,1.09227,1.09227,41.369998931884766
1704323880000,1.09227,1.09228,1.09226,1.09228,13.020000457763672
1704323940000,1.0923,1.09231,1.09227,1.09229,18.729999542236328
1704324000000,1.09228,1.09228,1.09226,1.09227,22.610000610351562
1704324060000,1.0923,1.09233,1.09226,1.09227,41.599998474121094
1704324120000,1.09227,1.09227,1.09224,1.09227,32.88999938964844
1704324180000,1.09226,1.09227,1.0922,1.09222,80.97000122070312
1704324240000,1.09223,1.09229,1.09222,1.09227,47.869998931884766
1704324300000,1.09228,1.09248,1.09224,1.09248,41.58000183105469
1704324360000,1.09248,1.09248,1.09242,1.09242,15.300000190734863
1704324420000,1.09243,1.09243,1.09238,1.09238,18.469999313354492
1704324480000,1.09238,1.09239,1.09237,1.09238,13.5
1704324540000,1.09238,1.09245,1.09238,1.09244,15.300000190734863
1704324600000,1.09242,1.09244,1.09237,1.09239,49.119998931884766
1704324660000,1.09238,1.09242,1.09238,1.0924,16.010000228881836
1704324720000,1.0924,1.09248,1.09238,1.09247,61.189998626708984
1704324780000,1.09248,1.09255,1.09248,1.09251,59.33000183105469
1704324840000,1.0925,1.09251,1.09247,1.09249,30.780000686645508
1704324900000,1.09248,1.09253,1.09247,1.0925,39.31999969482422
1704324960000,1.09249,1.09249,1.09246,1.09247,27.65999984741211
1704325020000,1.09248,1.09249,1.09245,1.09248,20.700000762939453
1704325080000,1.09247,1.09248,1.09247,1.09247,18.34000015258789
1704325140000,1.09247,1.09247,1.09247,1.09247,7.199999809265137
1704325200000,1.09246,1.09249,1.09246,1.09249,17.280000686645508
1704325260000,1.09249,1.09249,1.09247,1.09248,12.9399995803833
1704325320000,1.09248,1.09248,1.09246,1.09248,23.209999084472656
1704325380000,1.09248,1.09253,1.09248,1.09253,25.020000457763672
1704325440000,1.09252,1.09252,1.09246,1.09246,67.9000015258789
1704325500000,1.09246,1.09247,1.09246,1.09247,15.6899995803833
1704325560000,1.09247,1.09253,1.09246,1.09251,29.690000534057617
1704325620000,1.0925,1.0925,1.09246,1.09247,42.560001373291016
1704325680000,1.09247,1.0925,1.09245,1.09248,81.44000244140625
1704325740000,1.09248,1.09254,1.09248,1.09253,41.25
1704325800000,1.09253,1.09257,1.09253,1.09256,59.91999816894531
1704325860000,1.09255,1.09258,1.09255,1.09258,31.59000015258789
1704325920000,1.09258,1.09258,1.09253,1.09255,18.270000457763672
1704325980000,1.09255,1.09268,1.09253,1.09266,60.16999816894531
1704326040000,1.09266,1.09274,1.09265,1.09274,63.5099983215332
1704326100000,1.09275,1.09275,1.09264,1.09264,32.36000061035156
1704326160000,1.09263,1.09263,1.09259,1.09259,31.559999465942383
1704326220000,1.09259,1.09263,1.09254,1.09254,37.22999954223633
1704326280000,1.09253,1.09254,1.09253,1.09254,1.8899999856948853
1704326340000,1.09253,1.0926,1.09253,1.09258,17.90999984741211
1704326400000,1.09259,1.0926,1.09255,1.09259,91.97000122070312
1704326460000,1.09258,1.09263,1.09255,1.0926,127.91000366210938
1704326520000,1.09261,1.09264,1.09261,1.09263,81.4800033569336
1704326580000,1.09262,1.09263,1.09259,1.09263,39.689998626708984
1704326640000,1.09262,1.09262,1.09255,1.09259,72.08000183105469
1704326700000,1.09259,1.09259,1.09253,1.09253,79.66000366210938
1704326760000,1.09253,1.09254,1.09249,1.09253,78.72000122070312
1704326820000,1.09254,1.09254,1.09248,1.09248,57
1704326880000,1.09249,1.09249,1.09244,1.09244,28.889999389648438
1704326940000,1.09244,1.09244,1.09234,1.09234,67.79000091552734
1704327000000,1.09234,1.09234,1.09216,1.09218,65.72000122070312
1704327060000,1.09219,1.09222,1.09214,1.09214,49.79999923706055
1704327120000,1.09215,1.09219,1.09212,1.09218,61.04999923706055
1704327180000,1.09217,1.0924,1.09217,1.09238,113.4000015258789
1704327240000,1.09239,1.09243,1.09237,1.09239,35.65999984741211
1704327300000,1.09239,1.09249,1.09239,1.09249,98.56999969482422
1704327360000,1.09249,1.09253,1.09248,1.09253,57.18000030517578
1704327420000,1.09254,1.09258,1.09249,1.09257,28.559999465942383
1704327480000,1.09256,1.09256,1.09248,1.09256,16.31999969482422
1704327540000,1.09258,1.09261,1.09258,1.09259,3.809999942779541
1704327600000,1.0926,1.09266,1.0926,1.09261,44.29999923706055
1704327660000,1.0926,1.0926,1.09255,1.09258,51.400001525878906
1704327720000,1.09259,1.0926,1.09258,1.09258,60.599998474121094
1704327780000,1.09259,1.09263,1.09255,1.09255,43.970001220703125
1704327840000,1.09258,1.09264,1.0925,1.09252,56.84000015258789
1704327900000,1.09252,1.09256,1.0925,1.09254,38.0099983215332
1704327960000,1.09253,1.09255,1.09253,1.09254,10.40999984741211
1704328020000,1.09255,1.09257,1.09252,1.09253,9.930000305175781
1704328080000,1.09254,1.09254,1.09251,1.09252,28.31999969482422
1704328140000,1.09253,1.09257,1.09251,1.09253,53.4900016784668
1704328200000,1.09253,1.09257,1.09253,1.09254,108.2699966430664
1704328260000,1.09254,1.09255,1.09252,1.09254,58.22999954223633
1704328320000,1.09253,1.09254,1.09253,1.09254,39.09000015258789
1704328380000,1.09254,1.09254,1.09249,1.09254,69.5999984741211
1704328440000,1.09254,1.09254,1.09253,1.09254,23.940000534057617
1704328500000,1.09253,1.09254,1.09248,1.09248,34.310001373291016
1704328560000,1.09249,1.09249,1.09237,1.09237,42.91999816894531
1704328620000,1.09236,1.09236,1.09232,1.09234,26.450000762939453
1704328680000,1.09232,1.09232,1.09213,1.09223,232.10000610351562
1704328740000,1.09222,1.09224,1.09222,1.09222,98.91000366210938
1704328800000,1.09223,1.09226,1.09221,1.09222,117.72000122070312
1704328860000,1.09222,1.09224,1.09209,1.0921,164.8699951171875
1704328920000,1.09209,1.0921,1.09208,1.09209,76.5
1704328980000,1.0921,1.09215,1.0921,1.09214,60.29999923706055
1704329040000,1.09214,1.09214,1.09213,1.09213,7.199999809265137
1704329100000,1.09216,1.09217,1.09209,1.09213,69.2300033569336
1704329160000,1.09214,1.09223,1.09214,1.09223,35.310001373291016
1704329220000,1.09223,1.09231,1.09223,1.09229,58.59000015258789
1704329280000,1.09229,1.09231,1.09224,1.09225,194.44000244140625
1704329340000,1.09225,1.09229,1.09221,1.09223,68.12000274658203
1704329400000,1.09222,1.09222,1.09215,1.09218,37.79999923706055
1704329460000,1.09218,1.09218,1.09212,1.09214,53.279998779296875
1704329520000,1.09214,1.09214,1.0921,1.09213,67.68000030517578
1704329580000,1.09213,1.09213,1.0921,1.09212,64.9800033569336
1704329640000,1.09213,1.09216,1.09194,1.09195,249.11000061035156
1704329700000,1.09196,1.09216,1.09196,1.09214,158.94000244140625
1704329760000,1.09214,1.09217,1.09208,1.09215,95.8499984741211
1704329820000,1.09215,1.09228,1.09215,1.09224,27.09000015258789
1704329880000,1.09224,1.09227,1.09224,1.09225,16.770000457763672
1704329940000,1.09226,1.09228,1.09225,1.09225,31.579999923706055
1704330000000,1.09224,1.09228,1.09218,1.0922,111.27999877929688
1704330060000,1.09221,1.09224,1.09219,1.09224,96.62999725341797
1704330120000,1.09223,1.09224,1.0922,1.09223,76.9000015258789
1704330180000,1.09224,1.09231,1.09222,1.0923,87.30000305175781
1704330240000,1.0923,1.09231,1.09222,1.09223,130.22000122070312
1704330300000,1.09223,1.09225,1.09222,1.09225,28.799999237060547
1704330360000,1.09227,1.09241,1.09227,1.09238,150.3000030517578
1704330420000,1.09239,1.09239,1.09227,1.09228,204.7899932861328
1704330480000,1.09229,1.09231,1.09227,1.09229,119.41000366210938
1704330540000,1.0923,1.0923,1.09222,1.09223,172.11000061035156
1704330600000,1.09225,1.09228,1.09219,1.09219,35.27000045776367
1704330660000,1.09218,1.09218,1.09207,1.09208,89.2699966430664
1704330720000,1.09207,1.0921,1.09207,1.09209,35.099998474121094
1704330780000,1.0921,1.09211,1.09205,1.09205,37.79999923706055
1704330840000,1.09204,1.09207,1.092,1.09204,80.0999984741211
1704330900000,1.09203,1.09228,1.09202,1.09226,138.60000610351562
1704330960000,1.09226,1.09228,1.09217,1.0922,46.52000045776367
1704331020000,1.09219,1.09219,1.09213,1.09214,117.30999755859375
1704331080000,1.09216,1.09224,1.09215,1.09221,90
1704331140000,1.0922,1.09222,1.09212,1.09212,188.89999389648438
1704331200000,1.09211,1.09214,1.09202,1.09209,251.42999267578125
1704331260000,1.0921,1.09213,1.09203,1.09206,251.27999877929688
1704331320000,1.09208,1.09212,1.09202,1.09203,134.10000610351562
1704331380000,1.09202,1.09218,1.09202,1.09218,78.75
1704331440000,1.09217,1.09224,1.09216,1.09222,83.41999816894531
1704331500000,1.09223,1.09223,1.0922,1.09221,38.869998931884766
1704331560000,1.09222,1.09222,1.09213,1.09213,30
1704331620000,1.09214,1.09214,1.09197,1.09197,42.290000915527344
1704331680000,1.09198,1.09198,1.09192,1.09194,83.2699966430664
1704331740000,1.09193,1.09194,1.09189,1.09192,110.25
1704331800000,1.09191,1.09195,1.09174,1.09184,267.17999267578125
1704331860000,1.09187,1.09189,1.09183,1.09187,143.75
1704331920000,1.09188,1.0919,1.09182,1.09189,279.7799987792969
1704331980000,1.09188,1.09195,1.09188,1.09195,130.8000030517578
1704332040000,1.09194,1.09195,1.09177,1.09177,255.1300048828125
1704332100000,1.09178,1.09179,1.09171,1.09171,219.91000366210938
1704332160000,1.09172,1.09174,1.09168,1.09173,293.9200134277344
1704332220000,1.09174,1.09182,1.09173,1.09178,163.47999572753906
1704332280000,1.09177,1.0918,1.09173,1.09174,175.25999450683594
1704332340000,1.09175,1.09176,1.09172,1.09174,124.11000061035156
1704332400000,1.09174,1.09183,1.09174,1.09181,95.56999969482422
1704332460000,1.09181,1.09184,1.09178,1.09179,81
1704332520000,1.09179,1.09183,1.09179,1.0918,29.420000076293945
1704332580000,1.09183,1.09183,1.09168,1.0917,63.65999984741211
1704332640000,1.09173,1.09175,1.09163,1.09169,63.38999938964844
1704332700000,1.09168,1.09187,1.09168,1.09178,102.31999969482422
1704332760000,1.09178,1.09179,1.09169,1.09169,244.77000427246094
1704332820000,1.09168,1.09182,1.09167,1.09182,113.05000305175781
1704332880000,1.09182,1.09187,1.09179,1.0918,72.18000030517578
1704332940000,1.09182,1.09184,1.09174,1.09174,31.020000457763672
1704333000000,1.09174,1.09178,1.09173,1.09175,62.040000915527344
1704333060000,1.09174,1.09175,1.0917,1.09174,244.8000030517578
1704333120000,1.09175,1.09188,1.09174,1.09179,119.51000213623047
1704333180000,1.09178,1.0918,1.09178,1.09179,55.529998779296875
1704333240000,1.0918,1.09183,1.09179,1.09179,64.80000305175781
1704333300000,1.09179,1.09198,1.09179,1.0919,70.70999908447266
1704333360000,1.09188,1.09189,1.09186,1.09187,76.12000274658203
1704333420000,1.09186,1.09189,1.09183,1.09188,56.52000045776367
1704333480000,1.09189,1.09189,1.0918,1.0918,43.11000061035156
1704333540000,1.09179,1.09179,1.09176,1.09178,43.650001525878906
1704333600000,1.09177,1.09184,1.09176,1.09177,65.18000030517578
1704333660000,1.09178,1.09189,1.09178,1.09189,121.41000366210938
1704333720000,1.0919,1.0919,1.09177,1.0918,139.9499969482422
1704333780000,1.09182,1.09184,1.09181,1.09184,16.649999618530273
1704333840000,1.09185,1.09185,1.0918,1.09182,43.290000915527344
1704333900000,1.09183,1.09184,1.09181,1.09182,14.609999656677246
1704333960000,1.09183,1.09183,1.09179,1.09182,33.47999954223633
1704334020000,1.09181,1.0919,1.09179,1.09184,33.209999084472656
1704334080000,1.09184,1.09184,1.0918,1.09184,24.8700008392334
1704334140000,1.09184,1.09188,1.09183,1.09183,59.209999084472656
1704334200000,1.09183,1.09188,1.09183,1.09183,82.80000305175781
1704334260000,1.09183,1.09184,1.09182,1.09183,35.099998474121094
1704334320000,1.09182,1.09184,1.09179,1.09184,32.4900016784668
1704334380000,1.09184,1.09188,1.09184,1.09185,36.040000915527344
1704334440000,1.09184,1.09188,1.09183,1.09187,52.02000045776367
1704334500000,1.09187,1.09188,1.09169,1.09169,138.17999267578125
1704334560000,1.09169,1.09175,1.09169,1.09174,80.97000122070312
1704334620000,1.09175,1.0918,1.09173,1.09177,90.62999725341797
1704334680000,1.09177,1.09177,1.09174,1.09174,54.029998779296875
1704334740000,1.09174,1.09175,1.09171,1.09174,47.189998626708984
1704334800000,1.09172,1.09172,1.09166,1.09169,48.5099983215332
1704334860000,1.09167,1.09168,1.0916,1.09164,49.47999954223633
1704334920000,1.09164,1.09168,1.09161,1.09168,37.52000045776367
1704334980000,1.09169,1.09171,1.09168,1.09169,43.7400016784668
1704335040000,1.09169,1.09169,1.09167,1.09169,33.02000045776367
1704335100000,1.0917,1.09188,1.0917,1.09187,157.39999389648438
1704335160000,1.09186,1.09187,1.09181,1.09183,61.06999969482422
1704335220000,1.09181,1.09183,1.09178,1.09183,69.75
1704335280000,1.09184,1.09184,1.09179,1.09179,29.25
1704335340000,1.0918,1.09186,1.09179,1.09183,70.55000305175781
1704335400000,1.09183,1.09184,1.09181,1.09183,22.049999237060547
1704335460000,1.09182,1.09185,1.09182,1.09184,10.800000190734863
1704335520000,1.09187,1.09195,1.09184,1.09193,90.69000244140625
1704335580000,1.09194,1.09199,1.09194,1.09199,77.58000183105469
1704335640000,1.09199,1.09199,1.09188,1.09192,100.12999725341797
1704335700000,1.09191,1.09191,1.09188,1.0919,63.34000015258789
1704335760000,1.09188,1.09191,1.09188,1.09189,41.189998626708984
1704335820000,1.0919,1.09194,1.09189,1.09189,43.18000030517578
1704335880000,1.09187,1.0919,1.09187,1.0919,65.95999908447266
1704335940000,1.0919,1.09194,1.09188,1.09191,71.43000030517578
1704336000000,1.09191,1.09194,1.09191,1.09194,48.060001373291016
1704336060000,1.09193,1.09195,1.0919,1.0919,18
1704336120000,1.09191,1.09194,1.09191,1.09193,27.989999771118164
1704336180000,1.09194,1.09194,1.09188,1.09189,39.939998626708984
1704336240000,1.09188,1.09189,1.09184,1.09188,43.189998626708984
1704336300000,1.09187,1.09187,1.09182,1.09186,56.959999084472656
1704336360000,1.09184,1.09184,1.09184,1.09184,10.800000190734863
1704336420000,1.09184,1.09189,1.09177,1.09178,208.13999938964844
1704336480000,1.09177,1.09181,1.09174,1.09181,83.25
1704336540000,1.0918,1.09184,1.09175,1.09184,72.44999694824219
1704336600000,1.09183,1.09184,1.09183,1.09184,6.300000190734863
1704336660000,1.09183,1.09183,1.09179,1.09179,54
1704336720000,1.09179,1.09184,1.09179,1.09184,35.029998779296875
1704336780000,1.09183,1.09184,1.0918,1.09181,22.309999465942383
1704336840000,1.09183,1.09194,1.09183,1.09193,84.47000122070312
1704336900000,1.09194,1.09197,1.09191,1.09195,170.4199981689453
1704336960000,1.09194,1.09196,1.09188,1.09189,41.06999969482422
1704337020000,1.09188,1.09199,1.09188,1.09194,130.9199981689453
1704337080000,1.09192,1.09197,1.0919,1.09197,20.420000076293945
1704337140000,1.09198,1.09198,1.09193,1.09193,137.4199981689453
1704337200000,1.09193,1.09202,1.09193,1.09199,184.25999450683594
1704337260000,1.09201,1.09205,1.09197,1.09198,203.2899932861328
1704337320000,1.09198,1.09208,1.09198,1.09207,155.6999969482422
1704337380000,1.09208,1.09217,1.09207,1.09214,149.6300048828125
1704337440000,1.09213,1.09214,1.09209,1.09214,16.200000762939453
1704337500000,1.09214,1.09214,1.09209,1.09209,26.719999313354492
1704337560000,1.09209,1.09217,1.09209,1.09217,43.529998779296875
1704337620000,1.09215,1.09219,1.09214,1.09219,88.12999725341797
1704337680000,1.09219,1.09221,1.09218,1.0922,78.20999908447266
1704337740000,1.09219,1.09221,1.09213,1.0922,86.5199966430664
1704337800000,1.0922,1.0923,1.0922,1.0923,33.56999969482422
1704337860000,1.09231,1.09231,1.09229,1.09231,124.5
1704337920000,1.09231,1.09231,1.09221,1.09224,125.88999938964844
1704337980000,1.09225,1.09225,1.09219,1.09219,8.899999618530273
1704338040000,1.09219,1.09228,1.09219,1.09228,27.56999969482422
1704338100000,1.09229,1.09229,1.09224,1.09224,42.91999816894531
1704338160000,1.09224,1.09224,1.09222,1.09224,15.020000457763672
1704338220000,1.09224,1.09229,1.09224,1.09225,29.420000076293945
1704338280000,1.09225,1.09233,1.09224,1.09233,76.83999633789062
1704338340000,1.09233,1.09239,1.09233,1.09236,98.36000061035156
1704338400000,1.09235,1.09239,1.09233,1.09237,114.47000122070312
1704338460000,1.09237,1.0924,1.09234,1.0924,70.19999694824219
1704338520000,1.09237,1.09237,1.09234,1.09235,26.270000457763672
1704338580000,1.09235,1.0924,1.09235,1.0924,7.199999809265137
1704338640000,1.09238,1.09244,1.09237,1.09241,91.05000305175781
1704338700000,1.09241,1.09245,1.0924,1.09245,29.100000381469727
1704338760000,1.09247,1.09259,1.09247,1.09259,122.61000061035156
1704338820000,1.09259,1.09261,1.09251,1.09251,84.06999969482422
1704338880000,1.0925,1.09269,1.0925,1.09265,126.30000305175781
1704338940000,1.09268,1.0927,1.09265,1.09267,152
1704339000000,1.09266,1.09281,1.09266,1.09281,193.0500030517578
1704339060000,1.0928,1.09286,1.0927,1.0927,107.80999755859375
1704339120000,1.09272,1.09299,1.09272,1.09299,238.2899932861328
1704339180000,1.09299,1.09299,1.09283,1.09284,85.37999725341797
1704339240000,1.09283,1.09291,1.09281,1.09287,124.70999908447266
1704339300000,1.09285,1.09306,1.09279,1.09306,142.00999450683594
1704339360000,1.09306,1.09306,1.09286,1.09286,149.17999267578125
1704339420000,1.09285,1.09285,1.0928,1.09281,108.51000213623047
1704339480000,1.0928,1.09283,1.09273,1.09279,136.0399932861328
1704339540000,1.09279,1.09283,1.09273,1.09273,193.05999755859375
1704339600000,1.09272,1.09273,1.09263,1.09266,126.81999969482422
1704339660000,1.09268,1.09269,1.09263,1.09265,120.45999908447266
1704339720000,1.09264,1.09266,1.09264,1.09265,116.01000213623047
1704339780000,1.09264,1.09265,1.09264,1.09264,36.56999969482422
1704339840000,1.09264,1.09265,1.0926,1.09261,31.3799991607666
1704339900000,1.09259,1.09264,1.09258,1.0926,53.38999938964844
1704339960000,1.0926,1.09266,1.09259,1.09265,54.04999923706055
1704340020000,1.09265,1.09266,1.09264,1.09265,85.88999938964844
1704340140000,1.09263,1.09265,1.09263,1.09264,41.61000061035156
1704340200000,1.09265,1.09267,1.09264,1.09265,59.7599983215332
1704340260000,1.09265,1.09268,1.09265,1.09265,22.6299991607666
1704340320000,1.09265,1.09265,1.09264,1.09264,10.890000343322754
1704340380000,1.09264,1.09264,1.09259,1.0926,23.809999465942383
1704340440000,1.09259,1.09259,1.09257,1.09259,17.809999465942383
1704340500000,1.09257,1.09261,1.09257,1.09259,61.91999816894531
1704340560000,1.09258,1.09259,1.09253,1.09254,98.38999938964844
1704340620000,1.09254,1.0926,1.09253,1.0926,29.010000228881836
1704340680000,1.0926,1.09265,1.0926,1.0926,49.63999938964844
1704340740000,1.0926,1.09262,1.09257,1.09261,66.31999969482422
1704340800000,1.09261,1.09263,1.0926,1.09261,59.040000915527344
1704340860000,1.09259,1.09263,1.09258,1.09263,83.0999984741211
1704340920000,1.09263,1.09273,1.09261,1.09268,97.12999725341797
1704340980000,1.09267,1.09268,1.09267,1.09268,16.469999313354492
1704341040000,1.09268,1.09271,1.09267,1.0927,89.36000061035156
1704341100000,1.09267,1.0927,1.09267,1.0927,5.449999809265137
1704341160000,1.09271,1.09273,1.09269,1.0927,55.470001220703125
1704341220000,1.0927,1.0927,1.09264,1.09264,55.959999084472656
1704341280000,1.09265,1.0927,1.09264,1.09264,133.88999938964844
1704341340000,1.09261,1.09261,1.09253,1.09254,33.720001220703125
1704341400000,1.09255,1.09255,1.09251,1.09253,54.16999816894531
1704341460000,1.09252,1.09252,1.09251,1.09251,1.9800000190734863
1704341520000,1.0925,1.09261,1.09247,1.09261,113
1704341580000,1.09261,1.09266,1.0926,1.09266,104.61000061035156
1704341640000,1.09266,1.09266,1.09262,1.09263,47.34000015258789
1704341700000,1.09262,1.09266,1.09262,1.09266,33.38999938964844
1704341760000,1.09266,1.09266,1.09262,1.09262,41.7400016784668
1704341820000,1.09262,1.09266,1.09254,1.09255,84.9000015258789
1704341880000,1.09254,1.09255,1.09251,1.09254,49.95000076293945
1704341940000,1.09255,1.09255,1.09252,1.09253,80.45999908447266
1704342000000,1.09252,1.09254,1.0925,1.09252,91.7699966430664
1704342060000,1.09255,1.09255,1.0925,1.0925,54.9900016784668
1704342120000,1.0925,1.09261,1.0925,1.09259,77.25
1704342180000,1.09257,1.09257,1.0925,1.09252,90.94999694824219
1704342240000,1.09253,1.09253,1.09247,1.09249,34.9900016784668
1704342300000,1.0925,1.09251,1.0925,1.0925,44.75
1704342360000,1.0925,1.0925,1.09249,1.09249,77.0199966430664
1704342420000,1.0925,1.09251,1.09247,1.09251,68.33000183105469
1704342480000,1.09251,1.09251,1.09251,1.09251,44.88999938964844
1704342540000,1.09251,1.09251,1.09248,1.09251,34.5
1704342600000,1.09252,1.09256,1.09251,1.09255,124.9000015258789
1704342660000,1.09255,1.09255,1.09252,1.09252,137.9499969482422
1704342720000,1.09251,1.09251,1.09249,1.09251,95.30000305175781
1704342780000,1.0925,1.09254,1.0925,1.09251,73.6500015258789
1704342840000,1.09251,1.09257,1.09251,1.09256,43.90999984741211
1704342900000,1.09255,1.09256,1.09255,1.09255,90
1704342960000,1.09256,1.09261,1.09256,1.0926,64.31999969482422
1704343020000,1.09261,1.09266,1.0926,1.09265,53.18000030517578
1704343080000,1.09269,1.0927,1.09265,1.09269,52.91999816894531
1704343140000,1.0927,1.0927,1.09269,1.09269,32.849998474121094
1704343200000,1.0927,1.09275,1.0927,1.09274,65.06999969482422
1704343260000,1.09273,1.09274,1.0927,1.09274,28.719999313354492
1704343320000,1.09275,1.0928,1.09274,1.09279,27.239999771118164
1704343380000,1.0928,1.09285,1.0928,1.0928,56.15999984741211
1704343440000,1.0928,1.09281,1.0928,1.0928,43.650001525878906
1704343500000,1.09278,1.09282,1.09276,1.09276,91.4000015258789
1704343560000,1.09276,1.09276,1.09274,1.09275,64.6500015258789
1704343620000,1.09275,1.09276,1.09274,1.09275,59.5099983215332
1704343680000,1.09275,1.09275,1.09254,1.09255,247.57000732421875
1704343740000,1.09254,1.09261,1.09251,1.09255,259.69000244140625
1704343800000,1.09256,1.09257,1.09254,1.09256,64.91999816894531
1704343860000,1.09255,1.0926,1.09254,1.0926,67.02999877929688
1704343920000,1.09261,1.09265,1.0926,1.09265,48.689998626708984
1704343980000,1.09266,1.0927,1.09262,1.09265,85.69999694824219
1704344040000,1.09265,1.0927,1.09265,1.0927,111.69999694824219
1704344100000,1.09271,1.09273,1.09265,1.09265,86.44999694824219
1704344160000,1.09265,1.09265,1.09259,1.09261,43.369998931884766
1704344220000,1.09262,1.09266,1.09257,1.09257,126.7300033569336
1704344280000,1.09256,1.09262,1.09254,1.0926,159.6199951171875
1704344340000,1.09261,1.09262,1.09256,1.09258,256.2699890136719
1704344400000,1.09259,1.09259,1.09242,1.09242,316.95001220703125
1704344460000,1.09242,1.09245,1.09234,1.09235,264.3999938964844
1704344520000,1.09236,1.09242,1.09234,1.09235,147.11000061035156
1704344580000,1.09236,1.09251,1.09236,1.09243,277.989990234375
1704344640000,1.09243,1.09245,1.0924,1.09241,138.60000610351562
1704344700000,1.09242,1.09249,1.09241,1.09243,217.5800018310547
1704344760000,1.09242,1.0925,1.09242,1.09249,211.99000549316406
1704344820000,1.09249,1.09253,1.09244,1.0925,197.61000061035156
1704344880000,1.09251,1.09251,1.09239,1.0924,200.3300018310547
1704344940000,1.0924,1.09241,1.0923,1.0923,115.19999694824219
1704345000000,1.09229,1.09238,1.09228,1.09234,182.25
1704345060000,1.09234,1.09242,1.09234,1.0924,79.2300033569336
1704345120000,1.09242,1.09243,1.09234,1.09239,159.41000366210938
1704345180000,1.0924,1.09242,1.09237,1.09239,222.3000030517578
1704345240000,1.09241,1.09246,1.0924,1.09241,121.58999633789062
1704345300000,1.09242,1.09249,1.09241,1.09246,40.5
1704345360000,1.09246,1.0925,1.09244,1.0925,61.02000045776367
1704345420000,1.09249,1.09251,1.09249,1.0925,83.37000274658203
1704345480000,1.0925,1.09255,1.0925,1.0925,82.3499984741211
1704345540000,1.0925,1.09256,1.0925,1.09254,63.900001525878906
1704345600000,1.09255,1.09257,1.09251,1.09254,38.25
1704345660000,1.09254,1.09256,1.0925,1.09251,143.30999755859375
1704345720000,1.0925,1.0925,1.09249,1.09249,11.699999809265137
1704345780000,1.0925,1.0925,1.09248,1.09249,57.869998931884766
1704345840000,1.09249,1.09253,1.09249,1.09249,101.97000122070312
1704345900000,1.09249,1.09256,1.09249,1.09254,156.24000549316406
1704345960000,1.09255,1.09256,1.09248,1.09248,67.97000122070312
1704346020000,1.09249,1.09255,1.09249,1.0925,69.05999755859375
1704346080000,1.0925,1.0925,1.09239,1.09239,103.06999969482422
1704346140000,1.0924,1.0924,1.09234,1.09234,115.05000305175781
1704346200000,1.09235,1.09241,1.09233,1.09234,286.07000732421875
1704346260000,1.09235,1.0924,1.09234,1.0924,95.48999786376953
1704346320000,1.0924,1.09245,1.09238,1.0924,50.2400016784668
1704346380000,1.0924,1.0924,1.09235,1.09236,35.5099983215332
1704346440000,1.09235,1.09235,1.09231,1.09231,58.77000045776367
1704346500000,1.09229,1.09245,1.09219,1.09238,342.1400146484375
1704346560000,1.09239,1.09239,1.09232,1.09237,196.1699981689453
1704346620000,1.09237,1.09237,1.09226,1.09229,288.69000244140625
1704346680000,1.0923,1.09231,1.09229,1.09229,38.709999084472656
1704346740000,1.09227,1.09233,1.09225,1.0923,71.44000244140625
1704346800000,1.0923,1.09234,1.09229,1.09232,141.3000030517578
1704346860000,1.09233,1.09233,1.09229,1.0923,84.0999984741211
1704346920000,1.09229,1.0923,1.09221,1.09225,127.97000122070312
1704346980000,1.09226,1.09229,1.09225,1.09226,39.91999816894531
1704347040000,1.09226,1.09237,1.09226,1.09235,74.25
1704347100000,1.09236,1.09237,1.09235,1.09237,53.099998474121094
1704347160000,1.09237,1.0924,1.0923,1.0923,127.5199966430664
1704347220000,1.09232,1.09235,1.09229,1.09235,59.099998474121094
1704347280000,1.09236,1.09236,1.09234,1.09234,81.33999633789062
1704347340000,1.09234,1.09239,1.09233,1.09239,43.90999984741211
1704347400000,1.0924,1.0925,1.0924,1.09249,57.25
1704347460000,1.0925,1.09251,1.0924,1.0924,62.79999923706055
1704347520000,1.0924,1.09249,1.09238,1.09245,86.2699966430664
1704347580000,1.09246,1.0926,1.09243,1.09259,105.02999877929688
1704347640000,1.09257,1.09266,1.09257,1.09265,183.77000427246094
1704347700000,1.09264,1.09268,1.0926,1.0926,76.1500015258789
1704347760000,1.09259,1.0926,1.09259,1.09259,74.06999969482422
1704347820000,1.0926,1.09266,1.09257,1.09257,64.19999694824219
1704347880000,1.09257,1.09267,1.09257,1.09265,166.10000610351562
1704347940000,1.09265,1.09266,1.0926,1.09266,70.73999786376953
1704348000000,1.09265,1.0928,1.09265,1.09275,147.2100067138672
1704348060000,1.09272,1.09273,1.09268,1.09269,227.92999267578125
1704348120000,1.09269,1.09277,1.09267,1.09269,230.27999877929688
1704348180000,1.0927,1.09279,1.0927,1.09276,122.69000244140625
1704348240000,1.09277,1.09277,1.09268,1.0927,126.8499984741211
1704348300000,1.09271,1.09277,1.09269,1.09277,81.61000061035156
1704348360000,1.09277,1.09278,1.09275,1.09277,80.80999755859375
1704348420000,1.09277,1.09279,1.09272,1.09276,136.77999877929688
1704348480000,1.09276,1.09278,1.09276,1.09277,51.81999969482422
1704348540000,1.09278,1.09278,1.09275,1.09275,97.62000274658203
1704348600000,1.09275,1.09281,1.09275,1.09277,92.33999633789062
1704348660000,1.09278,1.0928,1.09272,1.09278,206.24000549316406
1704348720000,1.09277,1.09278,1.09274,1.09277,123.56999969482422
1704348780000,1.09277,1.09283,1.09275,1.09282,27
1704348840000,1.09282,1.09292,1.09282,1.09292,120.19999694824219
1704348900000,1.09292,1.09296,1.09292,1.09294,128.2899932861328
1704348960000,1.09295,1.09298,1.09293,1.09296,170.58999633789062
1704349020000,1.09296,1.09296,1.09295,1.09295,91.44000244140625
1704349080000,1.09296,1.09298,1.09295,1.09295,86.61000061035156
1704349140000,1.09295,1.09314,1.09295,1.09309,157.47000122070312
1704349200000,1.09309,1.0933,1.09308,1.09319,229.0800018310547
1704349260000,1.09318,1.09322,1.09313,1.09322,77.93000030517578
1704349320000,1.09322,1.09327,1.09318,1.09327,50.83000183105469
1704349380000,1.09327,1.09327,1.09323,1.09326,38.970001220703125
1704349440000,1.09326,1.09332,1.09326,1.09332,40.88999938964844
1704349500000,1.09331,1.09337,1.09329,1.0933,104.23999786376953
1704349560000,1.09331,1.09332,1.09326,1.0933,50.4900016784668
1704349620000,1.09329,1.09346,1.09327,1.09341,70.95999908447266
1704349680000,1.09338,1.09339,1.09319,1.09324,129.8000030517578
1704349740000,1.09322,1.09323,1.09315,1.09316,147.17999267578125
1704349800000,1.09315,1.09318,1.09285,1.0931,538.219970703125
1704349860000,1.0931,1.09312,1.09283,1.09289,334.4100036621094
1704349920000,1.09288,1.09298,1.09284,1.09285,674.4000244140625
1704349980000,1.09284,1.09287,1.09254,1.09259,624.9500122070312
1704350040000,1.09258,1.09259,1.09223,1.09229,380.9599914550781
1704350100000,1.09227,1.09227,1.09208,1.09215,288.80999755859375
1704350160000,1.09215,1.09235,1.09213,1.09233,324
1704350220000,1.09235,1.09235,1.09223,1.09226,210.8300018310547
1704350280000,1.09227,1.09228,1.09214,1.09219,343.2200012207031
1704350340000,1.09218,1.09242,1.09218,1.09239,178.8699951171875
1704350400000,1.0924,1.0924,1.09228,1.09229,106.58999633789062
1704350460000,1.09229,1.09229,1.09218,1.09219,243
1704350520000,1.09218,1.0922,1.0921,1.0922,257.1499938964844
1704350580000,1.09222,1.09229,1.09222,1.09225,117.16999816894531
1704350640000,1.09227,1.0923,1.09227,1.09227,67.5
1704350700000,1.09227,1.09234,1.09227,1.09229,163.61000061035156
1704350760000,1.09229,1.09235,1.09228,1.09234,83.69999694824219
1704350820000,1.09235,1.09245,1.09228,1.09243,126.79000091552734
1704350880000,1.09243,1.09261,1.09239,1.09261,56.54999923706055
1704350940000,1.0926,1.0926,1.09252,1.09255,55.41999816894531
1704351000000,1.09254,1.09255,1.09251,1.09251,87.30000305175781
1704351060000,1.09252,1.09269,1.09251,1.09266,96.0199966430664
1704351120000,1.09266,1.09269,1.09256,1.09256,155.75999450683594
1704351180000,1.09257,1.09261,1.09257,1.09258,85.68000030517578
1704351240000,1.09258,1.09288,1.09258,1.09287,146.25
1704351300000,1.09287,1.09295,1.09287,1.09292,35.4900016784668
1704351360000,1.09291,1.09303,1.09289,1.09301,72.0199966430664
1704351420000,1.09301,1.09308,1.09297,1.09307,113.97000122070312
1704351480000,1.09307,1.09308,1.09296,1.09302,128.39999389648438
1704351540000,1.09302,1.09324,1.09301,1.09324,173.75999450683594
1704351600000,1.09323,1.09327,1.09311,1.09316,258
1704351660000,1.09316,1.09316,1.093,1.09313,225.1300048828125
1704351720000,1.09314,1.09321,1.09313,1.09315,128.9600067138672
1704351780000,1.09315,1.09317,1.09301,1.09306,133.97000122070312
1704351840000,1.09306,1.09315,1.09296,1.09315,195.41000366210938
1704351900000,1.09315,1.09337,1.09309,1.09336,208.66000366210938
1704351960000,1.09336,1.09343,1.09326,1.09338,154.92999267578125
1704352020000,1.09339,1.0934,1.09322,1.09331,155.44000244140625
1704352080000,1.09332,1.09337,1.09327,1.09331,214.19000244140625
1704352140000,1.09331,1.09348,1.09327,1.09346,210.27999877929688
1704352200000,1.09346,1.09346,1.09329,1.09329,152.50999450683594
1704352260000,1.09329,1.09334,1.09322,1.09329,282.7200012207031
1704352320000,1.09327,1.09352,1.09322,1.0935,275.0899963378906
1704352380000,1.09351,1.09351,1.09345,1.09351,124.86000061035156
1704352440000,1.0935,1.09378,1.0935,1.09369,393.6199951171875
1704352500000,1.09368,1.09371,1.09352,1.09352,218.25999450683594
1704352560000,1.09352,1.09364,1.09344,1.09364,68.47000122070312
1704352620000,1.09362,1.09362,1.09347,1.09355,175.80999755859375
1704352680000,1.09355,1.09357,1.09344,1.09345,190.7100067138672
1704352740000,1.09345,1.09346,1.09342,1.09342,169.2100067138672
1704352800000,1.09341,1.09342,1.0932,1.0932,95.47000122070312
1704352860000,1.09322,1.09325,1.09301,1.09301,172.72999572753906
1704352920000,1.093,1.09304,1.09295,1.09295,165.8000030517578
1704352980000,1.09295,1.09314,1.09295,1.09301,186.92999267578125
1704353040000,1.09303,1.09309,1.093,1.09304,152.17999267578125
1704353100000,1.09305,1.09322,1.09305,1.09319,160.00999450683594
1704353160000,1.09321,1.09342,1.09321,1.09335,139.5
1704353220000,1.09335,1.09342,1.09329,1.09335,215.16000366210938
1704353280000,1.09334,1.09353,1.09334,1.09346,315.010009765625
1704353340000,1.09346,1.09346,1.09328,1.0933,186.35000610351562
1704353400000,1.09329,1.09348,1.09326,1.09333,274.17999267578125
1704353460000,1.09333,1.09352,1.09333,1.09344,184.94000244140625
1704353520000,1.09344,1.09347,1.09329,1.09339,273.29998779296875
1704353580000,1.0934,1.09341,1.0933,1.09341,256.0400085449219
1704353640000,1.09341,1.09371,1.0934,1.09366,270.510009765625
1704353700000,1.09365,1.09371,1.09362,1.09368,231.8300018310547
1704353760000,1.09367,1.09385,1.09364,1.0937,265.5199890136719
1704353820000,1.0937,1.09386,1.0936,1.09385,476.8999938964844
1704353880000,1.09385,1.09388,1.09367,1.0937,201.3699951171875
1704353940000,1.0937,1.0939,1.0937,1.09384,262.260009765625
1704354000000,1.09384,1.09401,1.0938,1.094,229.4600067138672
1704354060000,1.09398,1.09407,1.09391,1.09399,257.3500061035156
1704354120000,1.09399,1.09435,1.09398,1.0942,233.97000122070312
1704354180000,1.09419,1.09431,1.09415,1.0942,213.11000061035156
1704354240000,1.09422,1.09436,1.09419,1.09428,356.8399963378906
1704354300000,1.09426,1.09427,1.09384,1.09423,534.3699951171875
1704354360000,1.09421,1.09429,1.09416,1.0942,211.2899932861328
1704354420000,1.09421,1.09424,1.09408,1.09421,142.6199951171875
1704354480000,1.09422,1.09422,1.09401,1.09401,141.3000030517578
1704354540000,1.094,1.094,1.09387,1.09392,193.39999389648438
1704354600000,1.09389,1.09407,1.09388,1.09394,119.11000061035156
1704354660000,1.09393,1.09398,1.09385,1.09398,112.11000061035156
1704354720000,1.09397,1.09403,1.09386,1.09386,139.77000427246094
1704354780000,1.09385,1.09387,1.09375,1.09382,115.12000274658203
1704354840000,1.09382,1.09384,1.09358,1.09359,201.5500030517578
1704354900000,1.09358,1.09361,1.09355,1.09361,179.75999450683594
1704354960000,1.09361,1.09371,1.09348,1.09348,261.6499938964844
1704355020000,1.09348,1.09371,1.09346,1.09362,281.55999755859375
1704355080000,1.09361,1.09377,1.09361,1.0937,372.07000732421875
1704355140000,1.0937,1.09379,1.09369,1.09375,296.239990234375
1704355200000,1.09375,1.09387,1.09351,1.09355,602.2999877929688
1704355260000,1.09354,1.0937,1.09352,1.09358,508.94000244140625
1704355320000,1.09359,1.0938,1.09358,1.09369,590.8400268554688
1704355380000,1.09371,1.09372,1.09361,1.0937,216.00999450683594
1704355440000,1.0937,1.09374,1.09363,1.09371,205.50999450683594
1704355500000,1.09371,1.09383,1.09352,1.09353,243.07000732421875
1704355560000,1.09355,1.09365,1.09345,1.09361,294.05999755859375
1704355620000,1.0936,1.09402,1.09355,1.09398,297.510009765625
1704355680000,1.09399,1.09431,1.09399,1.0943,225.41000366210938
1704355740000,1.09431,1.09445,1.09409,1.09409,347.1300048828125
1704355800000,1.09409,1.09419,1.09402,1.09416,267.1400146484375
1704355860000,1.09419,1.09423,1.09401,1.09406,234.1699981689453
1704355920000,1.09405,1.09415,1.09401,1.0941,274.6499938964844
1704355980000,1.0941,1.09436,1.0941,1.09435,163.11000061035156
1704356040000,1.09435,1.09443,1.09424,1.09434,320.9599914550781
1704356100000,1.09431,1.0948,1.09423,1.09476,482.05999755859375
1704356160000,1.09476,1.09487,1.09473,1.09473,242.35000610351562
1704356220000,1.09471,1.09486,1.0946,1.09485,190.08999633789062
1704356280000,1.09486,1.09486,1.09446,1.09448,161.0500030517578
1704356340000,1.09448,1.09458,1.09424,1.09431,361.2099914550781
1704356400000,1.09431,1.09436,1.09415,1.09415,217.8800048828125
1704356460000,1.09416,1.09443,1.09415,1.09443,425.0400085449219
1704356520000,1.09443,1.09454,1.0943,1.09438,283.5199890136719
1704356580000,1.09437,1.0944,1.0942,1.09422,373.8599853515625
1704356640000,1.09421,1.09433,1.09416,1.09433,656.22998046875
1704356700000,1.09432,1.0947,1.09429,1.0947,306.9700012207031
1704356760000,1.0947,1.0948,1.09428,1.09428,397.760009765625
1704356820000,1.09427,1.0943,1.0942,1.09425,138.5500030517578
1704356880000,1.09428,1.09432,1.09414,1.09419,349.4200134277344
1704356940000,1.09418,1.09425,1.09415,1.09424,273.3299865722656
1704357000000,1.09427,1.09427,1.094,1.09403,240.13999938964844
1704357060000,1.09403,1.09417,1.09391,1.09394,461.1099853515625
1704357120000,1.09395,1.09406,1.09391,1.09395,294.760009765625
1704357180000,1.09394,1.09396,1.09378,1.09383,419.9599914550781
1704357240000,1.09384,1.09399,1.0938,1.09394,712.6099853515625
1704357300000,1.09394,1.09394,1.09382,1.09388,324.9599914550781
1704357360000,1.0939,1.09392,1.09379,1.09379,435.260009765625
1704357420000,1.09383,1.09394,1.0937,1.09393,229.39999389648438
1704357480000,1.09392,1.09409,1.09384,1.09406,442.3399963378906
1704357540000,1.09407,1.09411,1.09399,1.09407,87.30999755859375
1704357600000,1.09408,1.0943,1.09405,1.09413,196.72999572753906
1704357660000,1.09414,1.09414,1.09375,1.09375,624
1704357720000,1.09376,1.09395,1.09376,1.09393,606.9099731445312
1704357780000,1.09392,1.0941,1.09392,1.094,537.219970703125
1704357840000,1.094,1.09403,1.09388,1.09402,450.489990234375
1704357900000,1.09401,1.09409,1.09387,1.09409,496.260009765625
1704357960000,1.09409,1.0941,1.0939,1.09392,358.4200134277344
1704358020000,1.0939,1.09427,1.09388,1.09427,314.489990234375
1704358080000,1.09426,1.09442,1.09419,1.09442,247.69000244140625
1704358140000,1.09443,1.09466,1.09443,1.09454,617.719970703125
1704358200000,1.09453,1.09505,1.09453,1.09503,668.510009765625
1704358260000,1.09505,1.09505,1.09467,1.09467,389.80999755859375
1704358320000,1.09466,1.0949,1.09459,1.0949,332.8399963378906
1704358380000,1.09489,1.09497,1.09488,1.0949,127.93000030517578
1704358440000,1.0949,1.09492,1.0948,1.09484,374.4200134277344
1704358500000,1.09483,1.09559,1.09479,1.09551,598.25
1704358560000,1.09551,1.09551,1.0953,1.09535,456.8800048828125
1704358620000,1.09534,1.0954,1.09519,1.09531,448.1600036621094
1704358680000,1.0953,1.09547,1.0953,1.09538,421.0400085449219
1704358740000,1.09537,1.09541,1.09528,1.09532,607.8699951171875
1704358800000,1.09532,1.09576,1.09529,1.09544,998.3599853515625
1704358860000,1.09543,1.0956,1.09539,1.09546,498.2099914550781
1704358920000,1.09546,1.09552,1.09544,1.09545,344.29998779296875
1704358980000,1.09543,1.09562,1.09533,1.09534,476.70001220703125
1704359040000,1.09533,1.09533,1.09505,1.09514,658.510009765625
1704359100000,1.09513,1.09518,1.09487,1.09488,680.4400024414062
1704359160000,1.09487,1.0949,1.09476,1.09477,439.0400085449219
1704359220000,1.09478,1.0948,1.09462,1.09468,808.2999877929688
1704359280000,1.09468,1.09473,1.09463,1.09472,214.35000610351562
1704359340000,1.09474,1.09478,1.09453,1.09455,614.77001953125
1704359400000,1.09457,1.09477,1.09456,1.09474,301.0299987792969
1704359460000,1.09474,1.09483,1.09464,1.0948,398.9200134277344
1704359520000,1.09479,1.09494,1.09479,1.09481,378.5199890136719
1704359580000,1.09481,1.0949,1.09479,1.09482,247.77999877929688
1704359640000,1.09483,1.09508,1.09483,1.09505,158.5
1704359700000,1.09505,1.09516,1.09501,1.09501,239.33999633789062
1704359760000,1.09501,1.09535,1.095,1.09532,216.61000061035156
1704359820000,1.09533,1.09561,1.09532,1.09556,220.94000244140625
1704359880000,1.09556,1.09578,1.09556,1.09566,271.8599853515625
1704359940000,1.09563,1.09578,1.09559,1.09565,392.80999755859375
1704360000000,1.09565,1.09566,1.0955,1.09557,148.58999633789062
1704360060000,1.09556,1.0957,1.09548,1.0956,187.47000122070312
1704360120000,1.09559,1.09569,1.09542,1.09544,321.6099853515625
1704360180000,1.09544,1.0955,1.09536,1.09549,167.14999389648438
1704360240000,1.09547,1.09557,1.09538,1.09554,353.260009765625
1704360300000,1.09555,1.09557,1.09517,1.09518,270.30999755859375
1704360360000,1.09519,1.09551,1.09518,1.09547,131.6199951171875
1704360420000,1.09545,1.09559,1.09541,1.09549,193.5500030517578
1704360480000,1.0955,1.09573,1.0955,1.09564,184.72999572753906
1704360540000,1.09565,1.09574,1.09561,1.09568,113.51000213623047
1704360600000,1.09569,1.09597,1.09569,1.09594,347.8800048828125
1704360660000,1.09595,1.09597,1.09586,1.09593,296.6400146484375
1704360720000,1.09594,1.09598,1.09585,1.09589,285.4200134277344
1704360780000,1.09588,1.09593,1.09565,1.09565,262.489990234375
1704360840000,1.09565,1.09593,1.09561,1.09591,258.9100036621094
1704360900000,1.0959,1.09623,1.0959,1.09615,278.92999267578125
1704360960000,1.09616,1.09617,1.096,1.09609,449.5199890136719
1704361020000,1.0961,1.09613,1.09605,1.09608,193.8800048828125
1704361080000,1.09608,1.09608,1.09595,1.09606,164.86000061035156
1704361140000,1.09605,1.09628,1.09605,1.09628,124.19999694824219
1704361200000,1.09628,1.09631,1.0962,1.09629,104.73999786376953
1704361260000,1.09628,1.09629,1.09623,1.09626,59.599998474121094
1704361320000,1.09626,1.09645,1.09622,1.09644,253.02999877929688
1704361380000,1.09644,1.09649,1.0963,1.09643,215.8699951171875
1704361440000,1.09642,1.09668,1.09638,1.09661,210.47999572753906
1704361500000,1.0966,1.09681,1.09658,1.0967,270.67999267578125
1704361560000,1.09671,1.09676,1.09639,1.0964,390.6700134277344
1704361620000,1.09642,1.09658,1.09642,1.09658,188.6999969482422
1704361680000,1.09659,1.0967,1.09648,1.09652,506.67999267578125
1704361740000,1.09653,1.0969,1.09647,1.09681,383.0899963378906
1704361800000,1.09681,1.09686,1.09659,1.09659,361.2300109863281
1704361860000,1.09658,1.09669,1.09652,1.09662,423.7200012207031
1704361920000,1.09661,1.09663,1.09647,1.09654,353.75
1704361980000,1.09655,1.09676,1.09655,1.09673,216.80999755859375
1704362040000,1.09674,1.09676,1.09639,1.09645,441.30999755859375
1704362100000,1.09647,1.09649,1.09634,1.09642,379.239990234375
1704362160000,1.09642,1.09653,1.09635,1.09649,403.05999755859375
1704362220000,1.0965,1.09675,1.09643,1.09674,452.94000244140625
1704362280000,1.09675,1.09682,1.09664,1.09682,660.1400146484375
1704362340000,1.09683,1.09685,1.09674,1.09675,622.1799926757812
1704362400000,1.09675,1.09687,1.09667,1.09681,403.0799865722656
1704362460000,1.09679,1.09721,1.09679,1.09699,636.6900024414062
1704362520000,1.09698,1.0971,1.09694,1.09695,350.260009765625
1704362580000,1.09696,1.09696,1.09685,1.09688,308.5400085449219
1704362640000,1.09689,1.09703,1.09689,1.097,326.20001220703125
1704362700000,1.09701,1.09708,1.09684,1.09693,274.7799987792969
1704362760000,1.09693,1.09696,1.09676,1.0968,601.3200073242188
1704362820000,1.09679,1.0969,1.09676,1.09679,401.3399963378906
1704362880000,1.09679,1.09681,1.09673,1.09675,326.8500061035156
1704362940000,1.09674,1.09677,1.09657,1.09659,409.010009765625
1704363000000,1.09659,1.09667,1.0965,1.09658,654.8499755859375
1704363060000,1.09658,1.09661,1.09634,1.09634,466.45001220703125
1704363120000,1.09635,1.09644,1.09634,1.09637,448.7799987792969
1704363180000,1.09635,1.09638,1.09628,1.09636,236.10000610351562
1704363240000,1.09637,1.09638,1.09623,1.09623,310.95001220703125
1704363300000,1.09624,1.09641,1.09623,1.09641,114.0199966430664
1704363360000,1.09639,1.09646,1.09631,1.09631,332.7699890136719
1704363420000,1.09631,1.09633,1.09627,1.09632,99.30999755859375
1704363480000,1.09635,1.09651,1.09634,1.09642,263.75
1704363540000,1.09642,1.09669,1.09641,1.09667,155.75
1704363600000,1.09666,1.09672,1.0966,1.09668,163.7100067138672
1704363660000,1.09668,1.09672,1.09644,1.09644,135.16000366210938
1704363720000,1.09646,1.0965,1.09639,1.09639,65.41000366210938
1704363780000,1.09638,1.09648,1.09638,1.09643,75.16000366210938
1704363840000,1.09643,1.09658,1.09637,1.09658,323.55999755859375
1704363900000,1.09657,1.09658,1.09646,1.0965,209.10000610351562
1704363960000,1.0965,1.0965,1.0964,1.09644,131.75
1704364020000,1.09644,1.09644,1.09597,1.09597,260.7699890136719
1704364080000,1.09597,1.096,1.09592,1.09597,315
1704364140000,1.09598,1.09613,1.09598,1.09608,105.80000305175781
1704364200000,1.0961,1.09646,1.0961,1.09638,190.05999755859375
1704364260000,1.0964,1.0964,1.09623,1.09634,173.3000030517578
1704364320000,1.09633,1.09642,1.09629,1.09639,140.8699951171875
1704364380000,1.09639,1.09649,1.09635,1.09642,213.19000244140625
1704364440000,1.09641,1.09641,1.09617,1.09624,107.56999969482422
1704364500000,1.09624,1.0963,1.09597,1.09605,354.55999755859375
1704364560000,1.09606,1.09612,1.09601,1.09612,71.55000305175781
1704364620000,1.09612,1.09613,1.0961,1.09612,58.2400016784668
1704364680000,1.09613,1.09622,1.09611,1.09614,102.83999633789062
1704364740000,1.09613,1.09624,1.0961,1.09617,167.3000030517578
1704364800000,1.09616,1.09624,1.09609,1.09622,172.82000732421875
1704364860000,1.09622,1.09632,1.09619,1.0963,161.75
1704364920000,1.0963,1.0963,1.09597,1.09604,520.4500122070312
1704364980000,1.09605,1.09605,1.09582,1.09582,305.32000732421875
1704365040000,1.09583,1.09588,1.09581,1.09588,258.1199951171875
1704365100000,1.09587,1.09587,1.0958,1.0958,197.52999877929688
1704365160000,1.09577,1.096,1.09576,1.0959,207.3699951171875
1704365220000,1.09591,1.09598,1.09577,1.09577,167.05999755859375
1704365280000,1.09577,1.09591,1.09573,1.09579,208.49000549316406
1704365340000,1.09581,1.09582,1.09572,1.09572,111.06999969482422
1704365400000,1.09573,1.09573,1.09547,1.09547,227.80999755859375
1704365460000,1.09548,1.09566,1.09544,1.09558,298.82000732421875
1704365520000,1.09558,1.09571,1.09557,1.09569,96.62000274658203
1704365580000,1.0957,1.0957,1.09546,1.09552,158.2899932861328
1704365640000,1.0955,1.09555,1.09543,1.09548,175.75999450683594
1704365700000,1.09549,1.0956,1.09547,1.09559,158.52999877929688
1704365760000,1.09559,1.09564,1.09543,1.09549,367.1600036621094
1704365820000,1.09549,1.09567,1.09548,1.09564,321.7900085449219
1704365880000,1.09563,1.09564,1.09554,1.09562,125.0999984741211
1704365940000,1.09563,1.09564,1.09547,1.09555,233.3300018310547
1704366000000,1.09556,1.09557,1.09537,1.09554,291.42999267578125
1704366060000,1.09552,1.09557,1.09547,1.09548,163.6199951171875
1704366120000,1.09549,1.09562,1.09546,1.09562,86.04000091552734
1704366180000,1.09561,1.09569,1.09557,1.09568,52.52000045776367
1704366240000,1.09568,1.09568,1.09541,1.09543,91.8499984741211
1704366300000,1.09542,1.0956,1.09542,1.09553,148.55999755859375
1704366360000,1.09552,1.09563,1.09552,1.09562,178.25999450683594
1704366420000,1.09561,1.09561,1.09549,1.09549,195.17999267578125
1704366480000,1.09548,1.09548,1.09532,1.09539,230.36000061035156
1704366540000,1.09539,1.09542,1.09534,1.09537,135.0800018310547
1704366600000,1.09536,1.0954,1.09535,1.09538,93.94000244140625
1704366660000,1.09538,1.09538,1.09534,1.09538,85.94999694824219
1704366720000,1.09536,1.09536,1.0953,1.09533,91.75
1704366780000,1.09534,1.09538,1.09532,1.09535,103.22000122070312
1704366840000,1.09537,1.09547,1.09537,1.0954,50.849998474121094
1704366900000,1.09541,1.09549,1.0954,1.09544,89.54000091552734
1704366960000,1.09543,1.09543,1.09529,1.09534,133.94000244140625
1704367020000,1.09534,1.09534,1.09509,1.09509,178.88999938964844
1704367080000,1.09508,1.09516,1.09507,1.09516,146.88999938964844
1704367140000,1.09517,1.09526,1.09516,1.09526,113.23999786376953
1704367200000,1.09526,1.09532,1.09525,1.09531,144.2100067138672
1704367260000,1.0953,1.0954,1.09525,1.09531,138.6199951171875
1704367320000,1.09529,1.09533,1.09522,1.09523,127.68000030517578
1704367380000,1.09523,1.09526,1.09497,1.09497,181.10000610351562
1704367440000,1.09497,1.09518,1.09496,1.09515,110.37999725341797
1704367500000,1.09514,1.09534,1.09513,1.09534,110.47000122070312
1704367560000,1.09533,1.09536,1.09525,1.09534,86.2699966430664
1704367620000,1.09536,1.09555,1.09536,1.09549,113.41000366210938
1704367680000,1.09547,1.09555,1.09539,1.09555,113.66000366210938
1704367740000,1.09557,1.09563,1.09546,1.09548,122.01000213623047
1704367800000,1.09549,1.09552,1.09549,1.09549,104.22000122070312
1704367860000,1.09548,1.0956,1.09547,1.09553,173.77999877929688
1704367920000,1.09555,1.09574,1.09555,1.09569,107.5199966430664
1704367980000,1.09568,1.09578,1.09566,1.09576,112.66000366210938
1704368040000,1.09574,1.09577,1.09558,1.09558,106.58999633789062
1704368100000,1.09557,1.09557,1.0954,1.0954,145.3699951171875
1704368160000,1.09536,1.09542,1.09528,1.09539,99.05999755859375
1704368220000,1.09539,1.09552,1.09539,1.09547,112.41000366210938
1704368280000,1.0955,1.09551,1.09535,1.09535,246.64999389648438
1704368340000,1.09536,1.09553,1.09535,1.09548,91.16000366210938
1704368400000,1.09546,1.09551,1.09546,1.09549,91.88999938964844
1704368460000,1.09545,1.09545,1.0953,1.0953,121.08000183105469
1704368520000,1.09532,1.09534,1.09529,1.09531,81.05999755859375
1704368580000,1.09533,1.09543,1.09527,1.09542,142.2899932861328
1704368640000,1.09543,1.09552,1.09539,1.09552,109.36000061035156
1704368700000,1.09551,1.09553,1.09543,1.09548,97.58000183105469
1704368760000,1.09548,1.09548,1.09529,1.09536,103.16000366210938
1704368820000,1.09536,1.0954,1.09531,1.09532,181.05999755859375
1704368880000,1.09531,1.09535,1.09529,1.09531,86.23999786376953
1704368940000,1.0953,1.09542,1.09529,1.09542,87.05999755859375
1704369000000,1.09542,1.09542,1.09536,1.09537,86.73999786376953
1704369060000,1.09536,1.09536,1.09529,1.09529,63.0099983215332
1704369120000,1.09528,1.09528,1.09513,1.09518,100.72000122070312
1704369180000,1.09521,1.09522,1.09509,1.0951,180.55999755859375
1704369240000,1.09509,1.0951,1.0949,1.09491,237.5
1704369300000,1.0949,1.0949,1.09462,1.09472,309.010009765625
1704369360000,1.09472,1.09472,1.09467,1.09467,183.69000244140625
1704369420000,1.09464,1.09477,1.09462,1.09477,227.6699981689453
1704369480000,1.09475,1.09493,1.09474,1.09486,219.19000244140625
1704369540000,1.09485,1.09488,1.09479,1.09479,234.11000061035156
1704369600000,1.09477,1.09491,1.09469,1.0947,294.1300048828125
1704369660000,1.09471,1.09478,1.09468,1.09478,263.0899963378906
1704369720000,1.09482,1.09491,1.09475,1.09478,129.39999389648438
1704369780000,1.0948,1.09482,1.09477,1.09479,253.8000030517578
1704369840000,1.09478,1.09488,1.0947,1.09479,204.25
1704369900000,1.0948,1.09481,1.09474,1.09474,113.02999877929688
1704369960000,1.09473,1.09484,1.09468,1.09484,167.02999877929688
1704370020000,1.09485,1.09492,1.09483,1.09489,130.07000732421875
1704370080000,1.09489,1.09503,1.09489,1.09502,84.47000122070312
1704370140000,1.09502,1.0951,1.095,1.095,103.87999725341797
1704370200000,1.09501,1.09501,1.09487,1.09488,123.86000061035156
1704370260000,1.09487,1.095,1.09487,1.09487,173.60000610351562
1704370320000,1.09489,1.09501,1.09487,1.09491,340.07000732421875
1704370380000,1.09495,1.09501,1.09494,1.09499,156.14999389648438
1704370440000,1.09498,1.09506,1.09487,1.09497,198.88999938964844
1704370500000,1.09499,1.09509,1.09499,1.09508,113.30000305175781
1704370560000,1.09507,1.09516,1.09499,1.09511,89.29000091552734
1704370620000,1.0951,1.09511,1.0949,1.09494,64.41000366210938
1704370680000,1.09496,1.09501,1.09487,1.09491,150.5
1704370740000,1.09491,1.09501,1.09488,1.095,128.30999755859375
1704370800000,1.09501,1.09504,1.09498,1.09498,96.70999908447266
1704370860000,1.09497,1.09501,1.09491,1.09499,73.06999969482422
1704370920000,1.09501,1.09522,1.09501,1.09519,182.1999969482422
1704370980000,1.09518,1.09518,1.09498,1.09504,173.35000610351562
1704371040000,1.09504,1.09504,1.09495,1.09502,122.51000213623047
1704371100000,1.09502,1.09531,1.09502,1.09531,142.2899932861328
1704371160000,1.09531,1.09537,1.09529,1.09534,95.68000030517578
1704371220000,1.09534,1.0955,1.09534,1.09544,84.13999938964844
1704371280000,1.09543,1.09543,1.09537,1.09537,54.790000915527344
1704371340000,1.09537,1.09543,1.09537,1.09543,153.80999755859375
1704371400000,1.09542,1.09554,1.0954,1.09543,156.61000061035156
1704371460000,1.09543,1.09544,1.09528,1.09529,145.11000061035156
1704371520000,1.09527,1.09529,1.09503,1.09508,275.3599853515625
1704371580000,1.09507,1.0952,1.09507,1.09517,223.10000610351562
1704371640000,1.09519,1.09533,1.09514,1.0953,322.07000732421875
1704371700000,1.09529,1.09535,1.09526,1.09531,80.98999786376953
1704371760000,1.09532,1.0954,1.09532,1.09539,81
1704371820000,1.09539,1.09539,1.09527,1.09529,99.95999908447266
1704371880000,1.0953,1.09542,1.09527,1.09537,157.17999267578125
1704371940000,1.09536,1.09543,1.09517,1.09528,172.4499969482422
1704372000000,1.09529,1.09529,1.09517,1.09518,79.83999633789062
1704372060000,1.0952,1.09528,1.0952,1.0952,99.05000305175781
1704372120000,1.09522,1.09527,1.09521,1.09527,140.4499969482422
1704372180000,1.09527,1.0954,1.09517,1.0954,128.38999938964844
1704372240000,1.0954,1.09553,1.09532,1.0955,118.19999694824219
1704372300000,1.0955,1.0955,1.0952,1.09534,107.33999633789062
1704372360000,1.09534,1.0954,1.0953,1.09535,85.33000183105469
1704372420000,1.09535,1.09538,1.0953,1.0953,61.0099983215332
1704372480000,1.0953,1.09547,1.0953,1.09547,98.7699966430664
1704372540000,1.09547,1.09557,1.09547,1.09553,100.3499984741211
1704372600000,1.09555,1.09557,1.09547,1.09547,89.80999755859375
1704372660000,1.09542,1.09542,1.09526,1.09528,114.9000015258789
1704372720000,1.09529,1.09537,1.09529,1.09534,135.11000061035156
1704372780000,1.09532,1.09532,1.09518,1.09518,153.64999389648438
1704372840000,1.09519,1.09531,1.09519,1.09529,178.41000366210938
1704372900000,1.0953,1.09552,1.0953,1.09538,202.30999755859375
1704372960000,1.09538,1.09547,1.09538,1.09547,31.950000762939453
1704373020000,1.09547,1.09547,1.09514,1.09517,161.02000427246094
1704373080000,1.09517,1.09529,1.09517,1.09527,191.89999389648438
1704373140000,1.09527,1.09532,1.09522,1.09522,328.32000732421875
1704373200000,1.09523,1.09526,1.09496,1.09503,514.2899780273438
1704373260000,1.09503,1.09512,1.09497,1.09501,187.1999969482422
1704373320000,1.09504,1.09511,1.09482,1.09496,368.70001220703125
1704373380000,1.09496,1.09511,1.09496,1.09502,348.1099853515625
1704373440000,1.09501,1.0951,1.09499,1.09501,383.70001220703125
1704373500000,1.09502,1.09518,1.095,1.09507,540.0999755859375
1704373560000,1.09506,1.09521,1.09502,1.09519,418.79998779296875
1704373620000,1.0952,1.09529,1.09512,1.09512,252.02999877929688
1704373680000,1.09511,1.09528,1.09507,1.09528,228.89999389648438
1704373740000,1.0953,1.09534,1.09521,1.09527,191.4199981689453
1704373800000,1.09528,1.09528,1.09502,1.09502,436.05999755859375
1704373860000,1.09502,1.09536,1.09502,1.09536,172.9199981689453
1704373920000,1.09537,1.09542,1.09527,1.09531,92.87000274658203
1704373980000,1.09533,1.09537,1.09512,1.09513,270.9200134277344
1704374040000,1.09512,1.09525,1.09503,1.09509,659.02001953125
1704374100000,1.09509,1.09533,1.09447,1.09497,1453.219970703125
1704374160000,1.09495,1.09498,1.09464,1.09487,614.8200073242188
1704374220000,1.09486,1.09522,1.09486,1.09522,479.2099914550781
1704374280000,1.09532,1.09552,1.09522,1.09541,386.989990234375
1704374340000,1.09541,1.09541,1.09512,1.09529,336.3800048828125
1704374400000,1.09529,1.09542,1.09508,1.09519,533.260009765625
1704374460000,1.0952,1.09531,1.09478,1.09484,306.1600036621094
1704374520000,1.09484,1.09487,1.09471,1.09475,547.5
1704374580000,1.09474,1.09503,1.09468,1.09497,580.9299926757812
1704374640000,1.09501,1.09509,1.09485,1.09498,561.4500122070312
1704374700000,1.09498,1.09516,1.09492,1.09493,458.6700134277344
1704374760000,1.09492,1.09503,1.0949,1.09502,508.20001220703125
1704374820000,1.09501,1.09509,1.09498,1.09499,253.57000732421875
1704374880000,1.095,1.095,1.09467,1.09472,289.92999267578125
1704374940000,1.09471,1.09483,1.09468,1.0948,447.7300109863281
1704375000000,1.09479,1.09484,1.0939,1.09423,1108.0799560546875
1704375060000,1.09425,1.09436,1.09371,1.09397,606.780029296875
1704375120000,1.09397,1.09399,1.09331,1.09331,957.7000122070312
1704375180000,1.0933,1.09389,1.09327,1.09378,858.3599853515625
1704375240000,1.09377,1.09394,1.09371,1.09388,375.55999755859375
1704375300000,1.09387,1.09399,1.09382,1.09396,369.1600036621094
1704375360000,1.09398,1.0943,1.09394,1.09411,525.4099731445312
1704375420000,1.09413,1.09444,1.09409,1.09444,351.55999755859375
1704375480000,1.09444,1.09461,1.09438,1.09444,384.6199951171875
1704375540000,1.09443,1.0946,1.09432,1.09432,455.5199890136719
1704375600000,1.09431,1.09449,1.09421,1.09434,570.3699951171875
1704375660000,1.09433,1.09434,1.094,1.09403,496.30999755859375
1704375720000,1.09402,1.09421,1.094,1.09413,589.8699951171875
1704375780000,1.09413,1.09437,1.09405,1.09426,339.9599914550781
1704375840000,1.09425,1.09433,1.09414,1.09419,553.989990234375
1704375900000,1.09419,1.09419,1.09383,1.09412,568.9099731445312
1704375960000,1.09413,1.09432,1.09412,1.09424,366.0199890136719
1704376020000,1.09424,1.09469,1.09418,1.09469,553
1704376080000,1.09468,1.0948,1.09463,1.09478,840.6799926757812
1704376140000,1.09477,1.09483,1.09455,1.09462,755.52001953125
1704376200000,1.09463,1.09489,1.09457,1.09458,776.4600219726562
1704376260000,1.09458,1.09479,1.09456,1.09469,672.3300170898438
1704376320000,1.09468,1.0947,1.09452,1.09458,681.3200073242188
1704376380000,1.09459,1.09485,1.09451,1.0948,656.219970703125
1704376440000,1.09481,1.09487,1.09472,1.09479,486.19000244140625
1704376500000,1.09478,1.09478,1.09454,1.09471,830.22998046875
1704376560000,1.09469,1.09479,1.09456,1.09478,709.9400024414062
1704376620000,1.09479,1.09497,1.09472,1.09479,308.3900146484375
1704376680000,1.09479,1.09485,1.09474,1.09481,481.0400085449219
1704376740000,1.09481,1.09482,1.09461,1.0947,534.489990234375
1704376800000,1.09469,1.0947,1.09448,1.09465,683.260009765625
1704376860000,1.09466,1.09475,1.09458,1.09468,482.69000244140625
1704376920000,1.09469,1.09505,1.09469,1.0949,553.239990234375
1704376980000,1.09491,1.09499,1.09482,1.09484,537.969970703125
1704377040000,1.09484,1.09484,1.09445,1.09451,565.989990234375
1704377100000,1.09452,1.09463,1.09432,1.09435,929.9199829101562
1704377160000,1.09435,1.09445,1.09415,1.09416,726.72998046875
1704377220000,1.09417,1.09418,1.09393,1.09406,498.17999267578125
1704377280000,1.09406,1.09452,1.09405,1.0943,413.6400146484375
1704377340000,1.0943,1.0944,1.09426,1.09439,260.2200012207031
1704377400000,1.09438,1.0945,1.09436,1.09437,210.25999450683594
1704377460000,1.09436,1.09451,1.09435,1.09448,248.14999389648438
1704377520000,1.09447,1.09447,1.09422,1.09422,561.9099731445312
1704377580000,1.09421,1.09429,1.09405,1.09409,606.5599975585938
1704377640000,1.0941,1.09439,1.09404,1.09421,720.6699829101562
1704377700000,1.0942,1.09444,1.09413,1.09443,695.6300048828125
1704377760000,1.09441,1.09458,1.09437,1.09454,306.6600036621094
1704377820000,1.09455,1.09455,1.09421,1.09423,407.3599853515625
1704377880000,1.09423,1.09435,1.0942,1.09428,152.2899932861328
1704377940000,1.09429,1.09435,1.09414,1.09422,266.9800109863281
1704378000000,1.0942,1.09434,1.09416,1.09427,579.0700073242188
1704378060000,1.09428,1.09483,1.09427,1.09476,578.8800048828125
1704378120000,1.09475,1.09475,1.09442,1.09447,613.6799926757812
1704378180000,1.09448,1.09448,1.09412,1.09417,340.95001220703125
1704378240000,1.0942,1.09427,1.09406,1.09427,305.1000061035156
1704378300000,1.09429,1.09443,1.09424,1.09429,212.99000549316406
1704378360000,1.09428,1.09434,1.0942,1.09423,452.54998779296875
1704378420000,1.09419,1.09434,1.09413,1.09423,430.260009765625
1704378480000,1.09424,1.09448,1.09419,1.09448,476.4100036621094
1704378540000,1.09447,1.09457,1.09427,1.09427,325.1499938964844
1704378600000,1.09429,1.09443,1.09421,1.09422,430.7900085449219
1704378660000,1.09425,1.09432,1.09414,1.09426,429.9100036621094
1704378720000,1.09427,1.09444,1.0942,1.09436,508.010009765625
1704378780000,1.09436,1.09445,1.09425,1.09427,360.80999755859375
1704378840000,1.09427,1.09442,1.09417,1.09419,322.9700012207031
1704378900000,1.09419,1.09419,1.09386,1.09406,542.6099853515625
1704378960000,1.09404,1.09421,1.09396,1.09406,350.29998779296875
1704379020000,1.09408,1.09418,1.0939,1.09395,342.30999755859375
1704379080000,1.09397,1.09416,1.09386,1.09387,554.0999755859375
1704379140000,1.09388,1.09421,1.09381,1.09417,257.6199951171875
1704379200000,1.09416,1.0943,1.09406,1.09422,387.760009765625
1704379260000,1.09422,1.09427,1.09406,1.09419,267.6199951171875
1704379320000,1.09418,1.09475,1.09418,1.09448,408.45001220703125
1704379380000,1.09448,1.09462,1.09448,1.09457,187.92999267578125
1704379440000,1.09458,1.0946,1.09445,1.09445,431.67999267578125
1704379500000,1.09445,1.09447,1.09425,1.09441,804.6099853515625
1704379560000,1.09441,1.09447,1.09415,1.09426,720.6199951171875
1704379620000,1.09425,1.0943,1.09406,1.09416,570.6199951171875
1704379680000,1.09415,1.09449,1.09414,1.0942,588.6199951171875
1704379740000,1.09421,1.09428,1.094,1.09419,534.02001953125
1704379800000,1.09419,1.09454,1.09409,1.09454,1044.93994140625
1704379860000,1.09453,1.09461,1.0944,1.09442,757.010009765625
1704379920000,1.09443,1.09458,1.09439,1.09454,518.0499877929688
1704379980000,1.09454,1.09467,1.09446,1.09449,547.1900024414062
1704380040000,1.09448,1.09457,1.09434,1.09441,405.3500061035156
1704380100000,1.0944,1.0946,1.09434,1.09437,194.55999755859375
1704380160000,1.09437,1.09469,1.0943,1.0945,161.50999450683594
1704380220000,1.09451,1.09463,1.09438,1.09456,122.30999755859375
1704380280000,1.09455,1.09465,1.0944,1.09457,357.4100036621094
1704380340000,1.09452,1.09457,1.0944,1.09453,320.6199951171875
1704380400000,1.09452,1.09473,1.09452,1.0947,407.29998779296875
1704380460000,1.09469,1.09551,1.09468,1.09546,378.3999938964844
1704380520000,1.0955,1.09553,1.0953,1.09553,433.4599914550781
1704380580000,1.09553,1.09569,1.09532,1.0956,327.3500061035156
1704380640000,1.09561,1.09597,1.0956,1.09571,389.1199951171875
1704380700000,1.09572,1.09587,1.09553,1.09558,757.989990234375
1704380760000,1.09558,1.09563,1.09532,1.09539,861.6900024414062
1704380820000,1.09538,1.0954,1.09524,1.0953,609.8699951171875
1704380880000,1.09533,1.09548,1.0953,1.09544,599.5700073242188
1704380940000,1.09544,1.09561,1.09533,1.09539,718.1300048828125
1704381000000,1.09541,1.09547,1.09528,1.09534,577.0800170898438
1704381060000,1.09534,1.09559,1.09526,1.09546,625.4299926757812
1704381120000,1.09545,1.09577,1.09545,1.09569,441.2799987792969
1704381180000,1.0957,1.09593,1.0957,1.09584,570.5800170898438
1704381240000,1.09584,1.09612,1.09581,1.09612,299.9599914550781
1704381300000,1.09612,1.09617,1.09584,1.09585,400.95001220703125
1704381360000,1.09584,1.09589,1.09568,1.09574,498.2200012207031
1704381420000,1.09578,1.09587,1.09566,1.09574,692.2999877929688
1704381480000,1.09573,1.0961,1.09573,1.09599,572.530029296875
1704381540000,1.096,1.096,1.09585,1.0959,597.6799926757812
1704381600000,1.0959,1.09592,1.09568,1.0957,456.79998779296875
1704381660000,1.09571,1.0958,1.09557,1.09559,451.2099914550781
1704381720000,1.0956,1.09581,1.0956,1.09573,291.739990234375
1704381780000,1.09572,1.09601,1.09571,1.096,335.8999938964844
1704381840000,1.09601,1.09609,1.09598,1.09608,396.4599914550781
1704381900000,1.09609,1.09618,1.09598,1.09611,470.3299865722656
1704381960000,1.0961,1.09618,1.09605,1.09618,226.36000061035156
1704382020000,1.0962,1.09649,1.0962,1.09641,190.4499969482422
1704382080000,1.09641,1.09647,1.09634,1.09641,176.00999450683594
1704382140000,1.09642,1.09651,1.0964,1.09645,353.1499938964844
1704382200000,1.09645,1.0965,1.09627,1.09632,271.7699890136719
1704382260000,1.09632,1.0965,1.09631,1.0965,229.49000549316406
1704382320000,1.0965,1.0965,1.09631,1.09632,303.2799987792969
1704382380000,1.0963,1.09643,1.09621,1.09634,450.8800048828125
1704382440000,1.09633,1.09643,1.09611,1.09616,387.57000732421875
1704382500000,1.09614,1.09619,1.09602,1.09609,431.20001220703125
1704382560000,1.09608,1.09623,1.09603,1.09614,463.3500061035156
1704382620000,1.09613,1.09617,1.09594,1.09614,326.1199951171875
1704382680000,1.09614,1.09634,1.0959,1.09625,322.5400085449219
1704382740000,1.09625,1.09625,1.09599,1.09607,630.969970703125
1704382800000,1.09604,1.09604,1.09561,1.09564,665.25
1704382860000,1.09565,1.09592,1.09563,1.09589,353.9800109863281
1704382920000,1.09588,1.09593,1.09578,1.09589,287.5799865722656
1704382980000,1.09593,1.09605,1.09589,1.09594,364.55999755859375
1704383040000,1.09594,1.09628,1.09593,1.09624,408.7900085449219
1704383100000,1.09625,1.09648,1.09619,1.09639,526.4000244140625
1704383160000,1.09638,1.09652,1.09638,1.09642,422.6199951171875
1704383220000,1.09642,1.09642,1.09626,1.09636,562.02001953125
1704383280000,1.09636,1.09636,1.09611,1.09612,545.5700073242188
1704383340000,1.09612,1.09617,1.09584,1.09584,408.010009765625
1704383400000,1.09585,1.09609,1.09578,1.09588,612.47998046875
1704383460000,1.09588,1.09604,1.09573,1.0959,518.5399780273438
1704383520000,1.09587,1.096,1.09585,1.09586,480.20001220703125
1704383580000,1.09586,1.09589,1.0956,1.09565,463.19000244140625
1704383640000,1.09566,1.09572,1.09561,1.09564,618
1704383700000,1.09564,1.09568,1.09554,1.09561,307.1199951171875
1704383760000,1.0956,1.09567,1.09556,1.09565,271.2099914550781
1704383820000,1.09566,1.09572,1.09552,1.0956,389.2300109863281
1704383880000,1.0956,1.09561,1.09533,1.09541,572.6599731445312
1704383940000,1.09541,1.09552,1.09541,1.0955,437.510009765625
1704384000000,1.09551,1.09569,1.09549,1.09569,673.27001953125
1704384060000,1.09568,1.0958,1.09568,1.09577,415.79998779296875
1704384120000,1.09578,1.0958,1.09561,1.09562,513.5800170898438
1704384180000,1.09562,1.0957,1.0956,1.09566,390.19000244140625
1704384240000,1.09566,1.09567,1.09542,1.09555,407.489990234375
1704384300000,1.09556,1.0956,1.09543,1.09559,430.04998779296875
1704384360000,1.09558,1.09578,1.09551,1.09576,375.8900146484375
1704384420000,1.09577,1.09579,1.09565,1.09577,310.1199951171875
1704384480000,1.09578,1.09588,1.09573,1.09578,200.02000427246094
1704384540000,1.09578,1.09589,1.09572,1.09578,191.3300018310547
1704384600000,1.09578,1.09612,1.09577,1.09594,258.2099914550781
1704384660000,1.09595,1.09626,1.09592,1.09624,287.8999938964844
1704384720000,1.09625,1.09625,1.09612,1.09621,365.04998779296875
1704384780000,1.09621,1.09628,1.09616,1.09626,392.5400085449219
1704384840000,1.09627,1.09627,1.09612,1.09612,369.3299865722656
1704384900000,1.0961,1.09623,1.09605,1.09618,342.6400146484375
1704384960000,1.09618,1.09637,1.0961,1.09632,338.1300048828125
1704385020000,1.09633,1.09639,1.09613,1.09619,246.80999755859375
1704385080000,1.09617,1.09617,1.09588,1.09589,201.47000122070312
1704385140000,1.09589,1.09601,1.09586,1.09587,195.1699981689453
1704385200000,1.09587,1.09598,1.09586,1.09597,127.7699966430664
1704385260000,1.09597,1.09601,1.09585,1.09597,205.82000732421875
1704385320000,1.09595,1.09601,1.09585,1.09591,257.1300048828125
1704385380000,1.09594,1.09595,1.09587,1.09592,379.5899963378906
1704385440000,1.09593,1.09596,1.09586,1.09587,336.7799987792969
1704385500000,1.09587,1.09599,1.09587,1.09589,373.6300048828125
1704385560000,1.09588,1.09604,1.09583,1.0959,486.6099853515625
1704385620000,1.09589,1.09611,1.09589,1.09597,318.25
1704385680000,1.09597,1.0961,1.09594,1.09604,277.5299987792969
1704385740000,1.09605,1.09617,1.09593,1.09596,289.5
1704385800000,1.09596,1.09602,1.09585,1.09586,197.35000610351562
1704385860000,1.09585,1.09586,1.09571,1.09571,364.5799865722656
1704385920000,1.09569,1.09583,1.09565,1.09579,150.14999389648438
1704385980000,1.0958,1.09589,1.09577,1.09589,100.19000244140625
1704386040000,1.0959,1.09592,1.09581,1.09589,186.63999938964844
1704386100000,1.0959,1.09611,1.0959,1.096,262.9200134277344
1704386160000,1.09601,1.09616,1.09596,1.09597,235.11000061035156
1704386220000,1.09596,1.0961,1.09596,1.09599,201.27000427246094
1704386280000,1.096,1.09601,1.09579,1.09592,222.72000122070312
1704386340000,1.09592,1.09595,1.0958,1.0958,164.63999938964844
1704386400000,1.09578,1.09578,1.09567,1.09572,303.1099853515625
1704386460000,1.09572,1.09575,1.09565,1.09569,160.50999450683594
1704386520000,1.09571,1.09572,1.09558,1.09561,237.72999572753906
1704386580000,1.09561,1.09574,1.09549,1.09573,224.5500030517578
1704386640000,1.09574,1.09583,1.09555,1.09555,376.55999755859375
1704386700000,1.09555,1.0956,1.09549,1.09556,233.4499969482422
1704386760000,1.09555,1.09566,1.0955,1.0956,280.32000732421875
1704386820000,1.09561,1.09573,1.09558,1.0957,265.7200012207031
1704386880000,1.09571,1.09581,1.09564,1.09567,286.6300048828125
1704386940000,1.09566,1.09582,1.09564,1.0957,243.9499969482422
1704387000000,1.09569,1.0957,1.09553,1.0957,364.9200134277344
1704387060000,1.09571,1.09573,1.09561,1.09572,162.17999267578125
1704387120000,1.09573,1.09582,1.09564,1.09574,397.17999267578125
1704387180000,1.09573,1.09587,1.09573,1.09576,157.11000061035156
1704387240000,1.09576,1.09578,1.09555,1.09556,161.83999633789062
1704387300000,1.09555,1.09565,1.0955,1.09557,248.52999877929688
1704387360000,1.09558,1.09589,1.09555,1.09589,370.7900085449219
1704387420000,1.09589,1.09593,1.09571,1.09571,145.02000427246094
1704387480000,1.09572,1.09574,1.0956,1.09565,270.760009765625
1704387540000,1.09566,1.09567,1.09555,1.0956,157.89999389648438
1704387600000,1.09561,1.09561,1.09546,1.09546,175.8300018310547
1704387660000,1.09546,1.09559,1.09541,1.09553,197.52000427246094
1704387720000,1.09553,1.09553,1.09538,1.09547,211.52999877929688
1704387780000,1.09546,1.09551,1.09539,1.09551,157.24000549316406
1704387840000,1.09551,1.09566,1.09546,1.09566,152.60000610351562
1704387900000,1.09567,1.09594,1.09564,1.09592,128.39999389648438
1704387960000,1.0959,1.09597,1.09581,1.09592,174.99000549316406
1704388020000,1.09595,1.09595,1.09575,1.09578,248.25
1704388080000,1.09577,1.09577,1.09565,1.09565,314.7099914550781
1704388140000,1.09567,1.09571,1.09563,1.09567,95.37999725341797
1704388200000,1.09563,1.09572,1.09556,1.09556,146.0500030517578
1704388260000,1.09559,1.09563,1.09542,1.09559,194.89999389648438
1704388320000,1.09559,1.09574,1.09558,1.09561,150.11000061035156
1704388380000,1.09558,1.09559,1.09541,1.09558,128
1704388440000,1.09556,1.09558,1.0955,1.09553,92.41000366210938
1704388500000,1.09554,1.09577,1.09552,1.09577,193.94000244140625
1704388560000,1.09577,1.09587,1.09563,1.09565,179.6300048828125
1704388620000,1.09565,1.09565,1.09548,1.09548,160.92999267578125
1704388680000,1.09547,1.09558,1.09531,1.09535,294
1704388740000,1.09536,1.09545,1.09527,1.09533,414.95001220703125
1704388800000,1.09532,1.09533,1.09503,1.0951,434.510009765625
1704388860000,1.0951,1.09519,1.09496,1.09499,237.7899932861328
1704388920000,1.095,1.09505,1.09485,1.09497,308.80999755859375
1704388980000,1.095,1.09507,1.09488,1.09494,179.9499969482422
1704389040000,1.09495,1.095,1.09488,1.0949,89.88999938964844
1704389100000,1.09489,1.09496,1.09485,1.09491,117.80999755859375
1704389160000,1.09491,1.09495,1.09473,1.09473,136.3300018310547
1704389220000,1.09474,1.09479,1.09467,1.0947,279.4100036621094
1704389280000,1.0947,1.0947,1.0946,1.0946,72.69999694824219
1704389340000,1.09459,1.09459,1.09454,1.09458,89.36000061035156
1704389400000,1.09459,1.09463,1.09447,1.09447,135.97999572753906
1704389460000,1.09449,1.09449,1.09418,1.09423,288.04998779296875
1704389520000,1.09424,1.09439,1.09421,1.09439,228.10000610351562
1704389580000,1.09439,1.0944,1.09431,1.09437,234.47000122070312
1704389640000,1.09436,1.09443,1.09433,1.09439,149.92999267578125
1704389700000,1.09439,1.09439,1.09424,1.09435,138.69000244140625
1704389760000,1.09435,1.09449,1.09435,1.09448,130.6300048828125
1704389820000,1.09447,1.09458,1.09447,1.09458,70.45999908447266
1704389880000,1.09458,1.09469,1.09457,1.09468,90.23999786376953
1704389940000,1.09469,1.09483,1.09468,1.09476,57.2599983215332
1704390000000,1.09475,1.09475,1.09466,1.09467,57.93000030517578
1704390060000,1.09467,1.09479,1.09464,1.09475,94.36000061035156
1704390120000,1.09476,1.09488,1.09469,1.09482,100.18000030517578
1704390180000,1.09482,1.09487,1.09481,1.09481,31.790000915527344
1704390240000,1.09482,1.09483,1.09463,1.09469,162.60000610351562
1704390300000,1.0947,1.09472,1.09453,1.09457,152.25999450683594
1704390360000,1.09456,1.09459,1.09441,1.09455,283.010009765625
1704390420000,1.09458,1.09465,1.09449,1.09458,122.38999938964844
1704390480000,1.09458,1.09479,1.0945,1.09475,193.25
1704390540000,1.09478,1.09485,1.09473,1.09485,118.44000244140625
1704390600000,1.09483,1.09484,1.09475,1.09479,119.31999969482422
1704390660000,1.09478,1.09489,1.09476,1.09489,119.36000061035156
1704390720000,1.09487,1.09497,1.09484,1.09485,250.02000427246094
1704390780000,1.09486,1.09499,1.09485,1.09498,326.4200134277344
1704390840000,1.09499,1.09501,1.09494,1.09495,300.57000732421875
1704390900000,1.09494,1.095,1.09483,1.09488,295.239990234375
1704390960000,1.09487,1.0949,1.09473,1.09478,287.54998779296875
1704391020000,1.09478,1.09485,1.09478,1.09481,96.55999755859375
1704391080000,1.0948,1.09483,1.09479,1.09481,59.9900016784668
1704391140000,1.09483,1.09504,1.09483,1.09504,154.72999572753906
1704391200000,1.09504,1.09511,1.095,1.095,63.79999923706055
1704391260000,1.095,1.09504,1.09496,1.09498,135.92999267578125
1704391320000,1.09496,1.09509,1.09493,1.09497,253.16000366210938
1704391380000,1.09497,1.09505,1.09496,1.09505,127.16000366210938
1704391440000,1.09504,1.09519,1.09504,1.09515,165.50999450683594
1704391500000,1.09512,1.09514,1.09498,1.09498,175.47999572753906
1704391560000,1.09498,1.09514,1.09498,1.09509,346.25
1704391620000,1.09509,1.09509,1.09501,1.09504,74.93000030517578
1704391680000,1.09504,1.09509,1.09501,1.09501,161.2100067138672
1704391740000,1.09501,1.09507,1.095,1.09504,230.17999267578125
1704391800000,1.09503,1.09512,1.09499,1.0951,101.45999908447266
1704391860000,1.09512,1.09515,1.09506,1.09506,76.91999816894531
1704391920000,1.09505,1.09505,1.09492,1.09499,164.47999572753906
1704391980000,1.09498,1.09509,1.09495,1.09507,131.88999938964844
1704392040000,1.09507,1.09513,1.09507,1.0951,70.81999969482422
1704392100000,1.09507,1.09524,1.09504,1.09522,142.74000549316406
1704392160000,1.0952,1.09535,1.09511,1.09534,138.88999938964844
1704392220000,1.09536,1.09543,1.09529,1.09529,160.5399932861328
1704392280000,1.09527,1.09527,1.09515,1.09518,183.52000427246094
1704392340000,1.09519,1.0952,1.09504,1.09505,182.19000244140625
1704392400000,1.09504,1.09517,1.095,1.09509,296.1199951171875
1704392460000,1.0951,1.09512,1.09505,1.09509,158.32000732421875
1704392520000,1.0951,1.0951,1.095,1.095,259.1400146484375
1704392580000,1.095,1.09506,1.09495,1.09504,394.3599853515625
1704392640000,1.09505,1.09505,1.09492,1.09499,271.7200012207031
1704392700000,1.095,1.09513,1.09499,1.09509,265.19000244140625
1704392760000,1.09508,1.09518,1.09507,1.09516,206.02000427246094
1704392820000,1.09517,1.09518,1.09509,1.09509,270
1704392880000,1.0951,1.0951,1.09503,1.09505,239.1199951171875
1704392940000,1.09504,1.09504,1.09493,1.09494,284.7699890136719
1704393000000,1.09495,1.09505,1.09495,1.09499,278.4700012207031
1704393060000,1.09498,1.09509,1.09498,1.09508,254.32000732421875
1704393120000,1.09505,1.09505,1.09497,1.09498,229.14999389648438
1704393180000,1.09498,1.09504,1.09496,1.09496,243.58999633789062
1704393240000,1.09497,1.09498,1.0949,1.09498,186.07000732421875
1704393300000,1.09499,1.09512,1.09497,1.09509,209.25
1704393360000,1.09508,1.09512,1.09508,1.09508,119.55000305175781
1704393420000,1.09507,1.09508,1.09491,1.09491,157.4199981689453
1704393480000,1.09492,1.09499,1.0949,1.09493,165.99000549316406
1704393540000,1.09493,1.09494,1.0949,1.09493,85.05000305175781
1704393600000,1.09493,1.09496,1.09486,1.09486,256.5299987792969
1704393660000,1.09485,1.09485,1.0948,1.09482,141.6699981689453
1704393720000,1.09483,1.09493,1.09483,1.09488,84.1500015258789
1704393780000,1.09487,1.09488,1.09483,1.09485,172.2899932861328
1704393840000,1.09485,1.09493,1.0948,1.09482,219.07000732421875
1704393900000,1.09481,1.095,1.0948,1.09493,274.9700012207031
1704393960000,1.09496,1.09497,1.0947,1.09472,347.8399963378906
1704394020000,1.09472,1.09478,1.0947,1.09478,160.05999755859375
1704394080000,1.09479,1.09488,1.09471,1.09484,228.24000549316406
1704394140000,1.09484,1.09489,1.09478,1.09487,202.27000427246094
1704394200000,1.09488,1.09506,1.09488,1.09493,219
1704394260000,1.09494,1.09495,1.0948,1.09484,256.57000732421875
1704394320000,1.09486,1.09489,1.09477,1.09478,354.4700012207031
1704394380000,1.0948,1.0948,1.09471,1.09472,216.82000732421875
1704394440000,1.09471,1.09473,1.09467,1.09468,100.55999755859375
1704394500000,1.09467,1.09469,1.0946,1.09463,186.47000122070312
1704394560000,1.09463,1.09465,1.09459,1.09464,123.7699966430664
1704394620000,1.09466,1.09484,1.09463,1.09481,164
1704394680000,1.0948,1.0948,1.09469,1.09469,184.6300048828125
1704394740000,1.09469,1.09473,1.09463,1.09469,216.89999389648438
1704394800000,1.09471,1.09474,1.09464,1.09469,166.6699981689453
1704394860000,1.09468,1.09476,1.09468,1.09468,116.0199966430664
1704394920000,1.09468,1.09468,1.0946,1.0946,123.2300033569336
1704394980000,1.0946,1.09464,1.09451,1.09453,275.8699951171875
1704395040000,1.09454,1.09462,1.09454,1.09461,121.45999908447266
1704395100000,1.09462,1.09466,1.09461,1.09466,94.9000015258789
1704395160000,1.09467,1.0947,1.09459,1.0946,137.85000610351562
1704395220000,1.09461,1.09476,1.09461,1.09474,68.33999633789062
1704395280000,1.09475,1.09476,1.09468,1.09469,65.41999816894531
1704395340000,1.09467,1.09467,1.0945,1.09451,174.85000610351562
1704395400000,1.09452,1.09454,1.09449,1.09449,258.5400085449219
1704395460000,1.0945,1.09461,1.09449,1.09461,203.77000427246094
1704395520000,1.09461,1.09472,1.09458,1.09471,85.58999633789062
1704395580000,1.09471,1.09476,1.09469,1.09469,87.47000122070312
1704395640000,1.09468,1.09469,1.09458,1.09458,147.77000427246094
1704395700000,1.09459,1.09469,1.09453,1.09469,274.5199890136719
1704395760000,1.09468,1.0947,1.09462,1.09468,258.6400146484375
1704395820000,1.09469,1.09474,1.09459,1.09459,236.86000061035156
1704395880000,1.09461,1.09469,1.09461,1.09464,173.5800018310547
1704395940000,1.09465,1.09466,1.09456,1.09457,246.91000366210938
1704396000000,1.09457,1.09463,1.09456,1.09463,211.5800018310547
1704396060000,1.09463,1.09466,1.0946,1.09461,88.8499984741211
1704396120000,1.09462,1.09463,1.09449,1.09449,197.25999450683594
1704396180000,1.09448,1.09449,1.09439,1.09439,159.92999267578125
1704396240000,1.09438,1.09439,1.09436,1.09439,101.41999816894531
1704396300000,1.0944,1.09445,1.09433,1.09444,145.64999389648438
1704396360000,1.09447,1.09448,1.09436,1.09439,124.7699966430664
1704396420000,1.0944,1.09449,1.0944,1.09448,74.56999969482422
1704396480000,1.09447,1.09453,1.09443,1.09449,118.87999725341797
1704396540000,1.09448,1.09453,1.09444,1.09444,66.19999694824219
1704396600000,1.09445,1.09446,1.09438,1.09446,76.91999816894531
1704396660000,1.09445,1.0945,1.09438,1.09444,170.86000061035156
1704396720000,1.09447,1.09447,1.09439,1.09444,72.75
1704396780000,1.09445,1.09449,1.09435,1.09436,67.9000015258789
1704396840000,1.09437,1.09444,1.09437,1.0944,45.5
1704396900000,1.09439,1.09443,1.09438,1.09443,46.810001373291016
1704396960000,1.09442,1.09445,1.09439,1.09445,49.220001220703125
1704397020000,1.09444,1.09453,1.09444,1.09449,56.59000015258789
1704397080000,1.09448,1.09449,1.09441,1.09448,44.099998474121094
1704397140000,1.09449,1.0946,1.09449,1.09458,215.38999938964844
1704397200000,1.09459,1.09461,1.09453,1.09453,226.5800018310547
1704397260000,1.09454,1.09454,1.09447,1.09448,209.2100067138672
1704397320000,1.09447,1.09455,1.09446,1.09454,113.29000091552734
1704397380000,1.09455,1.09459,1.0945,1.09453,134.1999969482422
1704397440000,1.09453,1.09453,1.09445,1.09448,59.349998474121094
1704397500000,1.09447,1.0945,1.09443,1.09444,208.92999267578125
1704397560000,1.09445,1.09453,1.09444,1.09444,332.1600036621094
1704397620000,1.09445,1.0945,1.09444,1.0945,252.39999389648438
1704397680000,1.09452,1.09475,1.09452,1.09475,216.92999267578125
1704397740000,1.09474,1.09489,1.09473,1.09489,198.32000732421875
1704397800000,1.09491,1.09498,1.09488,1.09496,90.2699966430664
1704397860000,1.09496,1.09496,1.09476,1.09478,156.5399932861328
1704397920000,1.09478,1.09486,1.09473,1.09475,280.80999755859375
1704397980000,1.09475,1.09475,1.09469,1.0947,74.91000366210938
1704398040000,1.09469,1.09489,1.09469,1.09489,76.86000061035156
1704398100000,1.09491,1.09497,1.09491,1.09495,46.08000183105469
1704398160000,1.09493,1.09494,1.09483,1.09484,53.9900016784668
1704398220000,1.09484,1.09496,1.09484,1.09489,172.74000549316406
1704398280000,1.09489,1.0949,1.09471,1.09475,154.27000427246094
1704398340000,1.09475,1.09475,1.09469,1.0947,149.91000366210938
1704398400000,1.09469,1.09476,1.09454,1.09454,284.04998779296875
1704398460000,1.09453,1.09467,1.09453,1.09464,261.2699890136719
1704398520000,1.09466,1.09467,1.09459,1.09465,228.25999450683594
1704398580000,1.09464,1.09464,1.0945,1.09455,262.7200012207031
1704398640000,1.09455,1.0946,1.09449,1.09449,185.8699951171875
1704398700000,1.0945,1.0946,1.0945,1.09454,85.94999694824219
1704398760000,1.09455,1.09458,1.09455,1.09455,20.25
1704398820000,1.09454,1.09456,1.0945,1.0945,43.38999938964844
1704398880000,1.0945,1.09454,1.09446,1.09451,104.1500015258789
1704398940000,1.09451,1.09458,1.0945,1.09455,67.97000122070312
1704399000000,1.09455,1.0946,1.09451,1.0946,63.56999969482422
1704399060000,1.09459,1.0946,1.09454,1.09458,69.97000122070312
1704399120000,1.09459,1.0947,1.09459,1.09469,147
1704399180000,1.09472,1.09473,1.09468,1.0947,52.849998474121094
1704399240000,1.09468,1.0947,1.0946,1.0946,129.47999572753906
1704399300000,1.09459,1.0946,1.0945,1.0945,104.72000122070312
1704399360000,1.09448,1.09448,1.09431,1.09441,140.91000366210938
1704399420000,1.09442,1.09443,1.09435,1.09438,218.5
1704399480000,1.09438,1.09445,1.09438,1.09444,160.63999938964844
1704399540000,1.09445,1.09454,1.09445,1.09451,60.29999923706055
1704399600000,1.0945,1.09452,1.09443,1.09443,171.60000610351562
1704399660000,1.09443,1.0945,1.09439,1.09439,180.27999877929688
1704399720000,1.09439,1.09441,1.09434,1.09437,155.47999572753906
1704399780000,1.09437,1.09444,1.09435,1.09437,129.6199951171875
1704399840000,1.09436,1.0944,1.09435,1.09438,205.55999755859375
1704399900000,1.09437,1.09441,1.09436,1.09441,144.5800018310547
1704399960000,1.0944,1.0944,1.09431,1.09432,68.52999877929688
1704400020000,1.09431,1.0944,1.09431,1.09436,205.8000030517578
1704400080000,1.09435,1.09438,1.09431,1.09436,121.97000122070312
1704400140000,1.09435,1.09449,1.09432,1.09448,153.89999389648438
1704400200000,1.09448,1.0945,1.09443,1.09443,181.9600067138672
1704400260000,1.09444,1.09458,1.09443,1.09458,76.88999938964844
1704400320000,1.09458,1.09469,1.09455,1.09466,131.8300018310547
1704400380000,1.09466,1.09468,1.09459,1.09467,50.18000030517578
1704400440000,1.09467,1.09467,1.09461,1.09462,122.29000091552734
1704400500000,1.09463,1.09471,1.0946,1.09461,120.70999908447266
1704400560000,1.09461,1.09462,1.09455,1.09457,120.1500015258789
1704400620000,1.09458,1.09477,1.09458,1.09477,50.880001068115234
1704400680000,1.09478,1.09478,1.09458,1.09458,125.12999725341797
1704400740000,1.09459,1.09462,1.09457,1.09457,51.279998779296875
1704400800000,1.09457,1.09462,1.09457,1.09458,121.19000244140625
1704400860000,1.09458,1.0946,1.09455,1.09456,88.7699966430664
1704400920000,1.09456,1.09456,1.0945,1.09452,101.30999755859375
1704400980000,1.09451,1.09451,1.09445,1.09447,267.30999755859375
1704401040000,1.09446,1.09447,1.09444,1.09447,37.95000076293945
1704401100000,1.09447,1.09447,1.09438,1.09443,127.63999938964844
1704401160000,1.09444,1.09467,1.09444,1.09465,120.87000274658203
1704401220000,1.09465,1.09468,1.09456,1.09466,139.69000244140625
1704401280000,1.09467,1.09468,1.09454,1.09463,89.5999984741211
1704401340000,1.09464,1.09464,1.09451,1.09453,113.05000305175781
1704401400000,1.09454,1.09454,1.0944,1.09442,98.58000183105469
1704401460000,1.09441,1.0945,1.09438,1.0945,121.26000213623047
1704401520000,1.0945,1.09451,1.09442,1.09447,130.33999633789062
1704401580000,1.09446,1.09452,1.09442,1.09447,124.29000091552734
1704401640000,1.09448,1.0946,1.09447,1.09459,122.25
1704401700000,1.09461,1.09464,1.09456,1.09457,112.70999908447266
1704401760000,1.09458,1.09464,1.09456,1.09458,189.92999267578125
1704401820000,1.09457,1.09473,1.09457,1.09473,166.25999450683594
1704401880000,1.09473,1.09482,1.09473,1.09476,146.88999938964844
1704401940000,1.09476,1.09491,1.09473,1.09491,152.52000427246094
1704402000000,1.0949,1.09496,1.09489,1.09493,207.9600067138672
1704402060000,1.09493,1.09494,1.0949,1.09492,73.5999984741211
1704402120000,1.09492,1.095,1.09491,1.09498,76.62999725341797
1704402180000,1.09495,1.09495,1.09469,1.09472,83.16999816894531
1704402240000,1.09472,1.09486,1.09471,1.09484,97.47000122070312
1704402300000,1.09484,1.09486,1.09481,1.09485,45.540000915527344
1704402360000,1.09487,1.09491,1.09487,1.09489,39.599998474121094
1704402420000,1.09489,1.0949,1.09488,1.09489,88.51000213623047
1704402480000,1.09488,1.09491,1.09488,1.0949,53.810001373291016
1704402540000,1.0949,1.0949,1.09487,1.09488,25.010000228881836
1704402600000,1.0949,1.09493,1.0949,1.09493,46.97999954223633
1704402660000,1.09493,1.09499,1.09493,1.09499,49.5
1704402720000,1.09497,1.09497,1.09485,1.09487,116.25
1704402780000,1.09487,1.09487,1.09482,1.09486,34.20000076293945
1704402840000,1.09486,1.09494,1.09486,1.09493,59.29999923706055
1704402900000,1.09493,1.09498,1.09493,1.09497,32.400001525878906
1704402960000,1.09497,1.09499,1.09497,1.09499,25.200000762939453
1704403020000,1.09499,1.09499,1.09482,1.09482,32.400001525878906
1704403080000,1.09481,1.09481,1.09478,1.09479,64.06999969482422
1704403140000,1.09479,1.09482,1.09479,1.09482,18.899999618530273
1704403200000,1.09482,1.09482,1.09477,1.09478,18.899999618530273
1704403260000,1.09478,1.09478,1.09475,1.09478,38.06999969482422
1704403320000,1.09478,1.09483,1.09478,1.09483,20.700000762939453
1704403380000,1.09483,1.09483,1.09482,1.09482,39.599998474121094
1704403440000,1.09483,1.09488,1.09482,1.09486,26.639999389648438
1704403500000,1.09486,1.09486,1.09485,1.09485,14.399999618530273
1704403620000,1.09486,1.09486,1.09475,1.09476,37.66999816894531
1704403680000,1.09477,1.09479,1.09477,1.09478,28.520000457763672
1704403740000,1.09479,1.09479,1.09474,1.09477,75.12999725341797
1704403800000,1.09477,1.09479,1.09477,1.09477,59.400001525878906
1704403860000,1.09477,1.09478,1.09477,1.09478,6.300000190734863
1704403920000,1.09478,1.09478,1.09473,1.09474,49.4900016784668
1704403980000,1.09474,1.09474,1.09468,1.0947,85.62000274658203
1704404040000,1.09471,1.09472,1.09469,1.09472,26.639999389648438
1704404100000,1.09472,1.09472,1.09471,1.09471,5.400000095367432
1704404160000,1.09471,1.09471,1.09461,1.09464,69.43000030517578
1704404220000,1.09463,1.09469,1.0946,1.09461,107.0999984741211
1704404280000,1.0946,1.09461,1.09456,1.0946,83.69999694824219
1704404340000,1.0946,1.09463,1.09458,1.09458,68.75
1704404400000,1.09459,1.0946,1.09455,1.09457,155.8800048828125
1704404460000,1.09456,1.09465,1.09456,1.09463,104.48999786376953
1704404520000,1.09464,1.09464,1.09464,1.09464,26.100000381469727
1704404580000,1.09461,1.09467,1.09461,1.09466,53.900001525878906
1704404640000,1.09465,1.0947,1.09465,1.0947,59.79999923706055
1704404700000,1.09471,1.09472,1.09469,1.09471,545.8599853515625
1704404760000,1.09471,1.09471,1.09466,1.09468,72.55000305175781
1704404820000,1.09469,1.09475,1.09468,1.09474,356.92999267578125
1704404880000,1.09474,1.09475,1.09473,1.09473,74.23999786376953
1704404940000,1.09474,1.09477,1.09473,1.09476,219.5800018310547
1704405000000,1.09477,1.09477,1.09476,1.09477,68.95999908447266
1704405060000,1.09477,1.09481,1.09477,1.0948,40.31999969482422
1704405120000,1.09481,1.09484,1.0948,1.0948,18.6299991607666
1704405180000,1.09482,1.09482,1.0948,1.09481,152.1300048828125
1704405240000,1.09482,1.09482,1.09477,1.09477,158.49000549316406
1704405300000,1.09476,1.09478,1.09472,1.09473,51.29999923706055
1704405360000,1.09472,1.09473,1.09446,1.09446,76.12000274658203
1704405420000,1.09446,1.09452,1.09446,1.09448,33.150001525878906
1704405480000,1.09447,1.09461,1.09447,1.09457,99.72000122070312
1704405540000,1.09455,1.09457,1.09435,1.09441,53.099998474121094
1704405600000,1.09441,1.09441,1.0943,1.09431,18.850000381469727
1704405660000,1.09432,1.09448,1.09432,1.09448,9.5
1704405720000,1.09448,1.09448,1.09448,1.09448,1.5
1704405840000,1.09448,1.09448,1.09448,1.09448,2.5
1704405900000,1.09448,1.09473,1.09448,1.09461,177.5
1704405960000,1.0946,1.0946,1.09456,1.09456,13.5
1704406020000,1.09456,1.09468,1.09456,1.09459,25.399999618530273
1704406080000,1.09465,1.09466,1.09457,1.09457,435.1499938964844
1704406140000,1.0946,1.0946,1.09457,1.09457,15.300000190734863
1704406200000,1.09457,1.09462,1.09457,1.09457,8.100000381469727
1704406260000,1.09457,1.09459,1.09457,1.09457,80.0999984741211
1704406320000,1.09457,1.09457,1.09457,1.09457,32.599998474121094
1704406380000,1.09457,1.09465,1.09457,1.09463,60.400001525878906
1704406440000,1.09463,1.09466,1.09462,1.09465,85.5
1704406500000,1.09465,1.09465,1.09465,1.09465,63.900001525878906
1704406560000,1.09466,1.09481,1.09465,1.09468,117.9000015258789
1704406620000,1.09468,1.09478,1.09458,1.09472,224.10000610351562
1704406680000,1.09472,1.09492,1.09457,1.0946,285.3999938964844
1704406740000,1.0946,1.09462,1.0946,1.09462,24.8799991607666
1704406800000,1.0946,1.09464,1.0946,1.0946,31.899999618530273
1704406860000,1.0946,1.0946,1.09457,1.09457,1.159999966621399
1704406920000,1.0946,1.0946,1.0946,1.0946,0.4399999976158142
1704406980000,1.09469,1.09471,1.0946,1.09471,38.02000045776367
1704407040000,1.09471,1.09472,1.09457,1.0946,45.95000076293945
1704407100000,1.0946,1.09469,1.09457,1.0946,6.539999961853027
1704407160000,1.0946,1.09486,1.0946,1.09486,131.83999633789062
1704407220000,1.09481,1.09491,1.0946,1.0946,47.58000183105469
1704407280000,1.0946,1.0946,1.09457,1.09457,4.480000019073486
1704407340000,1.09457,1.09457,1.09457,1.09457,6
1704407400000,1.09457,1.09458,1.09452,1.09455,155.0800018310547
1704407460000,1.09455,1.09466,1.09455,1.09461,39.2400016784668
1704407520000,1.09464,1.09464,1.09458,1.09459,10.229999542236328
1704407580000,1.09458,1.09473,1.09451,1.09464,73.41000366210938
1704407640000,1.09465,1.0948,1.09464,1.09472,45.720001220703125
1704407700000,1.09473,1.09478,1.09469,1.09471,108.9000015258789
1704407760000,1.09472,1.09475,1.09469,1.09472,112.5
1704407820000,1.09473,1.09479,1.09468,1.09469,117.9000015258789
1704407880000,1.09469,1.09478,1.09469,1.09478,43.650001525878906
1704407940000,1.09478,1.09488,1.09472,1.09484,301.32000732421875
1704408000000,1.09486,1.09486,1.09476,1.09484,261.2099914550781
1704408060000,1.09485,1.09487,1.09476,1.09476,346.6199951171875
1704408120000,1.09476,1.09498,1.09476,1.09481,160.64999389648438
1704408180000,1.09482,1.09494,1.09478,1.09482,76.86000061035156
1704408240000,1.09481,1.09497,1.09478,1.0948,207
1704408300000,1.09479,1.09482,1.09477,1.09479,27
1704408360000,1.09479,1.0948,1.09476,1.09477,34.20000076293945
1704408420000,1.09473,1.09477,1.09473,1.09477,25.200000762939453
1704408480000,1.09472,1.09477,1.09472,1.09476,16.649999618530273
1704408540000,1.09473,1.09477,1.09473,1.09476,40.5
1704408600000,1.09476,1.09479,1.0946,1.09477,112.05000305175781
1704408660000,1.09478,1.09484,1.0946,1.09478,74.1500015258789
1704408720000,1.09481,1.09483,1.09475,1.09477,318.1499938964844
1704408780000,1.09477,1.09483,1.0946,1.09474,255.85000610351562
1704408840000,1.09473,1.09479,1.09466,1.09476,46.79999923706055
1704408900000,1.09475,1.09479,1.0946,1.0946,108.80000305175781
1704408960000,1.0946,1.09471,1.0946,1.0946,67.25
1704409020000,1.09465,1.09465,1.0946,1.0946,1.399999976158142
1704409080000,1.09458,1.09466,1.09453,1.09462,97.19999694824219
1704409140000,1.09461,1.09471,1.09456,1.09463,70.19999694824219
1704409200000,1.0946,1.09487,1.09449,1.09483,151.02999877929688
1704409260000,1.09484,1.09488,1.09468,1.09469,53.2400016784668
1704409320000,1.0947,1.0947,1.09469,1.0947,23.399999618530273
1704409380000,1.0947,1.0947,1.09459,1.0946,43.20000076293945
1704409440000,1.09459,1.0946,1.09459,1.0946,14.399999618530273
1704409500000,1.0946,1.09466,1.09458,1.09465,23.399999618530273
1704409560000,1.09466,1.09466,1.09466,1.09466,0.8999999761581421
1704409620000,1.09465,1.09466,1.09465,1.09465,5.489999771118164
1704409680000,1.09464,1.09471,1.09464,1.09471,37.04999923706055
1704409740000,1.0947,1.09471,1.0947,1.0947,36.810001373291016
1704409800000,1.09471,1.09476,1.0947,1.09474,20.700000762939453
1704409860000,1.09473,1.09473,1.0947,1.09472,5.96999979019165
1704409980000,1.0947,1.09471,1.09466,1.09466,33.34000015258789
1704410040000,1.09466,1.09466,1.09461,1.09461,24.600000381469727
1704410100000,1.09461,1.09465,1.09461,1.09462,13.5
1704410160000,1.09465,1.09469,1.09465,1.09467,10.979999542236328
1704410220000,1.09466,1.09466,1.09461,1.09461,13.180000305175781
1704410280000,1.0946,1.0946,1.09457,1.09457,18.09000015258789
1704410340000,1.09457,1.09458,1.09454,1.09455,30.989999771118164
1704410400000,1.09455,1.09457,1.09453,1.09455,22.68000030517578
1704410460000,1.09455,1.09456,1.09455,1.09456,142.1999969482422
1704410520000,1.09457,1.09457,1.09452,1.09452,16.200000762939453
1704410580000,1.09452,1.09452,1.09448,1.09452,16.290000915527344
1704410640000,1.09451,1.09451,1.0945,1.0945,6.389999866485596
1704410700000,1.0945,1.09452,1.09446,1.09446,22.68000030517578
1704410760000,1.09446,1.09447,1.09445,1.09445,42.47999954223633
1704410820000,1.09444,1.09445,1.09442,1.09442,49.31999969482422
1704410940000,1.09442,1.09442,1.09442,1.09442,3.5999999046325684
1704411000000,1.09442,1.09442,1.09442,1.09442,1.7999999523162842
1704411060000,1.09439,1.09439,1.09431,1.09437,44.290000915527344
1704411120000,1.09437,1.09445,1.09434,1.09445,56.369998931884766
1704411180000,1.09445,1.09447,1.09445,1.09446,30.729999542236328
1704411240000,1.09446,1.09452,1.09445,1.09452,77.62000274658203
1704411300000,1.09452,1.09456,1.09452,1.09455,17.3700008392334
1704411360000,1.09456,1.09456,1.09455,1.09456,14.399999618530273
1704411420000,1.09456,1.09456,1.09455,1.09455,9
1704411480000,1.09455,1.09455,1.09455,1.09455,4.5
1704411540000,1.09456,1.09457,1.09456,1.09457,13.59000015258789
1704411600000,1.09455,1.09458,1.09454,1.09458,21.780000686645508
1704411660000,1.09457,1.09457,1.09457,1.09457,1.8899999856948853
1704411720000,1.09457,1.09457,1.09455,1.09456,45.63999938964844
1704411780000,1.09456,1.09456,1.09452,1.09452,17.280000686645508
1704411840000,1.09452,1.09452,1.09445,1.09448,81.26000213623047
1704411900000,1.09447,1.09454,1.09447,1.09453,25.5
1704411960000,1.09452,1.09454,1.09452,1.09452,4.679999828338623
1704412020000,1.09453,1.09458,1.09453,1.09457,32.369998931884766
1704412080000,1.09457,1.09458,1.09457,1.09458,37.439998626708984
1704412140000,1.09458,1.09458,1.09457,1.09457,13.5
1704412200000,1.09457,1.09458,1.09457,1.09458,12.960000038146973
1704412260000,1.09458,1.09458,1.09458,1.09458,11.15999984741211
1704412320000,1.09458,1.09462,1.09458,1.09458,34.560001373291016
1704412380000,1.09459,1.09467,1.09458,1.09467,35.06999969482422
1704412440000,1.09467,1.09468,1.09467,1.09467,20.700000762939453
1704412500000,1.09467,1.09468,1.09467,1.09467,93.05999755859375
1704412560000,1.09467,1.09469,1.09467,1.09469,44.63999938964844
1704412620000,1.09467,1.09467,1.09467,1.09467,2.880000114440918
1704412740000,1.09468,1.0947,1.09462,1.09462,35.529998779296875
1704412800000,1.09461,1.09462,1.09453,1.09461,78.87999725341797
1704412860000,1.09461,1.09461,1.09446,1.09451,102.4000015258789
1704412920000,1.09451,1.09451,1.09447,1.09451,74.9000015258789
1704412980000,1.09449,1.09449,1.09443,1.09445,89.0999984741211
1704413040000,1.09446,1.09448,1.09445,1.09447,27.579999923706055
1704413100000,1.09448,1.09462,1.09447,1.09452,70.3499984741211
1704413160000,1.0945,1.09452,1.09448,1.09451,39.16999816894531
1704413220000,1.09451,1.09451,1.09444,1.09451,34.20000076293945
1704413280000,1.09453,1.09467,1.09453,1.09464,66.76000213623047
1704413340000,1.09462,1.09463,1.09456,1.09461,44.220001220703125
1704413400000,1.09459,1.09468,1.09458,1.09468,33.40999984741211
1704413460000,1.0947,1.09471,1.0947,1.09471,33.119998931884766
1704413520000,1.09471,1.09482,1.09471,1.09477,68.19000244140625
1704413580000,1.09477,1.09487,1.09477,1.09482,60.27000045776367
1704413640000,1.09482,1.09487,1.09478,1.09486,93.08000183105469
1704413700000,1.09486,1.09489,1.09484,1.09488,27.1299991607666
1704413760000,1.09487,1.09493,1.09487,1.09492,29.81999969482422
1704413820000,1.09491,1.09502,1.09491,1.09501,61.5099983215332
1704413880000,1.09501,1.09501,1.09493,1.09497,66.37000274658203
1704413940000,1.09499,1.09502,1.09499,1.095,39.689998626708984
1704414000000,1.09501,1.09503,1.095,1.09503,29.700000762939453
1704414060000,1.09503,1.09503,1.09492,1.09492,54.689998626708984
1704414120000,1.09492,1.09498,1.09492,1.09497,37.47999954223633
1704414180000,1.09497,1.09498,1.09495,1.09497,19.799999237060547
1704414240000,1.09497,1.09497,1.09493,1.09493,6.539999961853027
1704414300000,1.09492,1.09492,1.09488,1.09491,17.81999969482422
1704414360000,1.09491,1.09491,1.09486,1.09488,20.739999771118164
1704414420000,1.09487,1.09488,1.09487,1.09488,4.710000038146973
1704414480000,1.09487,1.09494,1.09487,1.09493,15.180000305175781
1704414540000,1.09492,1.09495,1.09492,1.09493,13.800000190734863
1704414600000,1.09494,1.09494,1.09487,1.09488,13.199999809265137
1704414660000,1.0949,1.09498,1.0949,1.09498,38.90999984741211
1704414720000,1.095,1.09502,1.095,1.09501,0.47999998927116394
1704414780000,1.095,1.09502,1.09498,1.09498,38.02000045776367
1704414840000,1.095,1.09504,1.095,1.09504,4.409999847412109
1704414900000,1.09502,1.09503,1.09502,1.09502,20.700000762939453
1704414960000,1.09501,1.09502,1.09499,1.09502,36.130001068115234
1704415020000,1.09505,1.09505,1.09502,1.09502,30.280000686645508
1704415080000,1.09504,1.09507,1.09504,1.09507,6.300000190734863
1704415140000,1.09506,1.09506,1.09498,1.09498,49.040000915527344
1704415200000,1.09496,1.09498,1.09495,1.09498,46.65999984741211
1704415260000,1.09498,1.09505,1.09497,1.09503,37.16999816894531
1704415320000,1.09501,1.09502,1.09495,1.09497,27.1200008392334
1704415380000,1.09498,1.09498,1.09497,1.09497,6.389999866485596
1704415440000,1.09498,1.09505,1.09498,1.09502,25.780000686645508
1704415500000,1.09502,1.09506,1.09501,1.09506,6.480000019073486
1704415560000,1.09506,1.0951,1.09505,1.0951,14.609999656677246
1704415620000,1.09512,1.09512,1.09507,1.09507,28.290000915527344
1704415680000,1.09507,1.09508,1.09507,1.09507,18.299999237060547
1704415740000,1.09507,1.09507,1.09492,1.09492,40.119998931884766
1704415800000,1.09494,1.09497,1.09484,1.0949,120.86000061035156
1704415860000,1.09492,1.09492,1.09481,1.09492,112.2699966430664
1704415920000,1.0949,1.0949,1.0948,1.09483,79.44999694824219
1704415980000,1.09484,1.09488,1.09481,1.09482,82.05000305175781
1704416040000,1.09482,1.09506,1.0948,1.09501,193.00999450683594
1704416100000,1.09502,1.09514,1.09501,1.09511,104.33999633789062
1704416160000,1.09511,1.09511,1.09498,1.09498,73.80000305175781
1704416220000,1.095,1.09509,1.09497,1.09508,63.119998931884766
1704416280000,1.09509,1.09512,1.09507,1.09508,52.88999938964844
1704416340000,1.09507,1.09508,1.09506,1.09508,17.040000915527344
1704416400000,1.09508,1.09513,1.09505,1.09507,51.189998626708984
1704416460000,1.09507,1.09518,1.09507,1.09518,70.29000091552734
1704416520000,1.09518,1.09521,1.09517,1.09521,13.5
1704416580000,1.0952,1.0952,1.09502,1.09508,73.06999969482422
1704416640000,1.09509,1.09512,1.09504,1.09508,80.26000213623047
1704416700000,1.0951,1.09513,1.09507,1.09513,64.05999755859375
1704416760000,1.09512,1.09512,1.09501,1.09502,48.099998474121094
1704416820000,1.09503,1.09518,1.09503,1.09518,57.38999938964844
1704416880000,1.09518,1.0952,1.09517,1.09517,15.180000305175781
1704416940000,1.09516,1.09521,1.09516,1.09521,9.720000267028809
1704417000000,1.0952,1.09526,1.09516,1.09526,110.41000366210938
1704417060000,1.09526,1.09542,1.09523,1.0954,116.83999633789062
1704417120000,1.0954,1.09543,1.09537,1.09542,89.61000061035156
1704417180000,1.09542,1.09546,1.09531,1.09532,166.0500030517578
1704417240000,1.09532,1.09538,1.09531,1.09538,75.25
1704417300000,1.0954,1.09542,1.09535,1.09537,237.4600067138672
1704417360000,1.09536,1.09541,1.09536,1.09539,103.0199966430664
1704417420000,1.0954,1.09543,1.09538,1.0954,111.69000244140625
1704417480000,1.0954,1.0955,1.09539,1.09547,67.3499984741211
1704417540000,1.09547,1.09551,1.09535,1.09542,114.31999969482422
1704417600000,1.09541,1.09543,1.0954,1.09542,78.30000305175781
1704417660000,1.09542,1.09542,1.09533,1.09537,108.66999816894531
1704417720000,1.09537,1.09538,1.09524,1.09524,60.060001373291016
1704417780000,1.09523,1.09524,1.09514,1.09515,185.3699951171875
1704417840000,1.09514,1.09524,1.09514,1.09522,100.4800033569336
1704417900000,1.09523,1.09523,1.0952,1.09523,50.400001525878906
1704417960000,1.09522,1.09523,1.09517,1.0952,136.02000427246094
1704418020000,1.0952,1.0952,1.09512,1.09512,124.6500015258789
1704418080000,1.09513,1.09517,1.09511,1.09516,145.0800018310547
1704418140000,1.09516,1.09517,1.09516,1.09517,87.20999908447266
1704418200000,1.09517,1.09522,1.09511,1.09517,267.25
1704418260000,1.09517,1.09517,1.09512,1.09512,116.41000366210938
1704418320000,1.09512,1.09513,1.09502,1.09513,154.8800048828125
1704418380000,1.09515,1.09521,1.09515,1.09515,177.80999755859375
1704418440000,1.09515,1.09521,1.09515,1.09517,224.66000366210938
1704418500000,1.09517,1.09528,1.09517,1.09523,197.52999877929688
1704418560000,1.09523,1.09527,1.09514,1.09527,225.9199981689453
1704418620000,1.09527,1.09539,1.09527,1.09538,106.83000183105469
1704418680000,1.09538,1.09543,1.09533,1.09543,143.5500030517578
1704418740000,1.09543,1.09556,1.09536,1.09537,205.4600067138672
1704418800000,1.09537,1.09537,1.09532,1.09536,218.61000061035156
1704418860000,1.09537,1.09537,1.09527,1.09529,232.82000732421875
1704418920000,1.09528,1.09528,1.09519,1.09527,238.16000366210938
1704418980000,1.0953,1.09553,1.0953,1.09548,245.75
1704419040000,1.09547,1.09552,1.09547,1.09548,103.41000366210938
1704419100000,1.09551,1.09558,1.09546,1.09555,358.30999755859375
1704419160000,1.09556,1.09557,1.09542,1.09543,372.1300048828125
1704419220000,1.09544,1.0955,1.09544,1.09547,109.4800033569336
1704419280000,1.09547,1.09549,1.09542,1.09546,106.16000366210938
1704419340000,1.09546,1.09546,1.09536,1.09537,143.52999877929688
1704419400000,1.09537,1.09537,1.09535,1.09537,93.5999984741211
1704419460000,1.09537,1.09537,1.09532,1.09532,99.95999908447266
1704419520000,1.09532,1.09532,1.09527,1.09527,45.900001525878906
1704419580000,1.09527,1.09527,1.09524,1.09527,78.87999725341797
1704419640000,1.09527,1.09528,1.09523,1.09526,168.42999267578125
1704419700000,1.09526,1.09528,1.09525,1.09527,127.3499984741211
1704419760000,1.09527,1.09527,1.09517,1.09518,153.42999267578125
1704419820000,1.09518,1.09527,1.09518,1.09521,142.72999572753906
1704419880000,1.09521,1.09521,1.09509,1.0951,154.74000549316406
1704419940000,1.09509,1.09516,1.09508,1.09515,91.88999938964844
1704420000000,1.09515,1.09515,1.09507,1.09512,200.41000366210938
1704420060000,1.09512,1.09514,1.09506,1.09507,65.37999725341797
1704420120000,1.09506,1.09513,1.09506,1.09513,117.44999694824219
1704420180000,1.09514,1.09516,1.09511,1.09516,163.50999450683594
1704420240000,1.09517,1.09522,1.09516,1.09519,80.0999984741211
1704420300000,1.0952,1.09522,1.09519,1.09521,109.55000305175781
1704420360000,1.09522,1.09528,1.09521,1.09522,87.19999694824219
1704420420000,1.09523,1.09523,1.09522,1.09522,12.600000381469727
1704420480000,1.09523,1.09523,1.09523,1.09523,0.8999999761581421
1704420540000,1.09526,1.09527,1.09526,1.09526,47.70000076293945
1704420600000,1.09527,1.09533,1.09526,1.09532,56.70000076293945
1704420660000,1.09532,1.09532,1.09523,1.09526,71.45999908447266
1704420720000,1.09526,1.09527,1.09522,1.09526,63.2599983215332
1704420780000,1.09527,1.09527,1.09521,1.09522,106.19999694824219
1704420840000,1.09523,1.09527,1.09522,1.09527,83.95999908447266
1704420900000,1.09531,1.09532,1.09527,1.09527,30.600000381469727
1704420960000,1.09526,1.09532,1.09526,1.09526,173.27000427246094
1704421020000,1.09527,1.09527,1.09522,1.09522,31.18000030517578
1704421080000,1.09519,1.0952,1.09517,1.09517,28.030000686645508
1704421140000,1.09517,1.09517,1.09515,1.09517,48.599998474121094
1704421200000,1.0952,1.09522,1.0952,1.09522,41.400001525878906
1704421260000,1.09523,1.09528,1.09522,1.09527,94.94999694824219
1704421320000,1.09528,1.09529,1.09527,1.09527,79.6500015258789
1704421380000,1.09527,1.09533,1.09526,1.09531,130.5
1704421440000,1.09531,1.09538,1.09531,1.09536,135.89999389648438
1704421500000,1.09537,1.0954,1.09536,1.09537,69.30000305175781
1704421560000,1.09537,1.09538,1.09536,1.09537,98.41000366210938
1704421620000,1.09536,1.09541,1.09522,1.09522,195.30999755859375
1704421680000,1.09521,1.09522,1.09518,1.09522,83.06999969482422
1704421740000,1.09521,1.09521,1.09516,1.09521,177.13999938964844
1704421800000,1.09522,1.09522,1.09511,1.09512,173.97000122070312
1704421860000,1.09515,1.0952,1.09515,1.09516,135.4199981689453
1704421920000,1.09516,1.09517,1.09512,1.09512,96.06999969482422
1704421980000,1.09513,1.09513,1.09505,1.09506,164.60000610351562
1704422040000,1.09505,1.09506,1.09501,1.09502,206.5399932861328
1704422100000,1.09503,1.09509,1.09501,1.09501,135.4499969482422
1704422160000,1.09501,1.09507,1.09497,1.09506,113.02999877929688
1704422220000,1.09507,1.09507,1.095,1.095,136.08999633789062
1704422280000,1.095,1.09506,1.095,1.09505,56.29999923706055
1704422340000,1.09506,1.09513,1.09506,1.09508,70.55999755859375
1704422400000,1.09507,1.09513,1.09507,1.09512,111.05999755859375
1704422460000,1.09513,1.09513,1.09507,1.09507,70.58000183105469
1704422520000,1.09507,1.09507,1.09495,1.09496,107.5
1704422580000,1.09496,1.09496,1.09486,1.09487,132.61000061035156
1704422640000,1.09486,1.09487,1.09486,1.09487,26.459999084472656
1704422700000,1.09486,1.095,1.09486,1.095,102.12000274658203
1704422760000,1.095,1.095,1.09494,1.09495,62.95000076293945
1704422820000,1.09495,1.09496,1.09493,1.09496,92.73999786376953
1704422880000,1.09495,1.09495,1.09485,1.09486,113.94999694824219
1704422940000,1.09485,1.09486,1.09476,1.09477,175.3000030517578
1704423000000,1.09478,1.0948,1.09471,1.09472,184.27000427246094
1704423060000,1.0947,1.09476,1.0947,1.09476,133.6699981689453
1704423120000,1.09476,1.09479,1.09476,1.09479,204.3000030517578
1704423180000,1.09478,1.09482,1.09478,1.0948,157.5
1704423240000,1.09481,1.09482,1.0948,1.09481,36
1704423300000,1.09482,1.09485,1.09481,1.09481,77.5199966430664
1704423360000,1.09481,1.09481,1.09468,1.09471,52.33000183105469
1704423420000,1.09472,1.09472,1.09468,1.09471,101.97000122070312
1704423480000,1.09471,1.09471,1.09466,1.09467,181.3000030517578
1704423540000,1.09466,1.09469,1.09466,1.09469,180.89999389648438
1704423600000,1.09468,1.09473,1.09466,1.09467,267.1600036621094
1704423660000,1.09466,1.09468,1.09457,1.09457,51.04999923706055
1704423720000,1.09457,1.09457,1.09454,1.09456,95.48999786376953
1704423780000,1.09458,1.09461,1.09458,1.09461,170.19000244140625
1704423840000,1.09461,1.09462,1.09459,1.09461,147.42999267578125
1704423900000,1.09464,1.09467,1.09464,1.09466,194.1300048828125
1704423960000,1.09466,1.09466,1.09461,1.09461,172.8000030517578
1704424020000,1.09462,1.09466,1.09461,1.09462,183.6999969482422
1704424080000,1.09464,1.09466,1.09461,1.09461,118.44999694824219
1704424140000,1.09461,1.09462,1.09456,1.09461,99.3499984741211
1704424200000,1.09462,1.09462,1.09456,1.09456,101.80000305175781
1704424260000,1.09457,1.09457,1.09443,1.09448,155.72999572753906
1704424320000,1.09448,1.0945,1.09447,1.09448,101.83999633789062
1704424380000,1.09449,1.09449,1.09441,1.09441,157.27999877929688
1704424440000,1.09442,1.09442,1.09437,1.09437,55.81999969482422
1704424500000,1.09437,1.09442,1.09437,1.09442,11.699999809265137
1704424560000,1.09442,1.09447,1.09442,1.09443,59.41999816894531
1704424620000,1.09443,1.09443,1.09437,1.09437,87.31999969482422
1704424680000,1.09437,1.09442,1.09433,1.09433,94.76000213623047
1704424740000,1.09433,1.09433,1.09426,1.09431,141.2100067138672
1704424800000,1.0943,1.09431,1.0943,1.09431,30.600000381469727
1704424860000,1.09429,1.09432,1.09428,1.09431,66.02999877929688
1704424920000,1.09434,1.09436,1.09432,1.09432,61.650001525878906
1704424980000,1.09432,1.09432,1.09431,1.09431,37.79999923706055
1704425040000,1.09431,1.09431,1.09415,1.09417,235.85000610351562
1704425100000,1.09417,1.09417,1.09417,1.09417,67.5
1704425160000,1.09417,1.09418,1.09417,1.09417,48.779998779296875
1704425220000,1.09416,1.09417,1.09406,1.09414,170.1999969482422
1704425280000,1.09413,1.09416,1.09407,1.09415,184.8699951171875
1704425340000,1.09416,1.09416,1.09407,1.09408,52.41999816894531
1704425400000,1.09408,1.09412,1.09407,1.09412,64.04000091552734
1704425460000,1.09414,1.09417,1.09407,1.09409,180.55999755859375
1704425520000,1.0941,1.0941,1.09405,1.09406,73.97000122070312
1704425580000,1.09406,1.09412,1.09405,1.09412,100.7300033569336
1704425640000,1.0941,1.09418,1.09407,1.09407,182.99000549316406
1704425700000,1.09407,1.09412,1.09406,1.0941,153.82000732421875
1704425760000,1.09411,1.09412,1.09405,1.09408,217.77000427246094
1704425820000,1.09409,1.09411,1.09405,1.09411,93.41000366210938
1704425880000,1.09411,1.09415,1.0941,1.09413,124.58999633789062
1704425940000,1.09412,1.09417,1.0941,1.09417,157.1300048828125
1704426000000,1.09418,1.0942,1.09416,1.09416,187.55999755859375
1704426060000,1.09417,1.09417,1.09414,1.09416,143.05999755859375
1704426120000,1.09417,1.09417,1.09416,1.09416,49.5
1704426180000,1.09417,1.09417,1.09408,1.09411,97.16999816894531
1704426240000,1.09411,1.09411,1.09401,1.09407,146.8000030517578
1704426300000,1.09407,1.09407,1.094,1.094,149.97999572753906
1704426360000,1.094,1.09401,1.09394,1.09401,141.33999633789062
1704426420000,1.09401,1.09401,1.09392,1.09393,143.6300048828125
1704426480000,1.09392,1.09397,1.09391,1.09397,126.98999786376953
1704426540000,1.09396,1.09401,1.09396,1.09396,122.69999694824219
1704426600000,1.09397,1.09399,1.09392,1.09395,153.80999755859375
1704426660000,1.09396,1.09397,1.09392,1.09392,195.6999969482422
1704426720000,1.09394,1.09397,1.09392,1.09397,100.0199966430664
1704426780000,1.09397,1.094,1.09397,1.094,65.72000122070312
1704426840000,1.09399,1.09401,1.09398,1.09401,134.10000610351562
1704426900000,1.09404,1.09408,1.09401,1.09401,162.89999389648438
1704426960000,1.09402,1.09402,1.09397,1.09397,81.63999938964844
1704427020000,1.09396,1.09397,1.09395,1.09395,88.19999694824219
1704427080000,1.09395,1.09395,1.09392,1.09392,75.95999908447266
1704427140000,1.09392,1.09393,1.09391,1.09392,83.25
1704427200000,1.09392,1.09395,1.0939,1.09394,73.62000274658203
1704427260000,1.09394,1.09396,1.09393,1.09395,54.18000030517578
1704427320000,1.09394,1.09396,1.09391,1.09392,122.47000122070312
1704427380000,1.09393,1.09397,1.0939,1.09397,71.19000244140625
1704427440000,1.09396,1.09399,1.09394,1.09394,99.87999725341797
1704427500000,1.09394,1.09398,1.09391,1.09394,92.97000122070312
1704427560000,1.09395,1.09397,1.09387,1.09387,104.56999969482422
1704427620000,1.09388,1.09392,1.09387,1.09391,108.36000061035156
1704427680000,1.0939,1.09391,1.09389,1.09391,51.29999923706055
1704427740000,1.0939,1.09392,1.0939,1.09392,81.44999694824219
1704427800000,1.09392,1.09393,1.09391,1.09392,66.66000366210938
1704427860000,1.09392,1.09392,1.09386,1.09387,75.5999984741211
1704427920000,1.09386,1.09387,1.09376,1.09381,103.12000274658203
1704427980000,1.09382,1.09383,1.09377,1.09377,90.9000015258789
1704428040000,1.09377,1.09382,1.09376,1.09381,66.41999816894531
1704428100000,1.09382,1.09382,1.09376,1.09376,29.489999771118164
1704428160000,1.09377,1.09377,1.09376,1.09377,43.650001525878906
1704428220000,1.09378,1.09381,1.09376,1.09381,74.25
1704428280000,1.09382,1.09383,1.09381,1.09381,74.69999694824219
1704428340000,1.09382,1.09382,1.09381,1.09382,39.599998474121094
1704428400000,1.09383,1.09389,1.09382,1.09389,88.44999694824219
1704428460000,1.09388,1.09388,1.09387,1.09387,9.899999618530273
1704428520000,1.09387,1.09387,1.09387,1.09387,1.7999999523162842
1704428580000,1.09386,1.09387,1.09386,1.09387,24.299999237060547
1704428700000,1.09386,1.09387,1.09386,1.09387,20.700000762939453
1704428760000,1.09387,1.09396,1.09387,1.09395,54.900001525878906
1704428820000,1.09396,1.09407,1.09395,1.09407,108.9000015258789
1704428880000,1.09406,1.09407,1.09398,1.09401,81
1704428940000,1.09401,1.09402,1.09397,1.09397,37.79999923706055
1704429000000,1.09397,1.09401,1.09396,1.09399,93.7300033569336
1704429060000,1.09398,1.09405,1.09398,1.09402,61.560001373291016
1704429120000,1.09402,1.09407,1.09398,1.09407,119.7699966430664
1704429180000,1.09407,1.09411,1.09407,1.09409,77.4000015258789
1704429240000,1.09409,1.09409,1.09402,1.09404,75.69000244140625
1704429300000,1.09402,1.09402,1.09392,1.09396,157.0399932861328
1704429360000,1.09397,1.09398,1.09395,1.09397,34.380001068115234
1704429420000,1.09397,1.09399,1.09392,1.09392,80.94999694824219
1704429480000,1.09392,1.09392,1.0939,1.09391,24.75
1704429540000,1.09391,1.09402,1.09391,1.09397,93.38999938964844
1704429600000,1.09397,1.094,1.09397,1.09397,67.5
1704429660000,1.09396,1.09397,1.09392,1.09397,99.87000274658203
1704429720000,1.09398,1.09398,1.09396,1.09396,53.939998626708984
1704429780000,1.09395,1.09395,1.0939,1.09391,123.79000091552734
1704429840000,1.0939,1.09394,1.09386,1.09386,146.8000030517578
1704429900000,1.09385,1.09386,1.09376,1.09376,98.98999786376953
1704429960000,1.09378,1.09378,1.0937,1.09371,73.56999969482422
1704430020000,1.0937,1.0937,1.09363,1.09366,94.13999938964844
1704430080000,1.0937,1.09372,1.09367,1.09371,30.18000030517578
1704430140000,1.09371,1.09372,1.09371,1.09371,9
1704430200000,1.09371,1.09377,1.09371,1.09376,48.599998474121094
1704430260000,1.09377,1.09378,1.09376,1.09376,42.869998931884766
1704430320000,1.09375,1.09375,1.09366,1.09367,38.650001525878906
1704430380000,1.09367,1.09367,1.09367,1.09367,12.869999885559082
1704430440000,1.09366,1.09367,1.09366,1.09366,25.200000762939453
1704430500000,1.09367,1.09376,1.09366,1.09376,33.38999938964844
1704430560000,1.09376,1.09377,1.09373,1.09376,58.68000030517578
1704430620000,1.09377,1.09377,1.09375,1.09376,23.579999923706055
1704430680000,1.09375,1.09375,1.09371,1.09371,31.59000015258789
1704430740000,1.09372,1.09372,1.09366,1.09371,80.5
1704430800000,1.09371,1.09371,1.09366,1.09371,132.92999267578125
1704430860000,1.09371,1.09374,1.09366,1.09374,194.6199951171875
1704430920000,1.09373,1.09373,1.09369,1.09371,110.83000183105469
1704430980000,1.09371,1.09375,1.09367,1.09371,194.17999267578125
1704431100000,1.0937,1.0937,1.09368,1.09368,44.099998474121094
1704431160000,1.09367,1.09367,1.09362,1.09362,113.9800033569336
1704431220000,1.09362,1.09362,1.09347,1.09347,156.67999267578125
1704431280000,1.09347,1.09349,1.09346,1.09346,253.44000244140625
1704431340000,1.09347,1.09347,1.09341,1.09341,75.5999984741211
1704431400000,1.09341,1.09348,1.09341,1.09347,99.54000091552734
1704431460000,1.09348,1.09351,1.09343,1.09349,134.10000610351562
1704431520000,1.0935,1.09355,1.0935,1.09352,96.97000122070312
1704431580000,1.09351,1.09351,1.09347,1.09351,89.13999938964844
1704431640000,1.09353,1.09356,1.09352,1.09352,79.77999877929688
1704431700000,1.09352,1.0936,1.0935,1.09358,110.43000030517578
1704431760000,1.09358,1.09362,1.09358,1.09361,39.810001373291016
1704431820000,1.09361,1.09361,1.09343,1.09345,118.12999725341797
1704431880000,1.09346,1.09358,1.09346,1.09356,92.25
1704431940000,1.09356,1.09358,1.09352,1.09355,131.49000549316406
1704432000000,1.09355,1.09358,1.09354,1.09356,53.189998626708984
1704432060000,1.09358,1.09363,1.09358,1.09362,99.0199966430664
1704432120000,1.09363,1.09363,1.09357,1.09357,47.70000076293945
1704432180000,1.09357,1.09358,1.09357,1.09358,23.399999618530273
1704432240000,1.09359,1.09362,1.09358,1.09358,52.650001525878906
1704432300000,1.09359,1.09359,1.09354,1.09356,53.95000076293945
1704432360000,1.09357,1.09358,1.09356,1.09357,50.849998474121094
1704432420000,1.09358,1.09363,1.09357,1.09357,139.6699981689453
1704432480000,1.09357,1.09358,1.09356,1.09356,109.88999938964844
1704432540000,1.09356,1.09358,1.09351,1.09352,117
1704432600000,1.09355,1.09361,1.09355,1.09361,109.9800033569336
1704432660000,1.09361,1.09363,1.09361,1.09362,35.0099983215332
1704432720000,1.09362,1.09363,1.09359,1.09359,84.69000244140625
1704432780000,1.0936,1.09362,1.0936,1.09362,20.700000762939453
1704432840000,1.09363,1.09367,1.09361,1.09366,101.69999694824219
1704432900000,1.09367,1.09367,1.09361,1.09362,129.60000610351562
1704432960000,1.09361,1.09362,1.09356,1.09356,67.80000305175781
1704433020000,1.09357,1.09363,1.09356,1.09362,125.0999984741211
1704433080000,1.09363,1.09366,1.09361,1.09365,127.3499984741211
1704433140000,1.09365,1.09366,1.09361,1.09365,139.0500030517578
1704433200000,1.09366,1.09367,1.09356,1.09356,130.30999755859375
1704433260000,1.09357,1.09367,1.09356,1.09363,124.77999877929688
1704433320000,1.09363,1.09363,1.09356,1.09362,97.19999694824219
1704433380000,1.09362,1.09362,1.09356,1.0936,98.2300033569336
1704433440000,1.09359,1.09359,1.09357,1.09357,89.12000274658203
1704433500000,1.09356,1.09358,1.09348,1.09352,184.55999755859375
1704433560000,1.09353,1.09356,1.0935,1.09356,72.30999755859375
1704433620000,1.09354,1.09358,1.09354,1.09358,77.8499984741211
1704433680000,1.09357,1.09357,1.09351,1.09352,128.08999633789062
1704433740000,1.09354,1.09356,1.09353,1.09356,79.0199966430664
1704433800000,1.09357,1.09361,1.09351,1.09352,133.3300018310547
1704433860000,1.09353,1.09354,1.09349,1.09351,95.88999938964844
1704433920000,1.09352,1.09352,1.09346,1.09347,43.47999954223633
1704433980000,1.09347,1.09349,1.09347,1.09347,80.19000244140625
1704434040000,1.09347,1.09347,1.09346,1.09347,35.459999084472656
1704434100000,1.09347,1.09352,1.09347,1.09348,56.900001525878906
1704434160000,1.09348,1.09359,1.09348,1.09357,147
1704434220000,1.09357,1.09361,1.09356,1.09358,144.57000732421875
1704434280000,1.09358,1.09375,1.09358,1.09372,193.7100067138672
1704434340000,1.09371,1.09381,1.0937,1.09374,152.6699981689453
1704434400000,1.09374,1.09374,1.09362,1.09369,175.2899932861328
1704434460000,1.09369,1.09369,1.09355,1.09357,156.75
1704434520000,1.09357,1.09357,1.09352,1.09353,72.12999725341797
1704434580000,1.09353,1.09353,1.09343,1.09343,145.74000549316406
1704434640000,1.09342,1.09342,1.0933,1.09337,149.44000244140625
1704434700000,1.09335,1.09343,1.09329,1.09336,171.80999755859375
1704434760000,1.09334,1.0934,1.0933,1.0934,232.22999572753906
1704434820000,1.0934,1.0934,1.09326,1.09327,153.5800018310547
1704434880000,1.09326,1.09327,1.0932,1.09321,121
1704434940000,1.0932,1.09326,1.0932,1.09326,115.6500015258789
1704435000000,1.09325,1.09326,1.0932,1.09322,204.63999938964844
1704435060000,1.09322,1.09324,1.09319,1.0932,130.58999633789062
1704435120000,1.09321,1.09322,1.09319,1.09321,155.52000427246094
1704435180000,1.0932,1.09323,1.0932,1.09323,154.1699981689453
1704435240000,1.09323,1.09323,1.09317,1.09319,101.25
1704435300000,1.09319,1.09319,1.09302,1.09302,182.22999572753906
1704435360000,1.09301,1.09303,1.09299,1.09301,212.85000610351562
1704435420000,1.09301,1.09302,1.09296,1.09302,102.27999877929688
1704435480000,1.09303,1.09307,1.09301,1.09307,115.05000305175781
1704435540000,1.09308,1.09315,1.09307,1.09307,71.4000015258789
1704435600000,1.09306,1.0931,1.09306,1.09307,33.880001068115234
1704435660000,1.09306,1.09307,1.09297,1.09302,187.8300018310547
1704435720000,1.093,1.09306,1.09296,1.09302,51.29999923706055
1704435780000,1.09305,1.0931,1.09302,1.09306,60.97999954223633
1704435840000,1.09306,1.09306,1.09296,1.09298,229.25999450683594
1704435900000,1.09296,1.093,1.09281,1.09292,213.69000244140625
1704435960000,1.09292,1.09292,1.09286,1.09286,88.91999816894531
1704436020000,1.09287,1.09291,1.09286,1.09289,77.52999877929688
1704436080000,1.09287,1.09287,1.0928,1.0928,60.33000183105469
1704436140000,1.09281,1.09287,1.09275,1.09287,183.5399932861328
1704436200000,1.09286,1.09291,1.09276,1.09277,185.14999389648438
1704436260000,1.09277,1.09287,1.09276,1.09278,356.9700012207031
1704436320000,1.09278,1.09283,1.09271,1.09277,254.8699951171875
1704436380000,1.09278,1.09283,1.09277,1.09277,80.6500015258789
1704436440000,1.09278,1.09278,1.09269,1.09274,99.02999877929688
1704436500000,1.09276,1.09282,1.09273,1.09277,255.32000732421875
1704436560000,1.09276,1.09277,1.09248,1.09249,240.1300048828125
1704436620000,1.09249,1.0926,1.09247,1.09257,292.6199951171875
1704436680000,1.09256,1.09257,1.09255,1.09257,113.5
1704436740000,1.09256,1.09258,1.09252,1.09252,54
1704436800000,1.09252,1.09261,1.09251,1.09261,137.3800048828125
1704436860000,1.09261,1.09269,1.09258,1.09258,107.12000274658203
1704436920000,1.09259,1.09259,1.09248,1.09249,73.5199966430664
1704436980000,1.0925,1.09258,1.0925,1.09257,99
1704437040000,1.09258,1.09261,1.09256,1.09256,23.979999542236328
1704437100000,1.09257,1.09269,1.09257,1.09269,85.7699966430664
1704437160000,1.09271,1.09274,1.09262,1.09262,70.77999877929688
1704437220000,1.09263,1.0927,1.09262,1.09267,122.08000183105469
1704437280000,1.09266,1.09268,1.0926,1.09268,68.4000015258789
1704437340000,1.09268,1.09273,1.09265,1.09266,171.4499969482422
1704437400000,1.09268,1.09276,1.09262,1.09269,175.16000366210938
1704437460000,1.09269,1.09278,1.09267,1.09267,96.33999633789062
1704437520000,1.09268,1.09268,1.09261,1.09262,78.43000030517578
1704437580000,1.09262,1.09265,1.09261,1.09262,109.0199966430664
1704437640000,1.09261,1.09264,1.09261,1.09262,87.20999908447266
1704437700000,1.09263,1.09264,1.09256,1.09257,62.70000076293945
1704437760000,1.09257,1.09275,1.09257,1.09272,58.40999984741211
1704437820000,1.09271,1.09281,1.09271,1.09277,176.7899932861328
1704437880000,1.09276,1.09281,1.09276,1.09278,51.130001068115234
1704437940000,1.0928,1.09283,1.09275,1.09276,228.86000061035156
1704438000000,1.09275,1.09279,1.09252,1.09268,356.1700134277344
1704438060000,1.09268,1.09273,1.09252,1.09273,144.6999969482422
1704438120000,1.09275,1.09277,1.09266,1.09273,154.07000732421875
1704438180000,1.09273,1.09274,1.09266,1.09267,110.36000061035156
1704438240000,1.09267,1.09271,1.09262,1.09267,232
1704438300000,1.09267,1.09267,1.09257,1.09261,214.27999877929688
1704438360000,1.09259,1.09273,1.09253,1.09266,246.39999389648438
1704438420000,1.09265,1.09271,1.09262,1.09268,227.3800048828125
1704438480000,1.09268,1.09287,1.09268,1.09285,162.02999877929688
1704438540000,1.09286,1.09291,1.09286,1.09287,117
1704438600000,1.09287,1.09294,1.09286,1.09286,126.4000015258789
1704438660000,1.09286,1.09297,1.09283,1.09297,65.72000122070312
1704438720000,1.09297,1.09303,1.09297,1.09297,114.58000183105469
1704438780000,1.09299,1.09312,1.09299,1.09307,135.99000549316406
1704438840000,1.09307,1.0931,1.09302,1.09302,162.41000366210938
1704438900000,1.09302,1.09309,1.093,1.09309,172.8000030517578
1704438960000,1.09309,1.09316,1.09297,1.09302,223.57000732421875
1704439020000,1.09303,1.09305,1.09291,1.09291,148.9499969482422
1704439080000,1.09292,1.09307,1.09292,1.09302,167.92999267578125
1704439140000,1.09301,1.09304,1.09297,1.09298,60.599998474121094
1704439200000,1.093,1.09302,1.09287,1.09296,130.63999938964844
1704439260000,1.09296,1.09304,1.09292,1.09303,196.55999755859375
1704439320000,1.09303,1.0931,1.09298,1.09308,110.6500015258789
1704439380000,1.09308,1.09327,1.09306,1.09323,134.1999969482422
1704439440000,1.09323,1.09326,1.09318,1.09324,201.91000366210938
1704439500000,1.09324,1.09327,1.09313,1.09322,176.27000427246094
1704439560000,1.09323,1.09333,1.09322,1.09324,161.35000610351562
1704439620000,1.09323,1.09331,1.09318,1.09318,99.37999725341797
1704439680000,1.09319,1.09333,1.09313,1.09317,197.2100067138672
1704439740000,1.09316,1.09316,1.09302,1.09302,113.08999633789062
1704439800000,1.09303,1.0932,1.09302,1.09311,146.5
1704439860000,1.09312,1.09317,1.09307,1.09307,216.4499969482422
1704439920000,1.09306,1.09309,1.093,1.09303,271.79998779296875
1704439980000,1.09304,1.09317,1.09302,1.09307,260.7699890136719
1704440040000,1.09308,1.0931,1.09299,1.09301,275.8500061035156
1704440100000,1.093,1.09309,1.09298,1.09309,264.6000061035156
1704440160000,1.09308,1.0931,1.09298,1.09299,279.6700134277344
1704440220000,1.09299,1.09299,1.09289,1.09292,117
1704440280000,1.09291,1.09294,1.09289,1.09291,45.900001525878906
1704440340000,1.09292,1.09294,1.09292,1.09292,119.25
1704440400000,1.09293,1.09295,1.0927,1.09272,97.6500015258789
1704440460000,1.09271,1.09271,1.09261,1.09267,197.0399932861328
1704440520000,1.09265,1.09266,1.09251,1.09252,192.67999267578125
1704440580000,1.09253,1.09257,1.0925,1.09257,119.33999633789062
1704440640000,1.09256,1.09257,1.09241,1.09243,274.239990234375
1704440700000,1.09242,1.09247,1.09231,1.09242,405.9599914550781
1704440760000,1.09243,1.09251,1.09236,1.09249,447.6000061035156
1704440820000,1.09248,1.0925,1.09246,1.09248,173.25
1704440880000,1.0925,1.09257,1.09248,1.09248,85.18000030517578
1704440940000,1.09248,1.09257,1.09246,1.09257,161.5500030517578
1704441000000,1.09255,1.09257,1.09248,1.09256,44.68000030517578
1704441060000,1.09258,1.09271,1.09258,1.09271,141.9499969482422
1704441120000,1.0927,1.09282,1.0927,1.09281,118.87000274658203
1704441180000,1.09281,1.09281,1.09256,1.0927,316.6700134277344
1704441240000,1.0927,1.09274,1.09261,1.09263,289.29998779296875
1704441300000,1.09263,1.09267,1.09252,1.09252,265.20001220703125
1704441360000,1.09249,1.09254,1.09242,1.09242,142.0800018310547
1704441420000,1.09243,1.0925,1.09235,1.09242,215.75
1704441480000,1.09243,1.09244,1.09226,1.09227,187.58999633789062
1704441540000,1.09226,1.0924,1.09226,1.09231,284.29998779296875
1704441600000,1.09231,1.09246,1.0923,1.09231,468.489990234375
1704441660000,1.09231,1.09239,1.09216,1.09231,301.8299865722656
1704441720000,1.0923,1.09234,1.09215,1.09226,411.5
1704441780000,1.09224,1.09224,1.09202,1.09205,398.05999755859375
1704441840000,1.09204,1.0924,1.09204,1.0923,599.3400268554688
1704441900000,1.09229,1.09235,1.0922,1.09229,459.6099853515625
1704441960000,1.09231,1.09243,1.09218,1.09221,659.1599731445312
1704442020000,1.09222,1.09223,1.09206,1.09221,437.3699951171875
1704442080000,1.09222,1.09227,1.09206,1.09227,334.3399963378906
1704442140000,1.09227,1.0924,1.09227,1.0924,221.5500030517578
1704442200000,1.09239,1.09241,1.09225,1.09232,195.99000549316406
1704442260000,1.09232,1.09232,1.09215,1.0923,329.6199951171875
1704442320000,1.09229,1.09241,1.09226,1.09237,378.30999755859375
1704442380000,1.09236,1.09257,1.09235,1.09253,262.30999755859375
1704442440000,1.09254,1.09254,1.09226,1.09226,273.5199890136719
1704442500000,1.09227,1.09247,1.09227,1.09236,300.7900085449219
1704442560000,1.09235,1.09235,1.09212,1.09217,362.0899963378906
1704442620000,1.09215,1.09227,1.09202,1.09202,190.69000244140625
1704442680000,1.09204,1.09206,1.09186,1.09192,469.1300048828125
1704442740000,1.09191,1.09192,1.0918,1.09191,382.1400146484375
1704442800000,1.09192,1.09207,1.09187,1.09207,227.1199951171875
1704442860000,1.09211,1.09229,1.09211,1.09218,197.66000366210938
1704442920000,1.09218,1.09229,1.09206,1.09212,325.260009765625
1704442980000,1.09212,1.09215,1.09182,1.09193,502.6199951171875
1704443040000,1.09193,1.09201,1.09182,1.09185,288.29998779296875
1704443100000,1.09183,1.09209,1.09183,1.09192,211.16000366210938
1704443160000,1.09194,1.09197,1.0919,1.09191,110.79000091552734
1704443220000,1.0919,1.09191,1.09171,1.09171,241.25
1704443280000,1.09172,1.09172,1.09163,1.09168,174.2899932861328
1704443340000,1.09166,1.09171,1.09165,1.09171,169.92999267578125
1704443400000,1.0917,1.09171,1.09153,1.09157,355.3900146484375
1704443460000,1.09157,1.09171,1.09137,1.0914,198.2899932861328
1704443520000,1.09141,1.09141,1.09115,1.09115,423.9800109863281
1704443580000,1.09116,1.09144,1.09115,1.09144,257.760009765625
1704443640000,1.09143,1.09148,1.09136,1.09148,282.739990234375
1704443700000,1.09149,1.09163,1.09149,1.09159,194.11000061035156
1704443760000,1.09159,1.09167,1.09157,1.09164,80.41000366210938
1704443820000,1.09163,1.09166,1.09151,1.09159,243.82000732421875
1704443880000,1.0916,1.09162,1.09136,1.09136,389.0799865722656
1704443940000,1.09137,1.09142,1.09121,1.09126,320.45001220703125
1704444000000,1.09127,1.09141,1.09117,1.09141,550.6799926757812
1704444060000,1.09141,1.09145,1.09127,1.09141,401.79998779296875
1704444120000,1.09139,1.0914,1.09121,1.09135,401.1099853515625
1704444180000,1.09135,1.09136,1.09122,1.09122,140.00999450683594
1704444240000,1.09121,1.09121,1.09106,1.09115,177.80999755859375
1704444300000,1.09114,1.09116,1.09111,1.09116,81.44999694824219
1704444360000,1.09117,1.09123,1.09108,1.09112,172.02999877929688
1704444420000,1.0911,1.09128,1.09108,1.09127,164.0800018310547
1704444480000,1.09127,1.09138,1.09125,1.09137,121.43000030517578
1704444540000,1.09137,1.09137,1.09122,1.09128,150.42999267578125
1704444600000,1.09128,1.09143,1.09119,1.09141,183.42999267578125
1704444660000,1.09144,1.09146,1.09126,1.09128,176.9199981689453
1704444720000,1.09128,1.09128,1.09119,1.09119,153.82000732421875
1704444780000,1.09119,1.09119,1.09081,1.09087,207.4199981689453
1704444840000,1.09085,1.09092,1.09063,1.09066,122.73999786376953
1704444900000,1.09064,1.09078,1.09061,1.09078,334.19000244140625
1704444960000,1.09078,1.09079,1.09046,1.09049,252.19000244140625
1704445020000,1.09048,1.09056,1.09034,1.09056,161.77999877929688
1704445080000,1.09053,1.09068,1.09047,1.09067,230.10000610351562
1704445140000,1.09066,1.09082,1.09065,1.09076,209.6699981689453
1704445200000,1.09075,1.09086,1.09075,1.09078,256.92999267578125
1704445260000,1.09078,1.0908,1.09064,1.09067,149.85000610351562
1704445320000,1.09067,1.09077,1.0906,1.09074,266.8299865722656
1704445380000,1.09076,1.09078,1.09067,1.09067,180.24000549316406
1704445440000,1.09066,1.09071,1.09058,1.0907,224.27999877929688
1704445500000,1.09069,1.09069,1.09057,1.09059,312.29998779296875
1704445560000,1.09058,1.09059,1.09036,1.09036,114.11000061035156
1704445620000,1.09037,1.09054,1.09028,1.09053,241.36000061035156
1704445680000,1.09052,1.09061,1.09044,1.09061,135.1300048828125
1704445740000,1.0906,1.09067,1.09052,1.09067,172.58999633789062
1704445800000,1.09066,1.09101,1.09063,1.09099,316.8399963378906
1704445860000,1.091,1.0912,1.091,1.0912,439.6600036621094
1704445920000,1.0912,1.0913,1.09109,1.09127,292.8500061035156
1704445980000,1.09127,1.0914,1.09127,1.09132,217.57000732421875
1704446040000,1.09131,1.09152,1.09123,1.09147,250.22000122070312
1704446100000,1.09147,1.09154,1.09136,1.09146,257.19000244140625
1704446160000,1.09145,1.09152,1.09139,1.0914,285.0199890136719
1704446220000,1.09142,1.09168,1.09142,1.09165,172.67999267578125
1704446280000,1.09164,1.09178,1.09151,1.09177,191.4600067138672
1704446340000,1.09177,1.09177,1.09167,1.09174,228.2899932861328
1704446400000,1.09172,1.09193,1.09169,1.09185,207.6699981689453
1704446460000,1.09183,1.09218,1.09183,1.09209,153.41000366210938
1704446520000,1.09209,1.09213,1.092,1.09208,315.30999755859375
1704446580000,1.09209,1.0921,1.09201,1.09201,164.3800048828125
1704446640000,1.092,1.09209,1.09197,1.092,180.50999450683594
1704446700000,1.092,1.09202,1.09183,1.09199,161.1300048828125
1704446760000,1.09201,1.09215,1.092,1.09215,148.72999572753906
1704446820000,1.09215,1.09226,1.09206,1.09214,159.19000244140625
1704446880000,1.09214,1.0923,1.09206,1.09229,159
1704446940000,1.09229,1.09234,1.09222,1.09225,112.86000061035156
1704447000000,1.09224,1.09225,1.09214,1.09224,143.25999450683594
1704447060000,1.09224,1.09234,1.09224,1.09225,114.43000030517578
1704447120000,1.09225,1.09227,1.09213,1.0922,116.87999725341797
1704447180000,1.09218,1.09222,1.09211,1.09215,181.36000061035156
1704447240000,1.09215,1.09305,1.09215,1.09274,545.510009765625
1704447300000,1.09274,1.09284,1.09229,1.09234,401.80999755859375
1704447360000,1.09231,1.09233,1.09207,1.09212,520.52001953125
1704447420000,1.09212,1.09243,1.09207,1.09242,540.1699829101562
1704447480000,1.0924,1.09243,1.0923,1.09234,180.35000610351562
1704447540000,1.09234,1.09242,1.09216,1.09234,111.54000091552734
1704447600000,1.09233,1.09237,1.09216,1.09216,124.77999877929688
1704447660000,1.09214,1.09216,1.09198,1.09201,363.8800048828125
1704447720000,1.092,1.092,1.09182,1.09199,323.3399963378906
1704447780000,1.09199,1.09206,1.09178,1.09182,320.1600036621094
1704447840000,1.09185,1.09189,1.09169,1.09172,313.9700012207031
1704447900000,1.09171,1.09172,1.09146,1.09146,307.42999267578125
1704447960000,1.09146,1.09148,1.09135,1.0914,730.5499877929688
1704448020000,1.09139,1.09149,1.09134,1.09144,193
1704448080000,1.09143,1.09157,1.09137,1.0915,166.57000732421875
1704448140000,1.09148,1.09149,1.09137,1.09143,263.30999755859375
1704448200000,1.09142,1.09142,1.09109,1.09114,196.24000549316406
1704448260000,1.09112,1.09123,1.09108,1.09109,204.27999877929688
1704448320000,1.0911,1.0911,1.09107,1.09108,36.27000045776367
1704448380000,1.09107,1.09118,1.09107,1.09113,325.3900146484375
1704448440000,1.09112,1.09117,1.09104,1.09107,148.36000061035156
1704448500000,1.09108,1.09116,1.09099,1.09107,257.42999267578125
1704448560000,1.09106,1.09122,1.09106,1.09122,211.36000061035156
1704448620000,1.09121,1.09122,1.09107,1.09112,181.1999969482422
1704448680000,1.09111,1.09122,1.09107,1.09122,163.1999969482422
1704448740000,1.0912,1.09138,1.0912,1.09126,473.1700134277344
1704448800000,1.09126,1.0913,1.09114,1.09122,362.32000732421875
1704448860000,1.09123,1.09129,1.09114,1.09124,266.79998779296875
1704448920000,1.09124,1.09124,1.0911,1.09112,204.3300018310547
1704448980000,1.09113,1.09127,1.0911,1.09119,451.9800109863281
1704449040000,1.09118,1.09121,1.0911,1.09117,293.7099914550781
1704449100000,1.09116,1.09122,1.09098,1.09113,554.1500244140625
1704449160000,1.09112,1.09112,1.09091,1.09096,331.4599914550781
1704449220000,1.09097,1.091,1.09088,1.09097,557.02001953125
1704449280000,1.09096,1.09106,1.09086,1.09086,431.5299987792969
1704449340000,1.09087,1.09087,1.0907,1.09076,404.8500061035156
1704449400000,1.09076,1.09092,1.09071,1.09091,369.8299865722656
1704449460000,1.09093,1.09102,1.09086,1.09092,368.1300048828125
1704449520000,1.0909,1.09102,1.09086,1.09086,268.239990234375
1704449580000,1.09087,1.09117,1.09086,1.09109,62.209999084472656
1704449640000,1.09111,1.09112,1.091,1.09103,111.87000274658203
1704449700000,1.09103,1.09103,1.09088,1.0909,131.16000366210938
1704449760000,1.0909,1.09094,1.09082,1.09082,287.6199951171875
1704449820000,1.09086,1.09102,1.0908,1.09101,224.5500030517578
1704449880000,1.09103,1.09111,1.091,1.091,167.2899932861328
1704449940000,1.09101,1.09106,1.09096,1.09099,147.07000732421875
1704450000000,1.09098,1.09098,1.09084,1.09087,165.0800018310547
1704450060000,1.09086,1.09086,1.0905,1.09057,445.3900146484375
1704450120000,1.09057,1.09061,1.0905,1.0905,330.8299865722656
1704450180000,1.0905,1.09053,1.09037,1.09038,387.8800048828125
1704450240000,1.09037,1.09051,1.09036,1.09049,177.25
1704450300000,1.09048,1.09052,1.09042,1.09052,436.2200012207031
1704450360000,1.09053,1.09057,1.09046,1.09048,458.3500061035156
1704450420000,1.09049,1.0906,1.0904,1.09043,304.9200134277344
1704450480000,1.09043,1.09048,1.09041,1.09044,141.16000366210938
1704450540000,1.09042,1.09048,1.0904,1.09048,108.9000015258789
1704450600000,1.09048,1.09052,1.09041,1.09042,109.19000244140625
1704450660000,1.09042,1.09045,1.09039,1.09043,93.83999633789062
1704450720000,1.09044,1.09049,1.0904,1.09048,160.8300018310547
1704450780000,1.09048,1.09049,1.09041,1.09047,159.92999267578125
1704450840000,1.09048,1.09069,1.09047,1.09069,94.58999633789062
1704450900000,1.09069,1.09074,1.09063,1.09068,151.3800048828125
1704450960000,1.09068,1.09073,1.09066,1.09073,64.80000305175781
1704451020000,1.09073,1.09091,1.09073,1.09091,90.27999877929688
1704451080000,1.09091,1.09092,1.09075,1.0908,328.760009765625
1704451140000,1.09079,1.09087,1.09076,1.09078,118.70999908447266
1704451200000,1.0908,1.09095,1.0908,1.09095,134.42999267578125
1704451260000,1.09095,1.09102,1.0909,1.091,95.4000015258789
1704451320000,1.09101,1.09113,1.09101,1.09105,152.97000122070312
1704451380000,1.09102,1.09113,1.091,1.09106,143.07000732421875
1704451440000,1.09106,1.0911,1.09098,1.09099,104.91000366210938
1704451500000,1.09099,1.09099,1.09084,1.09091,158.6699981689453
1704451560000,1.09092,1.09107,1.09091,1.09107,45.9900016784668
1704451620000,1.09106,1.0912,1.09106,1.0912,103.08999633789062
1704451680000,1.09121,1.09123,1.09104,1.09105,136.47999572753906
1704451740000,1.09105,1.09109,1.09105,1.09105,135.7899932861328
1704451800000,1.09105,1.09105,1.09084,1.09098,138.3800048828125
1704451860000,1.09098,1.09118,1.09098,1.09118,161.88999938964844
1704451920000,1.09119,1.09123,1.09107,1.09119,239.32000732421875
1704451980000,1.09119,1.09126,1.09115,1.0912,261.1099853515625
1704452040000,1.09121,1.09137,1.09121,1.09129,133.11000061035156
1704452100000,1.09128,1.09132,1.09116,1.09129,147.10000610351562
1704452160000,1.09129,1.09132,1.09119,1.09128,114.9000015258789
1704452220000,1.09126,1.09126,1.09112,1.09112,148.0500030517578
1704452280000,1.0911,1.09111,1.09108,1.0911,91.80000305175781
1704452340000,1.09111,1.09132,1.09106,1.09127,266.94000244140625
1704452400000,1.09126,1.0914,1.0912,1.09138,170.92999267578125
1704452460000,1.09138,1.09143,1.09134,1.09135,148.58999633789062
1704452520000,1.09135,1.09135,1.09116,1.09123,143.0500030517578
1704452580000,1.09124,1.09139,1.0912,1.09136,170.10000610351562
1704452640000,1.09136,1.0914,1.09131,1.09133,240.27999877929688
1704452700000,1.09134,1.09137,1.09127,1.09129,100.70999908447266
1704452760000,1.09128,1.09134,1.09126,1.09127,69.83999633789062
1704452820000,1.09128,1.09135,1.09127,1.09135,142.55999755859375
1704452880000,1.09134,1.09142,1.09132,1.09142,90.2699966430664
1704452940000,1.09142,1.09142,1.09118,1.09118,66.02999877929688
1704453000000,1.09118,1.09125,1.0911,1.09123,153.5800018310547
1704453060000,1.09122,1.09122,1.09115,1.09117,77.58000183105469
1704453120000,1.09117,1.09118,1.09104,1.09104,91.9000015258789
1704453180000,1.09103,1.09118,1.09103,1.09118,33.84000015258789
1704453240000,1.09118,1.09119,1.09115,1.09116,43.11000061035156
1704453300000,1.09115,1.09121,1.09099,1.0912,216.6300048828125
1704453360000,1.09121,1.09143,1.09118,1.09141,126.02999877929688
1704453420000,1.0914,1.0914,1.09113,1.09124,153.80999755859375
1704453480000,1.09124,1.0914,1.09124,1.09139,172.35000610351562
1704453540000,1.09138,1.09154,1.09135,1.09145,243.5500030517578
1704453600000,1.09146,1.09158,1.09143,1.09154,126.55999755859375
1704453660000,1.09155,1.09159,1.0915,1.0915,97.37999725341797
1704453720000,1.09149,1.09149,1.0913,1.0913,246.8699951171875
1704453780000,1.09133,1.0915,1.09131,1.0915,125.4000015258789
1704453840000,1.09147,1.09147,1.09133,1.09135,175.11000061035156
1704453900000,1.09136,1.09139,1.09132,1.09132,169.9600067138672
1704453960000,1.09132,1.0914,1.09132,1.0914,59.029998779296875
1704454020000,1.0914,1.09141,1.09128,1.09129,158.3000030517578
1704454080000,1.0913,1.09136,1.09107,1.0912,263.260009765625
1704454140000,1.09119,1.0913,1.09114,1.09119,176.44000244140625
1704454200000,1.0912,1.09121,1.0911,1.0911,87.06999969482422
1704454260000,1.09112,1.09129,1.09111,1.09129,109.61000061035156
1704454320000,1.09128,1.09131,1.09119,1.09124,90.0199966430664
1704454380000,1.09125,1.09127,1.09123,1.09124,109.7699966430664
1704454440000,1.09123,1.09139,1.09122,1.09138,279.42999267578125
1704454500000,1.09137,1.09153,1.09136,1.0915,326.7200012207031
1704454560000,1.0915,1.09153,1.0914,1.09144,193.0800018310547
1704454620000,1.09145,1.09153,1.09145,1.09147,132.66000366210938
1704454680000,1.09147,1.09148,1.09129,1.09131,158.30999755859375
1704454740000,1.09134,1.09134,1.09127,1.09134,189.89999389648438
1704454800000,1.09135,1.09143,1.09135,1.09136,73.83999633789062
1704454860000,1.09134,1.09144,1.09134,1.09139,188.6699981689453
1704454920000,1.09143,1.09147,1.09135,1.09139,134.82000732421875
1704454980000,1.0914,1.09148,1.09135,1.09146,77.66999816894531
1704455040000,1.09146,1.09164,1.09146,1.0916,106.19999694824219
1704455100000,1.0916,1.09161,1.0915,1.0916,143.63999938964844
1704455160000,1.09158,1.09163,1.0915,1.09154,136.6199951171875
1704455220000,1.09157,1.0917,1.09157,1.09165,93.41999816894531
1704455280000,1.09163,1.0917,1.09162,1.0917,163.25999450683594
1704455340000,1.09172,1.09175,1.09165,1.09166,120.69000244140625
1704455400000,1.09165,1.09165,1.09144,1.09145,177.5500030517578
1704455460000,1.09146,1.09154,1.09145,1.09148,163.2899932861328
1704455520000,1.09149,1.09149,1.09137,1.09142,278.9100036621094
1704455580000,1.09141,1.09143,1.09133,1.09133,133.3800048828125
1704455640000,1.09137,1.0914,1.0913,1.09133,126.9000015258789
1704455700000,1.09132,1.09138,1.09127,1.0913,146.25
1704455760000,1.0913,1.09139,1.0913,1.09136,55.439998626708984
1704455820000,1.09134,1.09137,1.09127,1.09127,222.67999267578125
1704455880000,1.09128,1.09139,1.09125,1.09133,223.14999389648438
1704455940000,1.09132,1.09143,1.09132,1.09142,104.55999755859375
1704456000000,1.09142,1.09158,1.09142,1.09154,143.52000427246094
1704456060000,1.09153,1.09158,1.09142,1.09158,274.69000244140625
1704456120000,1.0916,1.09163,1.09156,1.09156,127.9800033569336
1704456180000,1.09157,1.09163,1.09142,1.09146,305.3800048828125
1704456240000,1.09144,1.09174,1.09143,1.09168,262.70001220703125
1704456300000,1.09169,1.09183,1.09167,1.09173,171
1704456360000,1.09173,1.09182,1.09171,1.09178,96.56999969482422
1704456420000,1.09178,1.09178,1.09166,1.09168,185.22000122070312
1704456480000,1.09167,1.0917,1.09164,1.09166,156.4199981689453
1704456540000,1.09164,1.09165,1.09157,1.0916,47.790000915527344
1704456600000,1.09161,1.09174,1.09161,1.09172,68.94000244140625
1704456660000,1.09173,1.09173,1.09168,1.09172,53.099998474121094
1704456720000,1.09173,1.09189,1.09168,1.09173,151.11000061035156
1704456780000,1.09174,1.09178,1.0916,1.0916,95.7300033569336
1704456840000,1.0916,1.09173,1.09159,1.09173,154.6699981689453
1704456900000,1.09173,1.09174,1.09161,1.09162,133.74000549316406
1704456960000,1.09163,1.09176,1.09159,1.09176,184.0800018310547
1704457020000,1.09177,1.09177,1.09153,1.09153,104.08000183105469
1704457080000,1.09152,1.09165,1.09151,1.09154,121.26000213623047
1704457140000,1.09155,1.09173,1.09155,1.09165,270.8999938964844
1704457200000,1.09166,1.09173,1.09165,1.09167,176.39999389648438
1704457260000,1.09167,1.09167,1.09152,1.09153,97.6500015258789
1704457320000,1.09152,1.09152,1.09148,1.09148,29.700000762939453
1704457380000,1.09147,1.09165,1.09143,1.09163,125.29000091552734
1704457440000,1.09162,1.09162,1.09151,1.09151,81.12999725341797
1704457500000,1.09151,1.09161,1.09143,1.09148,172.00999450683594
1704457560000,1.09147,1.09149,1.09137,1.09141,452.8299865722656
1704457620000,1.09141,1.09149,1.09136,1.09149,143.5500030517578
1704457680000,1.09148,1.09162,1.09146,1.09162,187.4199981689453
1704457740000,1.09161,1.09167,1.09149,1.09157,197.94000244140625
1704457800000,1.09157,1.09168,1.09157,1.09157,125.76000213623047
1704457860000,1.09155,1.09165,1.09147,1.09148,141.47000122070312
1704457920000,1.09151,1.09158,1.09151,1.09156,186.83999633789062
1704457980000,1.09156,1.09164,1.09147,1.09147,125.27999877929688
1704458040000,1.09146,1.09158,1.09137,1.09156,127.83999633789062
1704458100000,1.09157,1.09173,1.09156,1.09168,193.58999633789062
1704458160000,1.09168,1.09172,1.09163,1.09171,124.9000015258789
1704458220000,1.09171,1.09171,1.09162,1.09166,121.16999816894531
1704458280000,1.09166,1.09169,1.09166,1.09167,102.1500015258789
1704458340000,1.09168,1.09172,1.09163,1.09167,125.94999694824219
1704458400000,1.09168,1.09194,1.09168,1.09192,165
1704458460000,1.0919,1.09198,1.09186,1.09187,171.27000427246094
1704458520000,1.09189,1.09193,1.09187,1.09189,85.16999816894531
1704458580000,1.09189,1.0919,1.09167,1.09167,133.33999633789062
1704458640000,1.0917,1.09188,1.0917,1.09185,176.8000030517578
1704458700000,1.09184,1.09196,1.09182,1.09195,105.77999877929688
1704458760000,1.09196,1.09202,1.09186,1.09188,116.19000244140625
1704458820000,1.0919,1.09193,1.09185,1.09186,72.62999725341797
1704458880000,1.09185,1.09186,1.09177,1.09185,147.80999755859375
1704458940000,1.09185,1.09187,1.09168,1.09168,175.0800018310547
1704459000000,1.09168,1.0918,1.09168,1.09178,109.3499984741211
1704459060000,1.09178,1.09178,1.09159,1.09159,126.58000183105469
1704459120000,1.09158,1.09169,1.09157,1.09168,82.29000091552734
1704459180000,1.09167,1.09167,1.09142,1.0916,280.29998779296875
1704459240000,1.09158,1.09171,1.09156,1.09167,195.80999755859375
1704459300000,1.09166,1.09171,1.09151,1.09151,172.0500030517578
1704459360000,1.09153,1.09172,1.09145,1.09171,163.25999450683594
1704459420000,1.09171,1.09202,1.0917,1.09202,164.25999450683594
1704459480000,1.09202,1.09208,1.09177,1.0918,147.19000244140625
1704459540000,1.09181,1.09181,1.09172,1.09176,169.11000061035156
1704459600000,1.09177,1.09194,1.09177,1.0918,268.8900146484375
1704459660000,1.0918,1.09192,1.09169,1.09192,293.07000732421875
1704459720000,1.09195,1.09198,1.09165,1.09166,417.8999938964844
1704459780000,1.09167,1.09175,1.09159,1.09171,232.6699981689453
1704459840000,1.0917,1.09185,1.09162,1.09184,367.260009765625
1704459900000,1.09186,1.09203,1.09185,1.09193,366.17999267578125
1704459960000,1.09194,1.09218,1.09194,1.09209,265.1700134277344
1704460020000,1.09208,1.09208,1.09191,1.09195,262.2200012207031
1704460080000,1.09195,1.09195,1.09174,1.09187,720.3900146484375
1704460140000,1.0919,1.0921,1.0919,1.0921,289.760009765625
1704460200000,1.0921,1.09212,1.09195,1.09198,352.7300109863281
1704460260000,1.09199,1.09203,1.09187,1.092,289.4200134277344
1704460320000,1.092,1.09209,1.09186,1.09186,244.5800018310547
1704460380000,1.09189,1.09197,1.09175,1.09197,193.8000030517578
1704460440000,1.09201,1.09218,1.09196,1.09218,194.32000732421875
1704460500000,1.09221,1.09223,1.09205,1.09207,335.8699951171875
1704460560000,1.09207,1.09213,1.09191,1.09209,213.66000366210938
1704460620000,1.09208,1.0922,1.09208,1.09217,273.42999267578125
1704460680000,1.09218,1.09238,1.09216,1.09237,178.47000122070312
1704460740000,1.09238,1.09238,1.0922,1.09222,233.2100067138672
1704460800000,1.0922,1.09247,1.09216,1.09239,214.41000366210938
1704460860000,1.0924,1.09247,1.09237,1.09242,263.010009765625
1704460920000,1.09242,1.09261,1.09229,1.09257,305.45001220703125
1704460980000,1.09257,1.09264,1.09247,1.09264,279.7300109863281
1704461040000,1.09265,1.09278,1.09224,1.09233,331.6300048828125
1704461100000,1.09233,1.09238,1.09192,1.09213,495.70001220703125
1704461160000,1.09213,1.09233,1.09213,1.09229,233.32000732421875
1704461220000,1.09229,1.09245,1.09222,1.09229,430.45001220703125
1704461280000,1.09228,1.09228,1.09207,1.09228,360.2699890136719
1704461340000,1.09225,1.09225,1.09195,1.09195,876.3400268554688
1704461400000,1.09194,1.09194,1.08775,1.08815,2089.60009765625
1704461460000,1.08818,1.08842,1.08767,1.08776,1221.719970703125
1704461520000,1.08776,1.08972,1.08776,1.0892,1148.1400146484375
1704461580000,1.08918,1.08986,1.08891,1.08977,1185.22998046875
1704461640000,1.08981,1.0909,1.08976,1.08976,1610.72998046875
1704461700000,1.08977,1.09036,1.08914,1.08932,1588.81005859375
1704461760000,1.08932,1.09007,1.0893,1.08937,1531.0400390625
1704461820000,1.08938,1.08961,1.08903,1.08921,1575.3199462890625
1704461880000,1.08921,1.08977,1.089,1.0894,1310.719970703125
1704461940000,1.08941,1.09024,1.08941,1.08997,1248.1300048828125
1704462000000,1.08996,1.09036,1.08942,1.08974,1392.1300048828125
1704462060000,1.08973,1.09033,1.08972,1.08999,1498.4200439453125
1704462120000,1.08998,1.09103,1.08994,1.09073,1489.5699462890625
1704462180000,1.09075,1.09178,1.09069,1.09165,1278.239990234375
1704462240000,1.09165,1.09195,1.09135,1.09172,926.6500244140625
1704462300000,1.09172,1.09172,1.0909,1.09098,954.969970703125
1704462360000,1.09099,1.09137,1.09051,1.09086,1234.72998046875
1704462420000,1.09084,1.09103,1.09062,1.0908,1184.02001953125
1704462480000,1.09081,1.09098,1.09052,1.09075,1367.0799560546875
1704462540000,1.09074,1.09147,1.09062,1.09147,1087.7099609375
1704462600000,1.09148,1.09192,1.09146,1.0915,1349.9599609375
1704462660000,1.09148,1.09175,1.09116,1.09141,1201.77001953125
1704462720000,1.09142,1.09219,1.09141,1.09209,1236.780029296875
1704462780000,1.0921,1.09244,1.0917,1.09235,1632.2099609375
1704462840000,1.09235,1.09248,1.09211,1.09246,1115.199951171875
1704462900000,1.09246,1.09251,1.09178,1.09181,959.219970703125
1704462960000,1.09182,1.09196,1.09137,1.09137,711.27001953125
1704463020000,1.09134,1.09185,1.0913,1.09169,1229.52001953125
1704463080000,1.09169,1.09213,1.09162,1.09162,1031.1099853515625
1704463140000,1.09163,1.09212,1.09155,1.0921,727.469970703125
1704463200000,1.09212,1.09285,1.09212,1.09271,858.4299926757812
1704463260000,1.09272,1.09286,1.09245,1.09245,815.4400024414062
1704463320000,1.09244,1.0927,1.09229,1.0926,1142.72998046875
1704463380000,1.09257,1.09288,1.09252,1.09271,1189.4300537109375
1704463440000,1.09272,1.09331,1.09263,1.09324,1383.77001953125
1704463500000,1.09324,1.09392,1.09321,1.09385,1376.4300537109375
1704463560000,1.09384,1.09385,1.09357,1.09374,1184
1704463620000,1.09373,1.09379,1.09319,1.09323,1442.52001953125
1704463680000,1.09322,1.09341,1.09313,1.09313,1026.9100341796875
1704463740000,1.09311,1.09327,1.09282,1.09285,1068.6800537109375
1704463800000,1.09285,1.09326,1.09278,1.09322,1071.8699951171875
1704463860000,1.09321,1.09326,1.09294,1.0932,1052.760009765625
1704463920000,1.09323,1.09337,1.09279,1.09288,1109.8199462890625
1704463980000,1.09289,1.09314,1.09274,1.09275,1353.81005859375
1704464040000,1.09275,1.09278,1.09249,1.09258,1007.8300170898438
1704464100000,1.09259,1.09297,1.09249,1.09293,1044.6199951171875
1704464160000,1.09294,1.09374,1.0929,1.09369,1290.739990234375
1704464220000,1.09369,1.09439,1.09364,1.09439,990.7899780273438
1704464280000,1.09439,1.09444,1.09379,1.0938,1078.739990234375
1704464340000,1.09382,1.09393,1.09363,1.09376,1286.0400390625
1704464400000,1.09378,1.09402,1.09366,1.09384,1154.4599609375
1704464460000,1.09383,1.09433,1.09381,1.09397,1114.27001953125
1704464520000,1.09398,1.094,1.09379,1.09379,733.9299926757812
1704464580000,1.09378,1.0942,1.09378,1.09408,703.1400146484375
1704464640000,1.09409,1.09414,1.09378,1.09378,890.3699951171875
1704464700000,1.09378,1.09384,1.09359,1.09373,910.9299926757812
1704464760000,1.09373,1.09426,1.09373,1.09422,1093.239990234375
1704464820000,1.09421,1.09473,1.09417,1.09472,1144.8699951171875
1704464880000,1.09473,1.09478,1.09465,1.09476,730.5900268554688
1704464940000,1.09476,1.09485,1.09453,1.09456,730.75
1704465000000,1.09455,1.09496,1.09452,1.09493,1095.5799560546875
1704465060000,1.09493,1.09498,1.09448,1.09448,1002.6099853515625
1704465120000,1.09449,1.09483,1.09445,1.09463,1177.4300537109375
1704465180000,1.09464,1.09494,1.09462,1.09464,856.9400024414062
1704465240000,1.09464,1.09496,1.09461,1.09467,953.97998046875
1704465300000,1.09471,1.09471,1.09441,1.09445,1083.9599609375
1704465360000,1.09444,1.09468,1.09422,1.09459,1140.6300048828125
1704465420000,1.09459,1.09472,1.09436,1.09456,814.6300048828125
1704465480000,1.09457,1.09467,1.09438,1.09438,648.8499755859375
1704465540000,1.09438,1.09453,1.09399,1.09401,819.6599731445312
1704465600000,1.094,1.09404,1.09361,1.09372,851.5499877929688
1704465660000,1.09375,1.09406,1.09373,1.09387,848.8900146484375
1704465720000,1.09388,1.09403,1.09371,1.09403,721.75
1704465780000,1.09405,1.09447,1.09405,1.09422,545.6500244140625
1704465840000,1.09423,1.09434,1.094,1.09405,517.6500244140625
1704465900000,1.09404,1.09488,1.09402,1.09468,509.1600036621094
1704465960000,1.09468,1.0948,1.09444,1.09478,798.8200073242188
1704466020000,1.09477,1.09502,1.09473,1.09499,862.780029296875
1704466080000,1.09498,1.09498,1.09472,1.09478,787.6500244140625
1704466140000,1.09476,1.09511,1.09465,1.09493,630.3699951171875
1704466200000,1.09492,1.09525,1.09487,1.09517,601.02001953125
1704466260000,1.09517,1.09539,1.09508,1.09539,469.9100036621094
1704466320000,1.09539,1.09548,1.09515,1.09518,483.3599853515625
1704466380000,1.09519,1.09537,1.09515,1.09527,319.20001220703125
1704466440000,1.09527,1.09531,1.095,1.09502,638.5399780273438
1704466500000,1.09503,1.09522,1.09481,1.09488,656.4199829101562
1704466560000,1.09491,1.09504,1.09482,1.09498,468.1300048828125
1704466620000,1.09498,1.09499,1.09475,1.09478,545.1099853515625
1704466680000,1.09479,1.09479,1.09465,1.09476,281.5
1704466740000,1.09475,1.09502,1.09474,1.0949,649.1400146484375
1704466800000,1.09492,1.09763,1.0949,1.09729,1765.1600341796875
1704466860000,1.09731,1.09884,1.09731,1.09822,1853.8299560546875
1704466920000,1.09823,1.09891,1.09817,1.09888,1699.280029296875
1704466980000,1.0989,1.09897,1.09828,1.09862,1722.8199462890625
1704467040000,1.09866,1.09897,1.09819,1.09876,1517.5
1704467100000,1.09876,1.09892,1.09849,1.09874,1235.6099853515625
1704467160000,1.09877,1.09921,1.09859,1.09861,1465.949951171875
1704467220000,1.09861,1.09887,1.09848,1.09872,1279.6300048828125
1704467280000,1.09874,1.099,1.09839,1.09841,1309.7900390625
1704467340000,1.09842,1.09922,1.09828,1.0992,1497.5799560546875
1704467400000,1.09919,1.09962,1.09908,1.09951,1406.1600341796875
1704467460000,1.09954,1.09984,1.09941,1.09948,864.4000244140625
1704467520000,1.09945,1.09968,1.09927,1.09933,1131.699951171875
1704467580000,1.09934,1.09941,1.09875,1.09876,1244.4100341796875
1704467640000,1.09877,1.09903,1.09851,1.09853,1165.3499755859375
1704467700000,1.09852,1.0986,1.09746,1.0975,1560.489990234375
1704467760000,1.09749,1.09756,1.0972,1.09756,1308.5
1704467820000,1.09758,1.09776,1.09722,1.09736,1223.280029296875
1704467880000,1.09736,1.09767,1.0972,1.09738,909.0499877929688
1704467940000,1.09738,1.09805,1.09738,1.09787,1093.5699462890625
1704468000000,1.09786,1.09818,1.0975,1.09757,1160.75
1704468060000,1.09758,1.09839,1.09756,1.09795,1263.8800048828125
1704468120000,1.09796,1.09843,1.09795,1.09832,986.6199951171875
1704468180000,1.09832,1.09879,1.09826,1.09851,1115.8900146484375
1704468240000,1.09852,1.09896,1.0985,1.09883,1118.010009765625
1704468300000,1.09886,1.09907,1.09875,1.09902,680.8599853515625
1704468360000,1.09904,1.09919,1.09855,1.09866,832.1799926757812
1704468420000,1.09866,1.0987,1.09819,1.09827,1209.7099609375
1704468480000,1.09835,1.09866,1.09827,1.09843,1094.1700439453125
1704468540000,1.09844,1.09851,1.09801,1.09811,1110.0400390625
1704468600000,1.09812,1.09831,1.09762,1.09788,1053.6300048828125
1704468660000,1.09787,1.09842,1.09787,1.09817,672.1500244140625
1704468720000,1.09819,1.09862,1.09807,1.09848,740.0499877929688
1704468780000,1.09848,1.09852,1.09839,1.09847,440.2200012207031
1704468840000,1.09847,1.09892,1.09831,1.09876,812.4600219726562
1704468900000,1.09878,1.09883,1.09848,1.0986,659.6799926757812
1704468960000,1.0986,1.09881,1.09848,1.09852,571.2999877929688
1704469020000,1.09852,1.09866,1.09831,1.09832,612.0700073242188
1704469080000,1.09837,1.09899,1.09837,1.09895,648.6300048828125
1704469140000,1.09895,1.09923,1.09879,1.09879,654.3900146484375
1704469200000,1.09879,1.09896,1.09858,1.09893,734.510009765625
1704469260000,1.09894,1.09896,1.09871,1.09892,674.3800048828125
1704469320000,1.09892,1.09937,1.09873,1.09929,740.030029296875
1704469380000,1.09932,1.09932,1.09898,1.09908,587.6599731445312
1704469440000,1.09908,1.09919,1.09894,1.09894,392.6499938964844
1704469500000,1.09891,1.09927,1.09877,1.09923,576.5
1704469560000,1.09922,1.09926,1.09862,1.09868,878.3900146484375
1704469620000,1.09872,1.09876,1.09821,1.09831,959.1500244140625
1704469680000,1.09832,1.09833,1.09819,1.0982,423.70001220703125
1704469740000,1.09819,1.09839,1.09807,1.09816,656.9299926757812
1704469800000,1.09815,1.09817,1.09773,1.09777,615.219970703125
1704469860000,1.0978,1.09788,1.09757,1.09781,705.27001953125
1704469920000,1.09782,1.09827,1.09778,1.09824,585.1799926757812
1704469980000,1.09824,1.09833,1.09798,1.09807,496.2300109863281
1704470040000,1.09807,1.09823,1.09804,1.09808,623.3499755859375
1704470100000,1.09807,1.09812,1.09786,1.09786,535.22998046875
1704470160000,1.09784,1.09796,1.0977,1.09793,560.4000244140625
1704470220000,1.09792,1.09794,1.0977,1.09779,571.0999755859375
1704470280000,1.0978,1.09786,1.0977,1.09781,346.29998779296875
1704470340000,1.0978,1.09797,1.09777,1.09781,637.489990234375
1704470400000,1.09782,1.09796,1.09775,1.09776,496.1400146484375
1704470460000,1.09776,1.09776,1.09758,1.09773,596.6199951171875
1704470520000,1.09773,1.098,1.09767,1.09792,459.5799865722656
1704470580000,1.09793,1.09793,1.09743,1.09758,671.1699829101562
1704470640000,1.09758,1.09762,1.09693,1.09693,433.57000732421875
1704470700000,1.09694,1.09746,1.09694,1.09725,738.1099853515625
1704470760000,1.09725,1.09743,1.0971,1.09713,492.6300048828125
1704470820000,1.09715,1.0972,1.09684,1.09713,739.3900146484375
1704470880000,1.09714,1.09723,1.09691,1.09709,389.0199890136719
1704470940000,1.09709,1.09745,1.097,1.09737,388.0199890136719
1704471000000,1.09736,1.09737,1.09712,1.09724,540.6599731445312
1704471060000,1.09726,1.09784,1.09726,1.09773,400.75
1704471120000,1.09773,1.09794,1.09773,1.09787,480.8800048828125
1704471180000,1.09787,1.09793,1.09766,1.09768,275.0199890136719
1704471240000,1.09769,1.09782,1.09749,1.0976,580.02001953125
1704471300000,1.09758,1.0978,1.09756,1.09771,595.530029296875
1704471360000,1.09773,1.09805,1.09767,1.09774,205.94000244140625
1704471420000,1.09774,1.09782,1.09731,1.09734,433.7699890136719
1704471480000,1.09734,1.09741,1.0971,1.09718,682.2100219726562
1704471540000,1.09719,1.09723,1.09697,1.09699,627.5
1704471600000,1.097,1.097,1.0964,1.09668,840.02001953125
1704471660000,1.09672,1.09685,1.09663,1.09671,865.6300048828125
1704471720000,1.0967,1.09687,1.09663,1.09671,879.3900146484375
1704471780000,1.09672,1.09691,1.09649,1.09649,508.19000244140625
1704471840000,1.09648,1.09666,1.09644,1.09656,591
1704471900000,1.09658,1.09664,1.0964,1.09643,578.5999755859375
1704471960000,1.09645,1.09669,1.0964,1.09651,385.0299987792969
1704472020000,1.0965,1.0965,1.09631,1.09643,507.2099914550781
1704472080000,1.09644,1.09645,1.09631,1.09634,427.510009765625
1704472140000,1.09637,1.09647,1.09624,1.0963,221.36000061035156
1704472200000,1.0963,1.09661,1.0963,1.09657,763.4199829101562
1704472260000,1.09656,1.09656,1.09642,1.09645,555.989990234375
1704472320000,1.09645,1.09655,1.09641,1.09649,405.7300109863281
1704472380000,1.09648,1.09655,1.09641,1.0965,316.2099914550781
1704472440000,1.09651,1.09661,1.09643,1.0966,227.92999267578125
1704472500000,1.09662,1.09668,1.0965,1.09662,401.0400085449219
1704472560000,1.09663,1.09668,1.09648,1.09654,309.05999755859375
1704472620000,1.09655,1.09655,1.09636,1.09639,360.010009765625
1704472680000,1.09639,1.09668,1.09639,1.09668,305.2799987792969
1704472740000,1.09668,1.09674,1.09647,1.09674,268.55999755859375
1704472800000,1.09674,1.09691,1.09667,1.09678,253.35000610351562
1704472860000,1.09678,1.09694,1.09671,1.09675,298.0799865722656
1704472920000,1.09675,1.09701,1.09674,1.09701,285.9599914550781
1704472980000,1.09701,1.09701,1.09659,1.09665,263.5899963378906
1704473040000,1.09665,1.09692,1.09665,1.09684,211.60000610351562
1704473100000,1.09685,1.09697,1.09678,1.09681,153.7100067138672
1704473160000,1.09681,1.09685,1.09653,1.09655,231.3000030517578
1704473220000,1.09657,1.09659,1.09602,1.09604,232.05999755859375
1704473280000,1.09605,1.09608,1.09581,1.09584,612.1400146484375
1704473340000,1.09584,1.09605,1.09583,1.09605,308.4599914550781
1704473400000,1.09605,1.09611,1.09594,1.09597,474.80999755859375
1704473460000,1.09598,1.09609,1.09583,1.09609,323.1600036621094
1704473520000,1.09611,1.09624,1.09596,1.0961,166.0800018310547
1704473580000,1.09612,1.09613,1.09602,1.09611,157.3699951171875
1704473640000,1.09612,1.09621,1.09601,1.09609,251.91000366210938
1704473700000,1.09609,1.09609,1.09571,1.09574,378.3299865722656
1704473760000,1.09572,1.09577,1.09562,1.09563,276.2200012207031
1704473820000,1.09564,1.09569,1.09532,1.09535,488.7099914550781
1704473880000,1.09534,1.0955,1.0953,1.09537,556.0900268554688
1704473940000,1.09536,1.09559,1.09536,1.09559,676.6500244140625
1704474000000,1.09558,1.09561,1.09523,1.09535,458.1600036621094
1704474060000,1.09534,1.0955,1.09527,1.0953,564.4400024414062
1704474120000,1.0953,1.09543,1.0952,1.09526,505.2099914550781
1704474180000,1.09523,1.09546,1.09519,1.09544,450.489990234375
1704474240000,1.09542,1.09544,1.09528,1.0953,258.82000732421875
1704474300000,1.09531,1.09539,1.09524,1.09532,297.0299987792969
1704474360000,1.09532,1.09537,1.09506,1.0951,222.9199981689453
1704474420000,1.0951,1.09515,1.09502,1.09515,244.1699981689453
1704474480000,1.09515,1.09516,1.09486,1.09486,301.739990234375
1704474540000,1.09486,1.09489,1.09454,1.09461,538.8400268554688
1704474600000,1.0946,1.09475,1.09441,1.09464,512.6900024414062
1704474660000,1.09463,1.09481,1.09452,1.09479,254.4600067138672
1704474720000,1.0948,1.09498,1.09477,1.09483,343.32000732421875
1704474780000,1.09482,1.09508,1.09477,1.09501,242.75999450683594
1704474840000,1.095,1.09513,1.09491,1.09491,232.52999877929688
1704474900000,1.09491,1.09515,1.09486,1.09504,240.99000549316406
1704474960000,1.09504,1.09527,1.09496,1.09514,299.8800048828125
1704475020000,1.09514,1.09518,1.09507,1.09515,190.88999938964844
1704475080000,1.09515,1.09523,1.09506,1.09516,215.67999267578125
1704475140000,1.09517,1.09517,1.0949,1.0949,168.4499969482422
1704475200000,1.09492,1.0951,1.09492,1.09509,191.1300048828125
1704475260000,1.09509,1.09528,1.09498,1.09528,92.62000274658203
1704475320000,1.09528,1.09543,1.09526,1.09542,192.3300018310547
1704475380000,1.09542,1.09542,1.09532,1.09532,191.6999969482422
1704475440000,1.09532,1.09536,1.09506,1.09509,308.04998779296875
1704475500000,1.09507,1.09518,1.09503,1.09504,214.7899932861328
1704475560000,1.09503,1.09503,1.09477,1.09483,224.6699981689453
1704475620000,1.09487,1.09493,1.09479,1.09479,171.6300048828125
1704475680000,1.09479,1.09487,1.09462,1.09468,340.9100036621094
1704475740000,1.09468,1.09473,1.09452,1.09454,181.4499969482422
1704475800000,1.09453,1.09472,1.09444,1.09459,302.8500061035156
1704475860000,1.09457,1.09492,1.09453,1.09488,271.3500061035156
1704475920000,1.09488,1.09488,1.09461,1.09468,250.41000366210938
1704475980000,1.09466,1.09466,1.09442,1.09445,270.5400085449219
1704476040000,1.09443,1.09443,1.0943,1.09433,242.52999877929688
1704476100000,1.09434,1.09467,1.09433,1.09455,348.69000244140625
1704476160000,1.09454,1.09487,1.09452,1.09483,327.489990234375
1704476220000,1.09484,1.09487,1.09465,1.09481,363.0199890136719
1704476280000,1.0948,1.09485,1.09467,1.09476,247.83999633789062
1704476340000,1.09476,1.09482,1.09467,1.0948,250.2100067138672
1704476400000,1.0948,1.09492,1.09479,1.09479,184.83999633789062
1704476460000,1.0948,1.09505,1.09472,1.09502,278.7200012207031
1704476520000,1.09502,1.09502,1.09483,1.09492,291.92999267578125
1704476580000,1.09494,1.09512,1.09492,1.09512,196.57000732421875
1704476640000,1.09512,1.09512,1.09501,1.09502,211.14999389648438
1704476700000,1.09501,1.09513,1.09501,1.09507,67.11000061035156
1704476760000,1.09507,1.09507,1.09481,1.09485,161.3800048828125
1704476820000,1.09485,1.09487,1.09456,1.09466,227.11000061035156
1704476880000,1.09468,1.0949,1.09468,1.0949,136.44000244140625
1704476940000,1.09488,1.09489,1.09469,1.09474,98
1704477000000,1.09473,1.09481,1.09467,1.09476,190.55999755859375
1704477060000,1.09474,1.09496,1.09473,1.09493,223.49000549316406
1704477120000,1.09492,1.09495,1.09461,1.09461,282.3999938964844
1704477180000,1.09463,1.09497,1.09457,1.09494,288.42999267578125
1704477240000,1.09493,1.09495,1.09483,1.09484,376
1704477300000,1.09485,1.09488,1.09454,1.09456,353.9100036621094
1704477360000,1.09455,1.0949,1.09451,1.09487,211.88999938964844
1704477420000,1.09485,1.09488,1.09471,1.09471,208.13999938964844
1704477480000,1.09471,1.09478,1.0946,1.09463,262.3500061035156
1704477540000,1.09464,1.09467,1.09453,1.09462,394.80999755859375
1704477600000,1.09461,1.09461,1.09434,1.0944,579.8300170898438
1704477660000,1.09439,1.09449,1.09431,1.09432,711.719970703125
1704477720000,1.09433,1.09434,1.09414,1.09416,539.3800048828125
1704477780000,1.09415,1.09415,1.09395,1.09408,457.3800048828125
1704477840000,1.09408,1.09414,1.094,1.094,430.760009765625
1704477900000,1.09401,1.09411,1.09396,1.09406,417.07000732421875
1704477960000,1.09405,1.09407,1.09395,1.09405,254.25999450683594
1704478020000,1.09404,1.09413,1.09393,1.09412,208.91000366210938
1704478080000,1.09413,1.09417,1.09393,1.094,467.2099914550781
1704478140000,1.094,1.09401,1.09385,1.09391,227.82000732421875
1704478200000,1.09391,1.09407,1.09386,1.09387,360.8299865722656
1704478260000,1.09388,1.09395,1.09385,1.09391,402.79998779296875
1704478320000,1.0939,1.09397,1.09389,1.0939,476.9100036621094
1704478380000,1.09391,1.09397,1.09373,1.09389,306.989990234375
1704478440000,1.0939,1.09399,1.09379,1.09399,127.2699966430664
1704478500000,1.094,1.09406,1.09382,1.09382,179.64999389648438
1704478560000,1.09382,1.09382,1.09355,1.09363,254.8800048828125
1704478620000,1.09363,1.09366,1.09356,1.09366,242.25
1704478680000,1.09363,1.09373,1.09356,1.09362,169.27000427246094
1704478740000,1.09361,1.09363,1.09352,1.09358,176.36000061035156
1704478800000,1.09359,1.09377,1.09359,1.09374,309.29998779296875
1704478860000,1.09373,1.09375,1.09366,1.09366,270.8500061035156
1704478920000,1.09367,1.09375,1.09365,1.09371,249.60000610351562
1704478980000,1.0937,1.0938,1.0937,1.09375,180.3800048828125
1704479040000,1.09377,1.094,1.09376,1.09397,170.27000427246094
1704479100000,1.09397,1.09424,1.09395,1.0942,102.05999755859375
1704479160000,1.0942,1.0944,1.09419,1.09435,173.22000122070312
1704479220000,1.09434,1.09441,1.09428,1.09433,261.3900146484375
1704479280000,1.09434,1.09458,1.09427,1.09442,165.77000427246094
1704479340000,1.09439,1.09452,1.09436,1.09452,137.97000122070312
1704479400000,1.09452,1.09479,1.09451,1.09473,263.0400085449219
1704479460000,1.09474,1.0948,1.09457,1.0948,278.54998779296875
1704479520000,1.0948,1.09485,1.09452,1.09462,271.9200134277344
1704479580000,1.09463,1.09464,1.0945,1.09459,136.64999389648438
1704479640000,1.09459,1.09465,1.09451,1.09461,152.9600067138672
1704479700000,1.09463,1.0949,1.09463,1.09473,150.3000030517578
1704479760000,1.09472,1.09491,1.09472,1.09485,329.9700012207031
1704479820000,1.09485,1.09491,1.09475,1.09491,239.3699951171875
1704479880000,1.09492,1.09505,1.09489,1.09503,284.3999938964844
1704479940000,1.09503,1.09537,1.09503,1.0953,241.11000061035156
1704480000000,1.0953,1.09539,1.09516,1.09518,132.6199951171875
1704480060000,1.0952,1.09532,1.09517,1.09517,258.989990234375
1704480120000,1.09518,1.09526,1.09512,1.09515,164.5500030517578
1704480180000,1.09516,1.0952,1.09508,1.0951,82.83000183105469
1704480240000,1.09509,1.0951,1.09499,1.09508,95.8499984741211
1704480300000,1.09509,1.09522,1.09508,1.09511,76.86000061035156
1704480360000,1.09514,1.09535,1.09514,1.09535,87.30999755859375
1704480420000,1.09534,1.09548,1.09534,1.0954,92.0999984741211
1704480480000,1.09538,1.09538,1.09527,1.0953,216.08999633789062
1704480540000,1.0953,1.0953,1.09517,1.09517,123.75
1704480600000,1.09515,1.09517,1.09506,1.09506,63.630001068115234
1704480660000,1.09504,1.0951,1.095,1.09508,149.25
1704480720000,1.09509,1.09516,1.09503,1.09516,126.80999755859375
1704480780000,1.09516,1.09525,1.09515,1.09515,140.0399932861328
1704480840000,1.09514,1.0952,1.09502,1.0952,147.80999755859375
1704480900000,1.09521,1.09537,1.09516,1.09537,81.38999938964844
1704480960000,1.09539,1.09547,1.09536,1.09545,100.7699966430664
1704481020000,1.09546,1.09552,1.09537,1.09551,69.66000366210938
1704481080000,1.09552,1.09562,1.09542,1.09543,80.41000366210938
1704481140000,1.09543,1.09545,1.09532,1.0954,81.8499984741211
1704481200000,1.09542,1.09564,1.09542,1.09563,89.16999816894531
1704481260000,1.09564,1.09567,1.09558,1.09558,120.61000061035156
1704481320000,1.09559,1.09567,1.09547,1.09554,132.42999267578125
1704481380000,1.09554,1.09565,1.0955,1.09561,157.5
1704481440000,1.09559,1.09562,1.09541,1.09544,170.94000244140625
1704481500000,1.09544,1.0956,1.09537,1.0956,193.0500030517578
1704481560000,1.0956,1.09564,1.09556,1.09559,220.14999389648438
1704481620000,1.0956,1.09575,1.09559,1.09566,125.8499984741211
1704481680000,1.09566,1.09576,1.0956,1.09576,123.01000213623047
1704481740000,1.09575,1.09575,1.09568,1.09571,86.48999786376953
1704481800000,1.09572,1.09595,1.09571,1.09595,244.7899932861328
1704481860000,1.09595,1.09597,1.09577,1.09577,231.27000427246094
1704481920000,1.09577,1.0958,1.09567,1.09571,239.7899932861328
1704481980000,1.09571,1.09581,1.09564,1.09565,217.1999969482422
1704482040000,1.09565,1.09571,1.09555,1.09565,184.47000122070312
1704482100000,1.09564,1.09569,1.09552,1.09558,303.4200134277344
1704482160000,1.09558,1.09558,1.09529,1.09536,279.2900085449219
1704482220000,1.09538,1.09554,1.09533,1.09534,336.75
1704482280000,1.09534,1.09534,1.09516,1.09519,311.04998779296875
1704482340000,1.0952,1.09528,1.09515,1.09524,231.1999969482422
1704482400000,1.09524,1.09535,1.09521,1.09526,168.05999755859375
1704482460000,1.09526,1.09532,1.09516,1.09532,153.39999389648438
1704482520000,1.09532,1.09537,1.0953,1.09531,100.30000305175781
1704482580000,1.09532,1.0954,1.09527,1.09535,163.47999572753906
1704482640000,1.09537,1.09538,1.09522,1.09531,160.66000366210938
1704482700000,1.09533,1.09547,1.09531,1.0954,214.77999877929688
1704482760000,1.0954,1.09542,1.09535,1.09541,153.66000366210938
1704482820000,1.09543,1.09546,1.09523,1.09545,269.69000244140625
1704482880000,1.09545,1.09546,1.09538,1.0954,163.41000366210938
1704482940000,1.0954,1.09546,1.09532,1.09536,225.64999389648438
1704483000000,1.09536,1.09561,1.09536,1.09559,202.63999938964844
1704483060000,1.0956,1.09566,1.09552,1.09552,106.11000061035156
1704483120000,1.09551,1.09551,1.09526,1.0953,207.91000366210938
1704483180000,1.09529,1.0954,1.09529,1.09534,220.14999389648438
1704483240000,1.09535,1.09543,1.09534,1.09541,185.27999877929688
1704483300000,1.09543,1.09557,1.0954,1.0955,352.1099853515625
1704483360000,1.09551,1.09551,1.09541,1.09545,56.86000061035156
1704483420000,1.09544,1.09546,1.09524,1.09526,212.49000549316406
1704483480000,1.09526,1.09537,1.0952,1.09526,219.16000366210938
1704483540000,1.09526,1.09526,1.0951,1.0951,151.77999877929688
1704483600000,1.09513,1.09513,1.09487,1.09491,229.13999938964844
1704483660000,1.09492,1.09495,1.09474,1.09481,108.87999725341797
1704483720000,1.09482,1.09499,1.09481,1.09493,116.48999786376953
1704483780000,1.09493,1.09498,1.09487,1.09495,48.33000183105469
1704483840000,1.09494,1.09496,1.09486,1.09491,119.29000091552734
1704483900000,1.09488,1.09488,1.09471,1.09471,115.47000122070312
1704483960000,1.09471,1.09474,1.09462,1.09467,200.16000366210938
1704484020000,1.09467,1.09481,1.09467,1.09475,203.61000061035156
1704484080000,1.09475,1.09479,1.09465,1.09467,163.50999450683594
1704484140000,1.09469,1.09469,1.09462,1.09463,133.94000244140625
1704484200000,1.09463,1.09482,1.09463,1.09481,179.5800018310547
1704484260000,1.09476,1.09478,1.09445,1.09447,299.0400085449219
1704484320000,1.09449,1.09455,1.09431,1.09435,195.6699981689453
1704484380000,1.09436,1.09453,1.09432,1.09446,153.49000549316406
1704484440000,1.09447,1.09459,1.09441,1.09457,178.99000549316406
1704484500000,1.09456,1.09472,1.09456,1.09461,372.5899963378906
1704484560000,1.09463,1.09469,1.09458,1.09465,238.08999633789062
1704484620000,1.09465,1.09472,1.09458,1.09458,263.8999938964844
1704484680000,1.09458,1.09458,1.09443,1.09444,259.1300048828125
1704484740000,1.09444,1.09457,1.09444,1.09452,139.33999633789062
1704484800000,1.09452,1.09452,1.09435,1.09438,209.60000610351562
1704484860000,1.09438,1.09455,1.09435,1.09455,185.60000610351562
1704484920000,1.09457,1.09471,1.09457,1.09463,179.52999877929688
1704484980000,1.09463,1.09463,1.09442,1.09443,114.69000244140625
1704485040000,1.09443,1.09443,1.09425,1.09434,110.80999755859375
1704485100000,1.09433,1.09451,1.09428,1.09447,185.88999938964844
1704485160000,1.09447,1.09457,1.09444,1.0945,113.66999816894531
1704485220000,1.09451,1.09456,1.09441,1.09442,198.63999938964844
1704485280000,1.09441,1.09446,1.09436,1.09438,127.27999877929688
1704485340000,1.09439,1.09446,1.09436,1.09441,218.24000549316406
1704485400000,1.0944,1.09441,1.09423,1.09424,227.5399932861328
1704485460000,1.09424,1.09441,1.09424,1.09441,245.42999267578125
1704485520000,1.0944,1.0944,1.09421,1.0943,201.08999633789062
1704485580000,1.09428,1.09442,1.09425,1.09436,219.0399932861328
1704485640000,1.09434,1.09438,1.09428,1.09432,216.4199981689453
1704485700000,1.09431,1.09432,1.09418,1.0942,180.0399932861328
1704485760000,1.09419,1.09425,1.09415,1.09415,171
1704485820000,1.09414,1.09414,1.094,1.09401,205.8000030517578
1704485880000,1.09402,1.09407,1.094,1.09403,255.4499969482422
1704485940000,1.09402,1.09402,1.09386,1.09387,145.83999633789062
1704486000000,1.09387,1.0941,1.09386,1.09409,140.94000244140625
1704486060000,1.0941,1.09412,1.09403,1.09403,221.1699981689453
1704486120000,1.09403,1.09415,1.09395,1.09395,86.52999877929688
1704486180000,1.09396,1.09419,1.09396,1.0941,93.97000122070312
1704486240000,1.09411,1.09413,1.09403,1.09405,75.95999908447266
1704486300000,1.09404,1.09408,1.09392,1.09392,71.56999969482422
1704486360000,1.09395,1.09404,1.09395,1.094,56.06999969482422
1704486420000,1.09401,1.0941,1.09393,1.09393,108.87999725341797
1704486480000,1.09393,1.09404,1.09392,1.09402,103.94999694824219
1704486540000,1.09403,1.09405,1.09398,1.09402,111.81999969482422
1704486600000,1.094,1.09403,1.0939,1.09394,172.16000366210938
1704486660000,1.09394,1.09399,1.09388,1.09394,118.18000030517578
1704486720000,1.09395,1.09397,1.09381,1.09388,137.00999450683594
1704486780000,1.09388,1.09405,1.09388,1.09402,121.56999969482422
1704486840000,1.09402,1.09411,1.09399,1.094,107.19000244140625
1704486900000,1.094,1.09408,1.09398,1.09408,110.79000091552734
1704486960000,1.09408,1.09408,1.09402,1.09402,83.5199966430664
1704487020000,1.09403,1.09405,1.09395,1.09395,55.369998931884766
1704487080000,1.09396,1.09409,1.09395,1.09402,54.38999938964844
1704487140000,1.09401,1.09401,1.09374,1.09374,61.689998626708984
1704487200000,1.09373,1.09375,1.09357,1.09365,113.58000183105469
1704487260000,1.09367,1.0938,1.09366,1.0938,76.58999633789062
1704487320000,1.09382,1.09388,1.0938,1.09385,46.16999816894531
1704487380000,1.09387,1.0939,1.09386,1.0939,66.1500015258789
1704487440000,1.0939,1.09396,1.09384,1.09396,191.83999633789062
1704487500000,1.09399,1.0941,1.09396,1.09405,383.29998779296875
1704487560000,1.09405,1.09408,1.09388,1.09391,246.39999389648438
1704487620000,1.09391,1.09401,1.0938,1.09386,256.6700134277344
1704487680000,1.09385,1.09388,1.09381,1.09385,84.69999694824219
1704487740000,1.09386,1.094,1.09386,1.09398,149.5800018310547
1704487800000,1.09397,1.09406,1.09391,1.09403,121.05000305175781
1704487860000,1.09401,1.09401,1.09392,1.09398,86.77999877929688
1704487920000,1.09398,1.09405,1.09397,1.09405,57.599998474121094
1704487980000,1.09407,1.09411,1.09403,1.09406,101.45999908447266
1704488040000,1.09406,1.09414,1.09405,1.09411,102.72000122070312
1704488100000,1.09413,1.09417,1.09403,1.09403,68.05999755859375
1704488160000,1.09401,1.09401,1.09394,1.09395,127.2699966430664
1704488220000,1.09393,1.09394,1.09376,1.09382,184.58999633789062
1704488280000,1.09382,1.09387,1.09378,1.09385,251.16000366210938
1704488340000,1.09385,1.09394,1.09384,1.09392,263.70001220703125
1704488400000,1.09393,1.09395,1.09378,1.09378,176.00999450683594
1704488460000,1.09379,1.0938,1.09373,1.09375,42.209999084472656
1704488520000,1.09377,1.09379,1.09371,1.09375,61.11000061035156
1704488580000,1.09373,1.09389,1.09373,1.09389,39.29999923706055
1704488640000,1.0939,1.09394,1.0938,1.09383,57.27000045776367
1704488700000,1.09383,1.09389,1.0938,1.0938,61.869998931884766
1704488760000,1.09378,1.0938,1.09376,1.09378,47.70000076293945
1704488820000,1.09378,1.09378,1.09377,1.09377,38.70000076293945
1704488880000,1.09377,1.09377,1.0937,1.09372,143.82000732421875
1704488940000,1.09371,1.09374,1.0937,1.09374,73.44000244140625
1704489000000,1.09374,1.09375,1.09372,1.09372,43.77000045776367
1704489060000,1.09372,1.09385,1.0937,1.09385,84.51000213623047
1704489120000,1.09383,1.09384,1.09374,1.09376,67.9800033569336
1704489180000,1.09377,1.0938,1.09377,1.09379,38.59000015258789
1704489240000,1.0938,1.0939,1.0938,1.09383,64.31999969482422
1704489300000,1.09382,1.09382,1.09376,1.09379,38.54999923706055
1704489360000,1.09382,1.09387,1.09379,1.09381,125.55000305175781
1704489420000,1.09381,1.09386,1.09381,1.09385,63.209999084472656
1704489480000,1.09385,1.09388,1.09383,1.09387,133.8000030517578
1704489540000,1.09388,1.09389,1.09386,1.09389,62.529998779296875
1704489600000,1.09389,1.09393,1.09388,1.09388,46.189998626708984
1704489660000,1.09388,1.0939,1.09388,1.09388,27.1200008392334
1704489720000,1.09388,1.09399,1.09388,1.09395,88.94000244140625
1704489780000,1.09394,1.09398,1.09394,1.09397,127.55999755859375
1704489840000,1.09397,1.09398,1.09394,1.09395,107.62000274658203
1704489900000,1.09395,1.09396,1.09394,1.09394,134.63999938964844
1704489960000,1.09394,1.09396,1.09394,1.09395,80.37000274658203
1704490020000,1.09395,1.09395,1.09393,1.09395,49.22999954223633
1704490080000,1.09395,1.09395,1.09392,1.09394,115.55999755859375
1704490140000,1.09394,1.09397,1.09386,1.09386,172.89999389648438
1704490200000,1.09388,1.0939,1.09387,1.09388,194.75999450683594
1704490260000,1.09388,1.09388,1.09386,1.09387,136.8000030517578
1704490320000,1.09387,1.0939,1.09387,1.0939,46.439998626708984
1704490380000,1.09391,1.09394,1.09387,1.09387,114.83999633789062
1704490440000,1.09388,1.0939,1.09388,1.0939,62.099998474121094
1704490500000,1.0939,1.09392,1.09389,1.09392,97.19999694824219
1704490560000,1.09392,1.09394,1.09392,1.09392,116.0999984741211
1704490620000,1.09393,1.09393,1.09386,1.09387,101.48999786376953
1704490680000,1.09387,1.09389,1.09387,1.09388,108
1704490740000,1.09388,1.09392,1.09386,1.0939,162.69000244140625
1704490800000,1.09391,1.09392,1.0939,1.09391,63.900001525878906
1704490860000,1.09392,1.09392,1.09389,1.09391,41.150001525878906
1704490920000,1.0939,1.09392,1.0939,1.09391,56.70000076293945
1704490980000,1.09391,1.09392,1.0939,1.0939,50.400001525878906
1704491040000,1.0939,1.09392,1.0939,1.09391,99
1704491100000,1.09391,1.09397,1.0939,1.09396,121.58999633789062
1704491160000,1.09395,1.09401,1.09395,1.09397,126.9000015258789
1704491220000,1.09396,1.09397,1.09394,1.09395,108.36000061035156
1704491280000,1.09397,1.09397,1.09396,1.09397,95.76000213623047
1704491340000,1.09397,1.09402,1.09396,1.094,77.8499984741211
1704491400000,1.09401,1.09402,1.094,1.09401,93.95999908447266
1704491460000,1.09402,1.09411,1.094,1.09411,154.75999450683594
1704491520000,1.0941,1.09413,1.0941,1.09412,50.400001525878906
1704491580000,1.09413,1.09414,1.0941,1.09413,97.68000030517578
1704491640000,1.09413,1.09414,1.09403,1.09407,113.30999755859375
1704491700000,1.09409,1.09409,1.09406,1.09409,108
1704491760000,1.09409,1.09413,1.09407,1.09413,117
1704491820000,1.09414,1.0942,1.09401,1.09402,175.58999633789062
1704491880000,1.09408,1.09413,1.09399,1.09407,108
1704491940000,1.09407,1.09408,1.09392,1.09392,101.69999694824219
